,date,shortwave_radiation,direct_radiation,diffuse_radiation,direct_normal_irradiance,global_tilted_irradiance,terrestrial_radiation,cloud_cover,relative_humidity_2m,temperature_2m,wind_speed_10m,surface_pressure
0,12/31/2023 0:00,0,0,0,0.0,0,0.0,100,96,0.6,14.8,976.7
1,12/31/2023 1:00,0,0,0,0.0,0,0.0,100,97,0.2,14.3,976.8
2,12/31/2023 2:00,0,0,0,0.0,0,0.0,100,96,0.3,14.3,976.7
3,12/31/2023 3:00,0,0,0,0.0,0,0.0,100,97,0.2,13.8,976.5
4,12/31/2023 4:00,0,0,0,0.0,0,0.0,100,98,0.1,14.1,976.3
5,12/31/2023 5:00,0,0,0,0.0,0,0.0,100,99,0.0,15.3,976.3
6,12/31/2023 6:00,11,0,11,0.0,11,83.1,100,95,-0.2,17.4,976.1
7,12/31/2023 7:00,38,0,38,0.0,38,205.5,100,96,-0.1,14.9,975.4
8,12/31/2023 8:00,41,0,41,0.0,41,283.4,100,97,-0.1,21.3,974.1
9,12/31/2023 9:00,38,0,38,0.0,38,311.4,100,97,-0.1,21.7,972.8
10,12/31/2023 10:00,34,0,34,0.0,34,287.5,100,97,-0.2,20.3,971.2
11,12/31/2023 11:00,22,0,22,0.0,22,213.5,100,97,-0.3,21.7,969.7
12,12/31/2023 12:00,7,0,7,0.0,7,94.3,100,95,0.4,25.7,968.5
13,12/31/2023 13:00,0,0,0,0.0,0,0.7,100,96,0.4,26.1,967.6
14,12/31/2023 14:00,0,0,0,0.0,0,0.0,100,95,0.4,26.7,966.7
15,12/31/2023 15:00,0,0,0,0.0,0,0.0,100,97,0.3,24.5,966.1
16,12/31/2023 16:00,0,0,0,0.0,0,0.0,100,95,0.5,26.9,965.4
17,12/31/2023 17:00,0,0,0,0.0,0,0.0,100,93,0.5,28.6,964.9
18,12/31/2023 18:00,0,0,0,0.0,0,0.0,100,94,0.4,28.7,964.9
19,12/31/2023 19:00,0,0,0,0.0,0,0.0,100,93,0.3,27.8,965.1
20,12/31/2023 20:00,0,0,0,0.0,0,0.0,100,93,0.2,25.8,965.3
21,12/31/2023 21:00,0,0,0,0.0,0,0.0,100,94,0.2,24.1,965.5
22,12/31/2023 22:00,0,0,0,0.0,0,0.0,100,93,0.2,26.3,965.6
23,12/31/2023 23:00,0,0,0,0.0,0,0.0,100,90,-0.2,29.3,966.1
24,1/1/2024 0:00,0,0,0,0.0,0,0.0,100,90,-1.4,26.6,966.9
25,1/1/2024 1:00,0,0,0,0.0,0,0.0,100,91,-1.4,24.9,966.6
26,1/1/2024 2:00,0,0,0,0.0,0,0.0,100,91,-2.3,22.5,967.3
27,1/1/2024 3:00,0,0,0,0.0,0,0.0,100,92,-3.2,19.1,968.0
28,1/1/2024 4:00,0,0,0,0.0,0,0.0,100,91,-4.2,18.9,968.6
29,1/1/2024 5:00,0,0,0,0.0,0,0.0,100,93,-5.3,17.2,969.3
30,1/1/2024 6:00,22,1,21,11.1,22,83.6,100,91,-6.3,17.7,969.8
31,1/1/2024 7:00,37,0,37,0.0,37,206.5,100,90,-6.6,13.7,970.0
32,1/1/2024 8:00,56,0,56,0.0,56,284.8,100,88,-6.8,11.9,970.1
33,1/1/2024 9:00,123,5,118,22.6,123,313.2,100,85,-7.2,12.7,970.2
34,1/1/2024 10:00,93,4,89,19.5,93,289.8,100,83,-7.8,15.0,970.7
35,1/1/2024 11:00,53,1,52,6.5,53,216.1,100,82,-9.2,18.4,971.5
36,1/1/2024 12:00,28,1,27,10.6,28,97.2,100,82,-10.9,19.0,972.8
37,1/1/2024 13:00,0,0,0,0.0,0,2.2,100,82,-10.9,17.7,973.3
38,1/1/2024 14:00,0,0,0,0.0,0,0.0,100,81,-11.6,19.2,974.6
39,1/1/2024 15:00,0,0,0,0.0,0,0.0,100,79,-13.2,19.5,975.8
40,1/1/2024 16:00,0,0,0,0.0,0,0.0,100,78,-15.3,20.3,977.4
41,1/1/2024 17:00,0,0,0,0.0,0,0.0,100,78,-17.2,19.1,978.8
42,1/1/2024 18:00,0,0,0,0.0,0,0.0,100,79,-18.9,17.9,980.0
43,1/1/2024 19:00,0,0,0,0.0,0,0.0,100,78,-20.3,16.5,980.9
44,1/1/2024 20:00,0,0,0,0.0,0,0.0,100,76,-21.7,14.4,982.0
45,1/1/2024 21:00,0,0,0,0.0,0,0.0,96,76,-22.9,12.2,982.8
46,1/1/2024 22:00,0,0,0,0.0,0,0.0,71,76,-23.9,10.1,983.8
47,1/1/2024 23:00,0,0,0,0.0,0,0.0,21,76,-24.8,9.1,984.4
48,1/2/2024 0:00,0,0,0,0.0,0,0.0,21,77,-25.5,8.7,985.9
49,1/2/2024 1:00,0,0,0,0.0,0,0.0,19,77,-26.0,6.4,985.8
50,1/2/2024 2:00,0,0,0,0.0,0,0.0,5,77,-26.9,6.6,986.4
51,1/2/2024 3:00,0,0,0,0.0,0,0.0,34,79,-28.5,8.4,985.9
52,1/2/2024 4:00,0,0,0,0.0,0,0.0,100,81,-26.6,6.5,986.7
53,1/2/2024 5:00,0,0,0,0.0,0,0.0,100,79,-26.5,3.0,987.2
54,1/2/2024 6:00,25,1,24,11.0,25,84.4,100,77,-25.1,6.3,987.8
55,1/2/2024 7:00,77,8,69,54.5,77,207.7,95,76,-24.2,5.1,988.4
56,1/2/2024 8:00,141,48,93,237.1,141,286.4,98,74,-22.8,5.5,988.6
57,1/2/2024 9:00,166,61,105,273.7,166,315.3,100,73,-22.0,6.2,988.4
58,1/2/2024 10:00,117,10,107,48.4,117,292.3,100,74,-21.0,6.5,988.3
59,1/2/2024 11:00,74,2,72,12.9,74,218.9,100,74,-20.2,7.1,988.0
60,1/2/2024 12:00,24,0,24,0.0,24,100.3,100,76,-19.9,7.4,987.9
61,1/2/2024 13:00,0,0,0,0.0,0,3.8,100,77,-19.8,8.3,987.8
62,1/2/2024 14:00,0,0,0,0.0,0,0.0,100,79,-19.2,9.8,987.2
63,1/2/2024 15:00,0,0,0,0.0,0,0.0,100,80,-18.6,12.7,986.5
64,1/2/2024 16:00,0,0,0,0.0,0,0.0,100,81,-17.5,16.1,985.5
65,1/2/2024 17:00,0,0,0,0.0,0,0.0,100,81,-16.2,16.4,984.9
66,1/2/2024 18:00,0,0,0,0.0,0,0.0,100,81,-15.1,17.4,983.9
67,1/2/2024 19:00,0,0,0,0.0,0,0.0,100,83,-14.4,19.0,982.5
68,1/2/2024 20:00,0,0,0,0.0,0,0.0,100,83,-13.5,19.7,981.1
69,1/2/2024 21:00,0,0,0,0.0,0,0.0,100,84,-12.7,20.7,979.8
70,1/2/2024 22:00,0,0,0,0.0,0,0.0,100,84,-12.1,20.5,978.7
71,1/2/2024 23:00,0,0,0,0.0,0,0.0,100,84,-11.3,20.2,977.5
72,1/3/2024 0:00,0,0,0,0.0,0,0.0,100,86,-10.6,19.6,976.7
73,1/3/2024 1:00,0,0,0,0.0,0,0.0,100,86,-10.3,17.2,975.9
74,1/3/2024 2:00,0,0,0,0.0,0,0.0,100,87,-9.6,16.6,975.2
75,1/3/2024 3:00,0,0,0,0.0,0,0.0,100,89,-9.1,15.8,974.9
76,1/3/2024 4:00,0,0,0,0.0,0,0.0,100,89,-8.4,15.7,974.6
77,1/3/2024 5:00,0,0,0,0.0,0,0.0,100,89,-7.7,13.6,974.6
78,1/3/2024 6:00,8,0,8,0.0,8,85.3,100,88,-6.6,11.4,974.5
79,1/3/2024 7:00,23,0,23,0.0,23,209.0,100,88,-5.8,11.0,974.2
80,1/3/2024 8:00,38,0,38,0.0,38,288.2,100,92,-4.6,12.9,973.7
81,1/3/2024 9:00,49,0,49,0.0,49,317.5,100,92,-3.1,9.8,973.5
82,1/3/2024 10:00,33,0,33,0.0,33,294.9,100,95,-2.1,9.4,973.0
83,1/3/2024 11:00,27,0,27,0.0,27,221.9,100,96,-1.4,10.1,972.2
84,1/3/2024 12:00,12,0,12,0.0,12,103.5,100,99,-0.8,10.2,971.6
85,1/3/2024 13:00,0,0,0,0.0,0,5.5,100,97,-0.5,11.0,971.6
86,1/3/2024 14:00,0,0,0,0.0,0,0.0,100,96,-0.3,10.2,971.1
87,1/3/2024 15:00,0,0,0,0.0,0,0.0,100,97,-0.2,11.2,969.9
88,1/3/2024 16:00,0,0,0,0.0,0,0.0,100,97,-0.2,13.1,969.3
89,1/3/2024 17:00,0,0,0,0.0,0,0.0,100,97,-0.1,15.3,968.9
90,1/3/2024 18:00,0,0,0,0.0,0,0.0,100,96,-0.1,16.4,968.0
91,1/3/2024 19:00,0,0,0,0.0,0,0.0,100,94,-0.2,16.4,967.5
92,1/3/2024 20:00,0,0,0,0.0,0,0.0,100,95,-0.4,15.2,966.9
93,1/3/2024 21:00,0,0,0,0.0,0,0.0,100,96,-0.7,14.3,966.4
94,1/3/2024 22:00,0,0,0,0.0,0,0.0,100,97,-1.0,13.2,966.3
95,1/3/2024 23:00,0,0,0,0.0,0,0.0,100,93,-5.5,17.7,966.7
96,1/4/2024 0:00,0,0,0,0.0,0,0.0,100,90,-8.1,15.9,967.5
97,1/4/2024 1:00,0,0,0,0.0,0,0.0,100,87,-11.2,14.4,967.9
98,1/4/2024 2:00,0,0,0,0.0,0,0.0,100,86,-12.9,14.6,968.7
99,1/4/2024 3:00,0,0,0,0.0,0,0.0,100,84,-13.9,13.0,968.8
100,1/4/2024 4:00,0,0,0,0.0,0,0.0,100,82,-14.8,13.6,969.6
101,1/4/2024 5:00,0,0,0,0.0,0,0.0,100,80,-15.6,13.9,970.2
102,1/4/2024 6:00,19,0,19,0.0,19,86.3,100,78,-16.0,14.6,970.9
103,1/4/2024 7:00,46,0,46,0.0,46,210.5,100,77,-16.5,14.5,971.5
104,1/4/2024 8:00,65,0,65,0.0,65,290.1,100,76,-16.6,14.6,971.9
105,1/4/2024 9:00,121,11,110,48.6,121,319.9,100,74,-16.9,14.8,971.9
106,1/4/2024 10:00,103,7,96,33.3,103,297.6,100,74,-17.0,14.8,972.2
107,1/4/2024 11:00,67,1,66,6.3,67,225.0,100,73,-17.2,14.3,972.7
108,1/4/2024 12:00,28,1,27,10.2,28,106.8,100,73,-17.5,14.7,973.4
109,1/4/2024 13:00,1,0,1,0.0,1,7.3,100,74,-18.5,14.5,974.2
110,1/4/2024 14:00,0,0,0,0.0,0,0.0,100,74,-18.9,14.7,974.6
111,1/4/2024 15:00,0,0,0,0.0,0,0.0,100,74,-19.0,14.7,974.9
112,1/4/2024 16:00,0,0,0,0.0,0,0.0,100,74,-19.0,14.5,975.3
113,1/4/2024 17:00,0,0,0,0.0,0,0.0,100,74,-19.0,13.2,975.6
114,1/4/2024 18:00,0,0,0,0.0,0,0.0,100,75,-19.1,12.0,976.1
115,1/4/2024 19:00,0,0,0,0.0,0,0.0,100,74,-19.1,11.3,976.6
116,1/4/2024 20:00,0,0,0,0.0,0,0.0,100,75,-19.1,10.5,976.8
117,1/4/2024 21:00,0,0,0,0.0,0,0.0,100,74,-19.1,10.0,977.0
118,1/4/2024 22:00,0,0,0,0.0,0,0.0,100,74,-19.0,10.5,977.8
119,1/4/2024 23:00,0,0,0,0.0,0,0.0,100,77,-19.2,8.2,978.2
120,1/5/2024 0:00,0,0,0,0.0,0,0.0,100,76,-19.0,9.2,978.6
121,1/5/2024 1:00,0,0,0,0.0,0,0.0,100,77,-19.0,6.6,978.5
122,1/5/2024 2:00,0,0,0,0.0,0,0.0,100,75,-18.9,4.8,978.5
123,1/5/2024 3:00,0,0,0,0.0,0,0.0,100,75,-18.8,2.5,978.6
124,1/5/2024 4:00,0,0,0,0.0,0,0.0,100,76,-18.7,0.8,978.7
125,1/5/2024 5:00,0,0,0,0.0,0,0.0,100,75,-18.6,3.2,979.1
126,1/5/2024 6:00,24,0,24,0.0,24,87.6,100,76,-18.3,3.9,979.4
127,1/5/2024 7:00,70,2,68,13.3,70,212.1,100,74,-17.8,3.8,979.9
128,1/5/2024 8:00,110,9,101,43.6,110,292.2,100,73,-17.2,3.4,979.8
129,1/5/2024 9:00,140,17,123,74.6,140,322.4,100,72,-16.6,3.6,979.7
130,1/5/2024 10:00,122,9,113,42.4,122,300.6,100,73,-16.3,5.1,979.7
131,1/5/2024 11:00,86,9,77,55.8,86,228.2,100,72,-16.1,6.2,979.8
132,1/5/2024 12:00,40,7,33,70.4,40,110.3,95,77,-16.5,5.2,980.2
133,1/5/2024 13:00,1,0,1,0.0,1,9.1,96,78,-18.3,6.8,980.1
134,1/5/2024 14:00,0,0,0,0.0,0,0.0,100,79,-18.2,10.0,980.6
135,1/5/2024 15:00,0,0,0,0.0,0,0.0,100,79,-17.5,10.9,980.8
136,1/5/2024 16:00,0,0,0,0.0,0,0.0,73,79,-17.4,10.9,981.0
137,1/5/2024 17:00,0,0,0,0.0,0,0.0,60,79,-18.0,10.8,981.3
138,1/5/2024 18:00,0,0,0,0.0,0,0.0,53,80,-18.8,11.8,981.5
139,1/5/2024 19:00,0,0,0,0.0,0,0.0,27,80,-19.6,12.5,981.7
140,1/5/2024 20:00,0,0,0,0.0,0,0.0,4,80,-20.2,11.1,981.8
141,1/5/2024 21:00,0,0,0,0.0,0,0.0,31,79,-21.0,8.5,982.2
142,1/5/2024 22:00,0,0,0,0.0,0,0.0,29,79,-21.5,9.7,982.1
143,1/5/2024 23:00,0,0,0,0.0,0,0.0,0,80,-21.8,11.0,982.1
144,1/6/2024 0:00,0,0,0,0.0,0,0.0,0,80,-21.9,11.8,982.2
145,1/6/2024 1:00,0,0,0,0.0,0,0.0,0,80,-21.5,9.8,982.3
146,1/6/2024 2:00,0,0,0,0.0,0,0.0,0,79,-22.0,9.4,982.5
147,1/6/2024 3:00,0,0,0,0.0,0,0.0,5,79,-22.5,9.4,982.6
148,1/6/2024 4:00,0,0,0,0.0,0,0.0,70,79,-22.6,9.7,982.5
149,1/6/2024 5:00,0,0,0,0.0,0,0.0,100,79,-22.0,8.8,983.0
150,1/6/2024 6:00,24,2,22,21.6,24,89.0,100,77,-20.2,10.5,983.2
151,1/6/2024 7:00,56,0,56,0.0,56,214.0,100,77,-18.8,8.9,982.9
152,1/6/2024 8:00,93,3,90,14.4,93,294.5,100,75,-16.9,5.2,983.4
153,1/6/2024 9:00,78,0,78,0.0,78,325.1,100,76,-15.6,4.4,983.6
154,1/6/2024 10:00,72,1,71,4.7,72,303.6,100,76,-14.8,4.8,983.7
155,1/6/2024 11:00,54,3,51,18.3,54,231.6,100,77,-14.2,5.5,983.7
156,1/6/2024 12:00,24,0,24,0.0,24,114.0,100,79,-14.1,5.8,983.7
157,1/6/2024 13:00,1,0,1,0.0,1,11.0,100,82,-14.2,5.1,983.5
158,1/6/2024 14:00,0,0,0,0.0,0,0.0,100,82,-14.1,4.0,983.3
159,1/6/2024 15:00,0,0,0,0.0,0,0.0,100,82,-14.1,1.1,983.0
160,1/6/2024 16:00,0,0,0,0.0,0,0.0,100,83,-14.0,1.4,982.7
161,1/6/2024 17:00,0,0,0,0.0,0,0.0,100,84,-14.3,1.3,982.5
162,1/6/2024 18:00,0,0,0,0.0,0,0.0,100,85,-14.6,6.3,982.7
163,1/6/2024 19:00,0,0,0,0.0,0,0.0,100,85,-14.7,6.1,982.2
164,1/6/2024 20:00,0,0,0,0.0,0,0.0,100,85,-15.5,5.1,981.9
165,1/6/2024 21:00,0,0,0,0.0,0,0.0,100,85,-16.0,6.4,981.4
166,1/6/2024 22:00,0,0,0,0.0,0,0.0,100,85,-16.0,6.9,981.2
167,1/6/2024 23:00,0,0,0,0.0,0,0.0,99,85,-16.4,6.8,981.3
168,1/7/2024 0:00,0,0,0,0.0,0,0.0,72,85,-16.4,7.6,981.3
169,1/7/2024 1:00,0,0,0,0.0,0,0.0,99,86,-15.9,6.5,981.1
170,1/7/2024 2:00,0,0,0,0.0,0,0.0,100,85,-18.0,6.2,980.7
171,1/7/2024 3:00,0,0,0,0.0,0,0.0,93,86,-18.2,5.0,980.6
172,1/7/2024 4:00,0,0,0,0.0,0,0.0,71,90,-21.8,9.3,979.8
173,1/7/2024 5:00,0,0,0,0.0,0,0.0,100,83,-22.1,7.1,980.1
174,1/7/2024 6:00,26,0,26,0.0,26,90.6,100,83,-20.6,8.0,980.5
175,1/7/2024 7:00,68,2,66,13.1,68,216.0,100,79,-19.2,8.0,980.9
176,1/7/2024 8:00,107,2,105,9.5,107,296.9,100,77,-18.7,8.9,980.9
177,1/7/2024 9:00,122,4,118,17.3,122,327.9,100,76,-18.3,9.2,980.7
178,1/7/2024 10:00,131,16,115,73.8,131,306.9,100,75,-18.1,9.9,980.6
179,1/7/2024 11:00,105,22,83,132.3,105,235.2,88,76,-18.5,10.4,980.7
180,1/7/2024 12:00,48,14,34,137.1,48,117.7,54,78,-19.9,11.5,981.3
181,1/7/2024 13:00,2,0,2,0.0,2,13.0,100,77,-21.5,12.8,981.3
182,1/7/2024 14:00,0,0,0,0.0,0,0.0,39,76,-22.8,13.5,981.8
183,1/7/2024 15:00,0,0,0,0.0,0,0.0,91,76,-23.8,14.1,982.1
184,1/7/2024 16:00,0,0,0,0.0,0,0.0,100,75,-24.5,14.8,982.5
185,1/7/2024 17:00,0,0,0,0.0,0,0.0,99,76,-25.1,14.5,983.0
186,1/7/2024 18:00,0,0,0,0.0,0,0.0,98,75,-25.5,15.3,983.4
187,1/7/2024 19:00,0,0,0,0.0,0,0.0,99,75,-25.8,14.9,983.9
188,1/7/2024 20:00,0,0,0,0.0,0,0.0,98,75,-26.4,14.8,984.3
189,1/7/2024 21:00,0,0,0,0.0,0,0.0,98,75,-26.8,15.2,984.5
190,1/7/2024 22:00,0,0,0,0.0,0,0.0,95,75,-27.0,15.6,985.0
191,1/7/2024 23:00,0,0,0,0.0,0,0.0,99,74,-27.1,15.8,985.4
192,1/8/2024 0:00,0,0,0,0.0,0,0.0,96,74,-27.0,15.3,986.1
193,1/8/2024 1:00,0,0,0,0.0,0,0.0,95,74,-26.7,14.8,986.0
194,1/8/2024 2:00,0,0,0,0.0,0,0.0,100,75,-26.6,15.5,986.8
195,1/8/2024 3:00,0,0,0,0.0,0,0.0,98,75,-26.5,15.0,987.1
196,1/8/2024 4:00,0,0,0,0.0,0,0.0,99,75,-26.4,14.3,987.4
197,1/8/2024 5:00,0,0,0,0.0,0,0.0,52,76,-26.3,12.4,987.7
198,1/8/2024 6:00,43,21,22,223.3,43,92.3,75,76,-25.5,11.8,988.4
199,1/8/2024 7:00,124,74,50,479.8,124,218.1,100,74,-24.0,12.3,989.2
200,1/8/2024 8:00,173,94,79,443.9,173,299.5,100,73,-22.4,12.0,989.4
201,1/8/2024 9:00,137,18,119,76.9,137,331.0,100,73,-20.7,12.8,989.4
202,1/8/2024 10:00,147,39,108,177.8,147,310.3,100,73,-20.1,12.2,989.4
203,1/8/2024 11:00,135,78,57,461.9,135,238.8,99,75,-20.5,9.9,989.5
204,1/8/2024 12:00,56,25,31,241.5,56,121.6,99,77,-21.4,10.2,990.0
205,1/8/2024 13:00,3,0,3,0.0,3,15.0,97,78,-22.2,10.1,990.2
206,1/8/2024 14:00,0,0,0,0.0,0,0.0,43,79,-23.3,7.8,990.1
207,1/8/2024 15:00,0,0,0,0.0,0,0.0,15,81,-24.7,7.2,989.7
208,1/8/2024 16:00,0,0,0,0.0,0,0.0,24,86,-27.2,11.0,989.1
209,1/8/2024 17:00,0,0,0,0.0,0,0.0,24,88,-24.8,7.5,989.1
210,1/8/2024 18:00,0,0,0,0.0,0,0.0,73,89,-29.6,11.1,988.6
211,1/8/2024 19:00,0,0,0,0.0,0,0.0,93,80,-27.4,10.5,989.3
212,1/8/2024 20:00,0,0,0,0.0,0,0.0,90,79,-26.8,9.2,988.9
213,1/8/2024 21:00,0,0,0,0.0,0,0.0,82,79,-27.0,7.1,988.1
214,1/8/2024 22:00,0,0,0,0.0,0,0.0,97,79,-26.9,8.2,987.8
215,1/8/2024 23:00,0,0,0,0.0,0,0.0,97,77,-26.8,9.0,987.2
216,1/9/2024 0:00,0,0,0,0.0,0,0.0,99,76,-27.0,13.2,986.8
217,1/9/2024 1:00,0,0,0,0.0,0,0.0,100,78,-25.8,14.6,985.8
218,1/9/2024 2:00,0,0,0,0.0,0,0.0,100,78,-25.4,14.6,985.2
219,1/9/2024 3:00,0,0,0,0.0,0,0.0,100,78,-25.4,14.0,984.5
220,1/9/2024 4:00,0,0,0,0.0,0,0.0,100,78,-24.5,15.3,983.9
221,1/9/2024 5:00,0,0,0,0.0,0,0.0,100,78,-23.9,14.6,983.4
222,1/9/2024 6:00,30,1,29,10.5,30,94.2,100,79,-23.2,18.1,982.7
223,1/9/2024 7:00,77,4,73,25.7,77,220.5,100,79,-21.9,13.3,982.3
224,1/9/2024 8:00,111,8,103,37.4,111,302.3,100,77,-20.4,12.1,981.8
225,1/9/2024 9:00,116,2,114,8.5,116,334.1,100,77,-19.5,10.3,980.7
226,1/9/2024 10:00,128,16,112,72.1,128,313.8,100,77,-18.9,9.4,980.0
227,1/9/2024 11:00,114,26,88,151.6,114,242.7,100,78,-18.9,7.0,979.2
228,1/9/2024 12:00,53,12,41,114.3,53,125.6,100,81,-20.7,5.9,978.7
229,1/9/2024 13:00,3,0,3,0.0,3,17.1,100,81,-20.0,6.4,977.8
230,1/9/2024 14:00,0,0,0,0.0,0,0.0,100,82,-19.5,7.4,977.6
231,1/9/2024 15:00,0,0,0,0.0,0,0.0,100,82,-19.0,6.6,977.2
232,1/9/2024 16:00,0,0,0,0.0,0,0.0,100,83,-19.0,8.6,976.8
233,1/9/2024 17:00,0,0,0,0.0,0,0.0,100,83,-19.5,10.4,976.1
234,1/9/2024 18:00,0,0,0,0.0,0,0.0,98,82,-20.6,9.7,975.8
235,1/9/2024 19:00,0,0,0,0.0,0,0.0,100,82,-22.0,10.4,975.5
236,1/9/2024 20:00,0,0,0,0.0,0,0.0,100,81,-22.5,12.4,975.1
237,1/9/2024 21:00,0,0,0,0.0,0,0.0,88,80,-23.1,13.5,974.8
238,1/9/2024 22:00,0,0,0,0.0,0,0.0,74,79,-23.5,14.1,974.8
239,1/9/2024 23:00,0,0,0,0.0,0,0.0,83,79,-23.8,14.3,974.9
240,1/10/2024 0:00,0,0,0,0.0,0,0.0,80,79,-24.0,13.5,974.8
241,1/10/2024 1:00,0,0,0,0.0,0,0.0,100,79,-23.9,13.2,974.1
242,1/10/2024 2:00,0,0,0,0.0,0,0.0,100,79,-24.0,12.5,974.1
243,1/10/2024 3:00,0,0,0,0.0,0,0.0,100,79,-24.0,12.0,974.1
244,1/10/2024 4:00,0,0,0,0.0,0,0.0,100,79,-24.3,10.4,974.3
245,1/10/2024 5:00,0,0,0,0.0,0,0.0,100,79,-24.8,9.4,974.6
246,1/10/2024 6:00,43,17,26,177.7,43,96.3,100,79,-24.6,9.1,974.8
247,1/10/2024 7:00,129,76,53,482.0,129,223.0,40,77,-23.5,8.5,975.2
248,1/10/2024 8:00,198,136,62,630.2,198,305.2,56,74,-22.5,7.4,975.5
249,1/10/2024 9:00,226,162,64,679.1,226,337.4,46,72,-21.5,7.7,975.8
250,1/10/2024 10:00,208,144,64,641.6,208,317.4,72,72,-21.2,6.6,976.1
251,1/10/2024 11:00,149,96,53,550.7,149,246.6,43,75,-22.1,5.1,976.5
252,1/10/2024 12:00,67,38,29,356.7,67,129.7,0,78,-24.1,7.4,976.9
253,1/10/2024 13:00,4,1,3,17.6,4,19.3,8,79,-23.6,8.4,977.5
254,1/10/2024 14:00,0,0,0,0.0,0,0.0,1,80,-25.0,8.7,977.7
255,1/10/2024 15:00,0,0,0,0.0,0,0.0,0,79,-25.9,9.2,978.2
256,1/10/2024 16:00,0,0,0,0.0,0,0.0,12,79,-26.5,9.2,978.6
257,1/10/2024 17:00,0,0,0,0.0,0,0.0,74,79,-27.0,8.9,979.0
258,1/10/2024 18:00,0,0,0,0.0,0,0.0,84,79,-27.5,8.6,979.2
259,1/10/2024 19:00,0,0,0,0.0,0,0.0,75,80,-28.0,8.4,979.5
260,1/10/2024 20:00,0,0,0,0.0,0,0.0,97,80,-28.5,8.4,979.8
261,1/10/2024 21:00,0,0,0,0.0,0,0.0,99,79,-28.8,9.4,979.6
262,1/10/2024 22:00,0,0,0,0.0,0,0.0,100,77,-28.8,11.2,979.8
263,1/10/2024 23:00,0,0,0,0.0,0,0.0,100,76,-28.6,11.5,980.0
264,1/11/2024 0:00,0,0,0,0.0,0,0.0,99,78,-28.9,11.3,979.9
265,1/11/2024 1:00,0,0,0,0.0,0,0.0,100,78,-28.1,11.8,979.9
266,1/11/2024 2:00,0,0,0,0.0,0,0.0,100,77,-27.8,10.0,979.5
267,1/11/2024 3:00,0,0,0,0.0,0,0.0,99,76,-27.2,11.0,979.3
268,1/11/2024 4:00,0,0,0,0.0,0,0.0,100,77,-26.8,11.7,979.2
269,1/11/2024 5:00,0,0,0,0.0,0,1.0,100,77,-26.1,13.7,979.4
270,1/11/2024 6:00,35,5,30,51.8,35,98.6,100,77,-25.1,16.6,979.5
271,1/11/2024 7:00,89,12,77,75.2,89,225.7,100,76,-25.4,15.6,978.8
272,1/11/2024 8:00,158,49,109,224.8,158,308.3,100,75,-25.0,15.9,978.0
273,1/11/2024 9:00,199,99,100,410.7,199,340.9,100,76,-23.6,16.2,977.2
274,1/11/2024 10:00,147,21,126,92.5,147,321.2,100,78,-22.5,17.1,976.2
275,1/11/2024 11:00,106,8,98,45.1,106,250.6,100,76,-21.8,26.6,974.6
276,1/11/2024 12:00,44,0,44,0.0,44,133.9,100,78,-21.5,27.4,973.6
277,1/11/2024 13:00,3,0,3,0.0,3,21.4,100,81,-21.9,38.9,972.7
278,1/11/2024 14:00,0,0,0,0.0,0,0.0,100,79,-20.0,33.8,970.7
279,1/11/2024 15:00,0,0,0,0.0,0,0.0,100,78,-19.4,38.3,969.3
280,1/11/2024 16:00,0,0,0,0.0,0,0.0,100,77,-19.0,37.7,968.5
281,1/11/2024 17:00,0,0,0,0.0,0,0.0,100,78,-18.2,34.2,967.7
282,1/11/2024 18:00,0,0,0,0.0,0,0.0,100,78,-17.0,34.1,967.2
283,1/11/2024 19:00,0,0,0,0.0,0,0.0,100,78,-15.9,33.4,966.3
284,1/11/2024 20:00,0,0,0,0.0,0,0.0,100,79,-15.2,32.3,965.0
285,1/11/2024 21:00,0,0,0,0.0,0,0.0,100,80,-14.7,31.1,964.1
286,1/11/2024 22:00,0,0,0,0.0,0,0.0,100,80,-14.0,30.3,963.0
287,1/11/2024 23:00,0,0,0,0.0,0,0.0,100,81,-13.2,30.2,962.0
288,1/12/2024 0:00,0,0,0,0.0,0,0.0,100,83,-12.5,29.2,960.9
289,1/12/2024 1:00,0,0,0,0.0,0,0.0,100,84,-11.6,27.8,960.1
290,1/12/2024 2:00,0,0,0,0.0,0,0.0,100,85,-10.8,26.4,958.8
291,1/12/2024 3:00,0,0,0,0.0,0,0.0,100,86,-10.0,25.0,958.0
292,1/12/2024 4:00,0,0,0,0.0,0,0.0,100,87,-9.2,23.1,957.0
293,1/12/2024 5:00,0,0,0,0.0,0,2.2,100,89,-8.3,19.8,956.7
294,1/12/2024 6:00,10,0,10,0.0,10,101.1,100,90,-7.2,17.1,956.7
295,1/12/2024 7:00,41,0,41,0.0,41,228.5,100,87,-7.8,22.7,957.5
296,1/12/2024 8:00,83,1,82,4.5,83,311.5,100,81,-10.8,19.4,958.7
297,1/12/2024 9:00,143,13,130,53.4,143,344.5,100,77,-11.9,18.8,959.2
298,1/12/2024 10:00,122,7,115,30.4,122,325.1,100,75,-13.4,21.8,959.8
299,1/12/2024 11:00,96,5,91,27.8,96,254.8,100,75,-15.6,21.0,960.9
300,1/12/2024 12:00,52,6,46,54.7,52,138.3,100,76,-16.8,18.6,962.1
301,1/12/2024 13:00,4,0,4,0.0,4,23.7,100,78,-17.3,16.7,962.6
302,1/12/2024 14:00,0,0,0,0.0,0,0.0,100,79,-18.4,18.1,963.2
303,1/12/2024 15:00,0,0,0,0.0,0,0.0,64,79,-19.6,15.8,963.6
304,1/12/2024 16:00,0,0,0,0.0,0,0.0,82,79,-20.3,16.3,964.0
305,1/12/2024 17:00,0,0,0,0.0,0,0.0,60,80,-21.0,15.8,964.3
306,1/12/2024 18:00,0,0,0,0.0,0,0.0,45,80,-21.5,15.3,964.8
307,1/12/2024 19:00,0,0,0,0.0,0,0.0,27,80,-22.1,14.8,965.1
308,1/12/2024 20:00,0,0,0,0.0,0,0.0,30,79,-22.8,14.7,965.4
309,1/12/2024 21:00,0,0,0,0.0,0,0.0,55,79,-23.4,14.5,965.7
310,1/12/2024 22:00,0,0,0,0.0,0,0.0,81,80,-23.8,14.2,966.0
311,1/12/2024 23:00,0,0,0,0.0,0,0.0,95,80,-23.9,13.9,966.5
312,1/13/2024 0:00,0,0,0,0.0,0,0.0,78,79,-23.8,14.6,967.0
313,1/13/2024 1:00,0,0,0,0.0,0,0.0,99,78,-23.6,12.8,967.5
314,1/13/2024 2:00,0,0,0,0.0,0,0.0,100,78,-24.2,12.1,967.5
315,1/13/2024 3:00,0,0,0,0.0,0,0.0,100,78,-24.9,12.3,967.9
316,1/13/2024 4:00,0,0,0,0.0,0,0.0,100,78,-25.4,11.8,968.1
317,1/13/2024 5:00,1,0,1,0.0,1,3.4,100,77,-25.9,11.8,968.7
318,1/13/2024 6:00,42,10,32,101.5,42,103.7,100,78,-25.5,11.4,969.2
319,1/13/2024 7:00,120,47,73,287.1,120,231.5,100,77,-24.4,11.2,969.9
320,1/13/2024 8:00,177,78,99,350.2,177,314.9,100,75,-23.4,9.7,970.5
321,1/13/2024 9:00,209,107,102,434.5,209,348.2,100,72,-22.9,11.9,970.6
322,1/13/2024 10:00,190,90,100,386.6,190,329.2,100,72,-22.9,11.5,970.7
323,1/13/2024 11:00,122,30,92,163.8,122,259.1,100,70,-23.0,12.6,971.2
324,1/13/2024 12:00,53,5,48,44.9,53,142.7,100,71,-23.5,13.1,971.9
325,1/13/2024 13:00,5,0,5,0.0,5,26.0,100,72,-24.2,13.5,972.3
326,1/13/2024 14:00,0,0,0,0.0,0,0.0,100,73,-24.9,13.8,973.0
327,1/13/2024 15:00,0,0,0,0.0,0,0.0,100,74,-25.2,12.3,973.4
328,1/13/2024 16:00,0,0,0,0.0,0,0.0,100,74,-26.0,11.6,974.0
329,1/13/2024 17:00,0,0,0,0.0,0,0.0,100,74,-26.4,12.1,974.1
330,1/13/2024 18:00,0,0,0,0.0,0,0.0,100,75,-26.7,12.1,975.0
331,1/13/2024 19:00,0,0,0,0.0,0,0.0,88,75,-26.4,14.0,975.7
332,1/13/2024 20:00,0,0,0,0.0,0,0.0,100,76,-26.9,12.9,976.1
333,1/13/2024 21:00,0,0,0,0.0,0,0.0,95,76,-27.0,12.7,976.6
334,1/13/2024 22:00,0,0,0,0.0,0,0.0,100,76,-26.8,13.4,977.3
335,1/13/2024 23:00,0,0,0,0.0,0,0.0,100,77,-26.5,14.4,978.0
336,1/14/2024 0:00,0,0,0,0.0,0,0.0,100,77,-26.0,15.1,978.5
337,1/14/2024 1:00,0,0,0,0.0,0,0.0,100,78,-23.8,16.3,978.2
338,1/14/2024 2:00,0,0,0,0.0,0,0.0,100,79,-22.2,17.4,979.0
339,1/14/2024 3:00,0,0,0,0.0,0,0.0,100,79,-20.6,19.1,979.8
340,1/14/2024 4:00,0,0,0,0.0,0,0.0,100,79,-20.0,19.5,980.6
341,1/14/2024 5:00,1,0,1,0.0,1,4.7,100,79,-19.8,17.8,981.6
342,1/14/2024 6:00,39,6,33,60.2,39,106.5,100,79,-19.3,17.7,982.8
343,1/14/2024 7:00,102,16,86,96.4,102,234.7,100,78,-18.0,18.3,983.7
344,1/14/2024 8:00,146,18,128,79.9,146,318.5,100,77,-17.0,19.0,984.6
345,1/14/2024 9:00,154,19,135,76.3,154,352.1,99,77,-16.5,17.9,985.2
346,1/14/2024 10:00,182,70,112,296.9,182,333.4,88,78,-16.5,17.2,985.9
347,1/14/2024 11:00,144,69,75,370.2,144,263.5,60,78,-16.6,16.6,986.5
348,1/14/2024 12:00,73,35,38,309.5,73,147.3,43,79,-17.5,15.0,987.5
349,1/14/2024 13:00,7,2,5,31.7,7,28.4,36,80,-18.3,13.5,988.3
350,1/14/2024 14:00,0,0,0,0.0,0,0.0,16,80,-19.2,13.1,988.9
351,1/14/2024 15:00,0,0,0,0.0,0,0.0,3,80,-20.0,13.6,989.1
352,1/14/2024 16:00,0,0,0,0.0,0,0.0,12,81,-20.9,13.9,989.4
353,1/14/2024 17:00,0,0,0,0.0,0,0.0,49,81,-21.5,14.7,989.6
354,1/14/2024 18:00,0,0,0,0.0,0,0.0,42,81,-21.6,16.5,989.8
355,1/14/2024 19:00,0,0,0,0.0,0,0.0,89,81,-21.5,17.3,990.3
356,1/14/2024 20:00,0,0,0,0.0,0,0.0,80,81,-21.5,17.4,990.4
357,1/14/2024 21:00,0,0,0,0.0,0,0.0,77,81,-21.8,17.4,990.7
358,1/14/2024 22:00,0,0,0,0.0,0,0.0,70,80,-21.9,17.6,991.1
359,1/14/2024 23:00,0,0,0,0.0,0,0.0,86,80,-21.8,18.2,991.4
360,1/15/2024 0:00,0,0,0,0.0,0,0.0,66,79,-21.5,18.2,991.4
361,1/15/2024 1:00,0,0,0,0.0,0,0.0,98,80,-21.3,19.4,991.9
362,1/15/2024 2:00,0,0,0,0.0,0,0.0,90,80,-21.1,20.7,991.7
363,1/15/2024 3:00,0,0,0,0.0,0,0.0,100,81,-21.3,21.6,991.4
364,1/15/2024 4:00,0,0,0,0.0,0,0.0,100,80,-21.2,23.0,991.3
365,1/15/2024 5:00,1,0,1,0.0,1,6.2,100,79,-21.8,23.8,991.4
366,1/15/2024 6:00,50,20,30,198.3,50,109.5,100,79,-21.6,24.5,991.6
367,1/15/2024 7:00,128,61,67,362.2,128,238.1,100,77,-20.5,28.1,991.7
368,1/15/2024 8:00,155,27,128,118.4,155,322.3,100,76,-19.2,24.9,991.7
369,1/15/2024 9:00,156,12,144,47.6,156,356.3,100,77,-18.4,23.9,991.4
370,1/15/2024 10:00,146,16,130,67.0,146,337.8,100,77,-17.9,25.5,990.9
371,1/15/2024 11:00,93,3,90,15.8,93,268.1,100,77,-17.5,26.8,990.7
372,1/15/2024 12:00,37,0,37,0.0,37,152.0,100,73,-15.6,29.9,990.7
373,1/15/2024 13:00,3,0,3,0.0,3,30.9,100,76,-15.9,33.2,990.6
374,1/15/2024 14:00,0,0,0,0.0,0,0.0,100,76,-15.9,34.2,990.5
375,1/15/2024 15:00,0,0,0,0.0,0,0.0,100,77,-15.6,34.6,990.1
376,1/15/2024 16:00,0,0,0,0.0,0,0.0,100,77,-15.3,34.6,989.6
377,1/15/2024 17:00,0,0,0,0.0,0,0.0,100,77,-14.6,32.8,989.3
378,1/15/2024 18:00,0,0,0,0.0,0,0.0,100,76,-14.2,31.0,989.0
379,1/15/2024 19:00,0,0,0,0.0,0,0.0,100,75,-13.9,29.5,989.3
380,1/15/2024 20:00,0,0,0,0.0,0,0.0,100,76,-13.7,29.9,989.4
381,1/15/2024 21:00,0,0,0,0.0,0,0.0,100,76,-13.5,30.3,989.2
382,1/15/2024 22:00,0,0,0,0.0,0,0.0,100,77,-13.3,30.8,988.9
383,1/15/2024 23:00,0,0,0,0.0,0,0.0,100,79,-13.1,30.0,989.0
384,1/16/2024 0:00,0,0,0,0.0,0,0.0,100,81,-12.9,28.5,988.9
385,1/16/2024 1:00,0,0,0,0.0,0,0.0,100,83,-12.8,28.8,989.0
386,1/16/2024 2:00,0,0,0,0.0,0,0.0,100,84,-12.6,27.4,988.9
387,1/16/2024 3:00,0,0,0,0.0,0,0.0,100,85,-12.6,26.4,988.8
388,1/16/2024 4:00,0,0,0,0.0,0,0.0,100,85,-12.4,26.0,988.6
389,1/16/2024 5:00,0,0,0,0.0,0,7.7,100,85,-12.2,26.1,988.9
390,1/16/2024 6:00,11,0,11,0.0,11,112.7,100,84,-11.8,25.5,988.9
391,1/16/2024 7:00,31,0,31,0.0,31,241.7,100,86,-11.7,18.6,989.1
392,1/16/2024 8:00,68,0,68,0.0,68,326.2,100,86,-11.0,20.9,988.9
393,1/16/2024 9:00,84,1,83,3.9,84,360.6,100,86,-9.8,22.4,988.9
394,1/16/2024 10:00,53,0,53,0.0,53,342.4,100,85,-9.5,23.4,988.6
395,1/16/2024 11:00,41,0,41,0.0,41,272.9,100,85,-9.6,24.9,988.5
396,1/16/2024 12:00,22,0,22,0.0,22,156.9,100,85,-9.5,28.2,988.5
397,1/16/2024 13:00,3,0,3,0.0,3,33.4,100,86,-9.4,27.5,988.6
398,1/16/2024 14:00,0,0,0,0.0,0,0.0,100,87,-8.8,27.7,988.3
399,1/16/2024 15:00,0,0,0,0.0,0,0.0,100,88,-8.5,30.5,987.8
400,1/16/2024 16:00,0,0,0,0.0,0,0.0,100,88,-8.6,31.3,987.7
401,1/16/2024 17:00,0,0,0,0.0,0,0.0,100,86,-8.8,32.5,987.1
402,1/16/2024 18:00,0,0,0,0.0,0,0.0,100,86,-9.1,32.0,986.5
403,1/16/2024 19:00,0,0,0,0.0,0,0.0,100,85,-9.6,32.1,986.3
404,1/16/2024 20:00,0,0,0,0.0,0,0.0,100,85,-10.2,33.4,985.7
405,1/16/2024 21:00,0,0,0,0.0,0,0.0,100,85,-10.7,33.6,985.6
406,1/16/2024 22:00,0,0,0,0.0,0,0.0,100,85,-10.8,32.4,985.4
407,1/16/2024 23:00,0,0,0,0.0,0,0.0,100,85,-10.4,34.2,984.9
408,1/17/2024 0:00,0,0,0,0.0,0,0.0,100,84,-10.1,36.0,984.4
409,1/17/2024 1:00,0,0,0,0.0,0,0.0,100,82,-10.2,34.3,984.9
410,1/17/2024 2:00,0,0,0,0.0,0,0.0,100,79,-10.5,32.6,984.0
411,1/17/2024 3:00,0,0,0,0.0,0,0.0,100,77,-10.6,33.2,982.6
412,1/17/2024 4:00,0,0,0,0.0,0,0.0,100,75,-10.8,35.0,981.9
413,1/17/2024 5:00,1,0,1,0.0,1,9.3,100,76,-10.7,38.0,980.6
414,1/17/2024 6:00,14,0,14,0.0,14,116.1,100,78,-10.4,38.0,980.2
415,1/17/2024 7:00,29,0,29,0.0,29,245.5,100,82,-10.2,36.7,980.2
416,1/17/2024 8:00,46,0,46,0.0,46,330.4,100,83,-9.8,34.8,980.0
417,1/17/2024 9:00,61,0,61,0.0,61,365.0,100,83,-8.9,34.7,979.4
418,1/17/2024 10:00,69,0,69,0.0,69,347.1,100,84,-8.1,32.0,979.1
419,1/17/2024 11:00,33,0,33,0.0,33,277.9,100,91,-7.7,27.0,979.3
420,1/17/2024 12:00,22,0,22,0.0,22,162.0,100,91,-6.3,24.6,979.8
421,1/17/2024 13:00,3,0,3,0.0,3,36.1,100,91,-5.3,25.1,980.9
422,1/17/2024 14:00,0,0,0,0.0,0,0.0,100,89,-4.9,28.3,981.8
423,1/17/2024 15:00,0,0,0,0.0,0,0.0,100,88,-5.4,26.1,982.5
424,1/17/2024 16:00,0,0,0,0.0,0,0.0,85,86,-5.3,28.8,983.1
425,1/17/2024 17:00,0,0,0,0.0,0,0.0,100,83,-6.2,27.3,984.0
426,1/17/2024 18:00,0,0,0,0.0,0,0.0,99,83,-7.1,24.3,985.0
427,1/17/2024 19:00,0,0,0,0.0,0,0.0,97,83,-7.8,23.1,986.3
428,1/17/2024 20:00,0,0,0,0.0,0,0.0,95,82,-8.8,21.6,987.0
429,1/17/2024 21:00,0,0,0,0.0,0,0.0,98,83,-9.8,20.2,987.8
430,1/17/2024 22:00,0,0,0,0.0,0,0.0,90,84,-10.5,19.5,988.5
431,1/17/2024 23:00,0,0,0,0.0,0,0.0,80,85,-11.2,18.9,988.9
432,1/18/2024 0:00,0,0,0,0.0,0,0.0,49,85,-11.9,18.2,989.2
433,1/18/2024 1:00,0,0,0,0.0,0,0.0,81,86,-12.6,18.3,989.1
434,1/18/2024 2:00,0,0,0,0.0,0,0.0,74,86,-13.1,16.7,989.5
435,1/18/2024 3:00,0,0,0,0.0,0,0.0,36,86,-13.6,15.3,990.0
436,1/18/2024 4:00,0,0,0,0.0,0,0.0,13,86,-14.7,13.3,990.4
437,1/18/2024 5:00,2,0,2,0.0,2,11.1,67,86,-15.9,12.6,990.8
438,1/18/2024 6:00,51,17,34,162.1,51,119.7,97,86,-15.7,11.8,991.3
439,1/18/2024 7:00,93,10,83,56.7,93,249.4,98,84,-14.2,11.3,992.0
440,1/18/2024 8:00,158,40,118,168.9,158,334.7,98,82,-13.4,11.6,992.6
441,1/18/2024 9:00,185,56,129,214.1,185,369.7,100,81,-13.2,11.0,993.2
442,1/18/2024 10:00,169,44,125,176.6,169,352.1,100,81,-12.9,10.2,993.5
443,1/18/2024 11:00,119,19,100,94.9,119,283.0,100,82,-12.9,9.7,993.7
444,1/18/2024 12:00,65,12,53,99.4,65,167.2,98,83,-13.1,9.4,994.2
445,1/18/2024 13:00,8,0,8,0.0,8,38.8,99,86,-12.8,10.2,994.6
446,1/18/2024 14:00,0,0,0,0.0,0,0.0,80,86,-13.6,9.7,995.0
447,1/18/2024 15:00,0,0,0,0.0,0,0.0,79,86,-14.4,9.8,995.1
448,1/18/2024 16:00,0,0,0,0.0,0,0.0,95,87,-14.6,10.9,995.5
449,1/18/2024 17:00,0,0,0,0.0,0,0.0,81,88,-14.4,10.9,995.7
450,1/18/2024 18:00,0,0,0,0.0,0,0.0,96,88,-14.9,10.4,995.7
451,1/18/2024 19:00,0,0,0,0.0,0,0.0,100,88,-15.6,11.9,995.6
452,1/18/2024 20:00,0,0,0,0.0,0,0.0,100,86,-15.9,12.6,995.8
453,1/18/2024 21:00,0,0,0,0.0,0,0.0,100,86,-16.2,13.0,995.8
454,1/18/2024 22:00,0,0,0,0.0,0,0.0,100,86,-16.5,14.1,996.3
455,1/18/2024 23:00,0,0,0,0.0,0,0.0,100,85,-16.5,16.3,996.0
456,1/19/2024 0:00,0,0,0,0.0,0,0.0,100,85,-17.3,15.1,996.1
457,1/19/2024 1:00,0,0,0,0.0,0,0.0,100,84,-18.6,18.2,996.1
458,1/19/2024 2:00,0,0,0,0.0,0,0.0,100,84,-18.4,26.1,995.6
459,1/19/2024 3:00,0,0,0,0.0,0,0.0,100,83,-17.4,24.2,994.8
460,1/19/2024 4:00,0,0,0,0.0,0,0.0,100,83,-14.2,26.5,994.3
461,1/19/2024 5:00,1,0,1,0.0,1,12.9,100,84,-12.9,28.4,994.1
462,1/19/2024 6:00,25,1,24,9.4,25,123.5,100,81,-11.2,30.5,993.5
463,1/19/2024 7:00,63,3,60,16.7,63,253.6,100,85,-9.6,30.0,993.3
464,1/19/2024 8:00,89,0,89,0.0,89,339.2,100,88,-9.2,25.9,993.0
465,1/19/2024 9:00,94,1,93,3.8,94,374.5,100,89,-8.2,25.1,992.5
466,1/19/2024 10:00,102,3,99,11.9,102,357.1,100,90,-7.3,24.1,992.1
467,1/19/2024 11:00,80,1,79,4.9,80,288.2,100,88,-6.4,30.7,991.8
468,1/19/2024 12:00,36,0,36,0.0,36,172.5,99,81,-5.6,31.0,991.8
469,1/19/2024 13:00,7,0,7,0.0,7,41.6,100,75,-5.6,29.5,992.7
470,1/19/2024 14:00,0,0,0,0.0,0,0.0,100,74,-5.7,29.2,992.5
471,1/19/2024 15:00,0,0,0,0.0,0,0.0,100,72,-5.7,29.3,992.0
472,1/19/2024 16:00,0,0,0,0.0,0,0.0,100,71,-5.6,32.1,991.3
473,1/19/2024 17:00,0,0,0,0.0,0,0.0,100,70,-5.7,33.8,990.8
474,1/19/2024 18:00,0,0,0,0.0,0,0.0,100,70,-5.8,33.6,990.5
475,1/19/2024 19:00,0,0,0,0.0,0,0.0,100,69,-5.8,34.3,990.3
476,1/19/2024 20:00,0,0,0,0.0,0,0.0,100,69,-5.6,33.1,990.3
477,1/19/2024 21:00,0,0,0,0.0,0,0.0,100,70,-5.5,31.7,990.7
478,1/19/2024 22:00,0,0,0,0.0,0,0.0,100,71,-5.7,31.0,990.9
479,1/19/2024 23:00,0,0,0,0.0,0,0.0,100,75,-5.5,31.7,990.7
480,1/20/2024 0:00,0,0,0,0.0,0,0.0,100,79,-5.3,31.0,990.6
481,1/20/2024 1:00,0,0,0,0.0,0,0.0,100,83,-4.5,29.6,990.5
482,1/20/2024 2:00,0,0,0,0.0,0,0.0,100,86,-4.4,28.1,990.6
483,1/20/2024 3:00,0,0,0,0.0,0,0.0,100,86,-4.4,25.9,990.5
484,1/20/2024 4:00,0,0,0,0.0,0,0.0,100,88,-4.6,24.9,990.4
485,1/20/2024 5:00,0,0,0,0.0,0,14.8,100,88,-4.6,25.7,990.4
486,1/20/2024 6:00,15,0,15,0.0,15,127.4,100,86,-4.4,27.2,990.1
487,1/20/2024 7:00,50,0,50,0.0,50,257.9,100,84,-4.2,29.0,989.8
488,1/20/2024 8:00,51,0,51,0.0,51,343.8,100,84,-4.5,27.9,989.6
489,1/20/2024 9:00,91,0,91,0.0,91,379.5,100,85,-4.6,29.9,989.1
490,1/20/2024 10:00,77,0,77,0.0,77,362.3,100,85,-4.4,23.9,988.5
491,1/20/2024 11:00,51,0,51,0.0,51,293.6,100,85,-4.2,30.0,988.1
492,1/20/2024 12:00,25,0,25,0.0,25,178.0,100,85,-4.4,31.0,988.0
493,1/20/2024 13:00,2,0,2,0.0,2,44.4,100,88,-4.3,31.3,987.9
494,1/20/2024 14:00,0,0,0,0.0,0,0.0,100,86,-4.2,30.8,987.7
495,1/20/2024 15:00,0,0,0,0.0,0,0.0,100,85,-4.2,31.7,987.1
496,1/20/2024 16:00,0,0,0,0.0,0,0.0,100,84,-4.2,33.8,987.0
497,1/20/2024 17:00,0,0,0,0.0,0,0.0,100,84,-4.3,32.8,986.9
498,1/20/2024 18:00,0,0,0,0.0,0,0.0,100,87,-4.5,31.8,986.7
499,1/20/2024 19:00,0,0,0,0.0,0,0.0,100,87,-4.5,32.1,986.5
500,1/20/2024 20:00,0,0,0,0.0,0,0.0,100,92,-4.6,33.7,986.0
501,1/20/2024 21:00,0,0,0,0.0,0,0.0,100,91,-4.6,32.4,985.7
502,1/20/2024 22:00,0,0,0,0.0,0,0.0,100,89,-4.2,33.4,985.1
503,1/20/2024 23:00,0,0,0,0.0,0,0.0,100,90,-4.0,33.4,984.8
504,1/21/2024 0:00,0,0,0,0.0,0,0.0,100,89,-3.8,34.8,984.4
505,1/21/2024 1:00,0,0,0,0.0,0,0.0,100,90,-4.5,34.7,984.0
506,1/21/2024 2:00,0,0,0,0.0,0,0.0,100,90,-4.3,33.8,983.8
507,1/21/2024 3:00,0,0,0,0.0,0,0.0,100,92,-4.0,32.4,983.3
508,1/21/2024 4:00,0,0,0,0.0,0,0.0,100,90,-3.8,31.5,982.8
509,1/21/2024 5:00,0,0,0,0.0,0,16.8,100,90,-3.5,31.3,982.8
510,1/21/2024 6:00,10,0,10,0.0,10,131.5,100,92,-3.5,31.3,983.1
511,1/21/2024 7:00,28,0,28,0.0,28,262.3,100,95,-3.8,23.7,982.9
512,1/21/2024 8:00,44,0,44,0.0,44,348.7,100,93,-3.5,24.6,982.6
513,1/21/2024 9:00,45,0,45,0.0,45,384.6,100,93,-3.1,25.6,982.3
514,1/21/2024 10:00,36,0,36,0.0,36,367.7,100,93,-2.2,26.1,982.9
515,1/21/2024 11:00,26,0,26,0.0,26,299.2,100,90,-3.8,22.5,984.4
516,1/21/2024 12:00,28,0,28,0.0,28,183.6,100,87,-5.8,20.1,985.8
517,1/21/2024 13:00,8,0,8,0.0,8,47.3,100,87,-6.1,18.0,987.3
518,1/21/2024 14:00,0,0,0,0.0,0,0.0,100,86,-6.6,19.1,988.8
519,1/21/2024 15:00,0,0,0,0.0,0,0.0,100,86,-6.9,19.4,990.0
520,1/21/2024 16:00,0,0,0,0.0,0,0.0,100,86,-7.4,16.9,990.9
521,1/21/2024 17:00,0,0,0,0.0,0,0.0,100,86,-8.0,15.9,991.7
522,1/21/2024 18:00,0,0,0,0.0,0,0.0,100,85,-8.4,16.0,992.7
523,1/21/2024 19:00,0,0,0,0.0,0,0.0,100,85,-8.9,17.7,993.9
524,1/21/2024 20:00,0,0,0,0.0,0,0.0,100,83,-10.0,17.1,994.8
525,1/21/2024 21:00,0,0,0,0.0,0,0.0,100,82,-10.9,14.3,995.6
526,1/21/2024 22:00,0,0,0,0.0,0,0.0,100,83,-11.6,12.3,996.2
527,1/21/2024 23:00,0,0,0,0.0,0,0.0,100,84,-12.3,12.5,997.0
528,1/22/2024 0:00,0,0,0,0.0,0,0.0,100,83,-13.3,13.4,997.6
529,1/22/2024 1:00,0,0,0,0.0,0,0.0,100,83,-12.1,13.4,997.9
530,1/22/2024 2:00,0,0,0,0.0,0,0.0,100,83,-12.6,14.1,998.6
531,1/22/2024 3:00,0,0,0,0.0,0,0.0,100,82,-13.1,13.6,999.3
532,1/22/2024 4:00,0,0,0,0.0,0,0.0,100,82,-13.6,13.5,1000.2
533,1/22/2024 5:00,2,0,2,0.0,2,18.9,100,81,-13.8,13.3,1001.4
534,1/22/2024 6:00,42,3,39,27.0,42,135.7,100,80,-13.7,12.5,1002.2
535,1/22/2024 7:00,104,14,90,74.1,104,266.9,100,77,-13.4,12.9,1003.0
536,1/22/2024 8:00,153,25,128,99.9,153,353.6,100,76,-13.4,11.7,1003.3
537,1/22/2024 9:00,191,39,152,141.3,191,389.9,100,76,-13.2,10.7,1003.4
538,1/22/2024 10:00,174,30,144,113.5,174,373.2,100,76,-13.3,11.2,1003.7
539,1/22/2024 11:00,130,13,117,60.2,130,304.8,100,76,-13.6,11.7,1004.1
540,1/22/2024 12:00,69,6,63,44.8,69,189.3,100,77,-14.2,11.9,1004.5
541,1/22/2024 13:00,12,0,12,0.0,12,50.3,100,79,-14.5,10.8,1004.9
542,1/22/2024 14:00,0,0,0,0.0,0,0.0,100,79,-15.1,10.5,1005.6
543,1/22/2024 15:00,0,0,0,0.0,0,0.0,100,80,-15.6,10.0,1006.0
544,1/22/2024 16:00,0,0,0,0.0,0,0.0,26,81,-16.7,8.2,1006.2
545,1/22/2024 17:00,0,0,0,0.0,0,0.0,0,83,-19.8,7.3,1005.9
546,1/22/2024 18:00,0,0,0,0.0,0,0.0,16,84,-21.9,7.1,1005.8
547,1/22/2024 19:00,0,0,0,0.0,0,0.0,42,82,-23.4,7.0,1005.7
548,1/22/2024 20:00,0,0,0,0.0,0,0.0,58,83,-25.5,10.1,1005.3
549,1/22/2024 21:00,0,0,0,0.0,0,0.0,94,85,-25.6,8.6,1005.2
550,1/22/2024 22:00,0,0,0,0.0,0,0.0,94,85,-25.0,7.2,1005.6
551,1/22/2024 23:00,0,0,0,0.0,0,0.0,97,83,-24.6,6.5,1005.7
552,1/23/2024 0:00,0,0,0,0.0,0,0.0,99,79,-24.5,7.4,1005.6
553,1/23/2024 1:00,0,0,0,0.0,0,0.0,99,81,-23.9,6.2,1005.8
554,1/23/2024 2:00,0,0,0,0.0,0,0.0,100,80,-23.3,4.1,1006.0
555,1/23/2024 3:00,0,0,0,0.0,0,0.0,100,79,-23.7,6.7,1005.7
556,1/23/2024 4:00,0,0,0,0.0,0,0.0,100,80,-22.8,5.6,1005.7
557,1/23/2024 5:00,3,0,3,0.0,3,21.0,100,80,-22.8,4.5,1005.8
558,1/23/2024 6:00,53,9,44,79.8,53,140.2,100,80,-22.5,2.4,1006.2
559,1/23/2024 7:00,121,26,95,135.1,121,271.7,98,79,-21.1,4.4,1006.7
560,1/23/2024 8:00,196,78,118,307.1,196,358.7,87,77,-19.1,4.6,1006.4
561,1/23/2024 9:00,238,128,110,457.3,238,395.2,55,74,-17.0,4.6,1006.0
562,1/23/2024 10:00,237,149,88,555.4,237,378.8,9,74,-15.7,4.6,1005.9
563,1/23/2024 11:00,193,132,61,600.2,193,310.5,9,75,-15.4,4.8,1005.5
564,1/23/2024 12:00,108,68,40,492.1,108,195.1,2,79,-16.4,5.4,1005.1
565,1/23/2024 13:00,20,10,10,124.8,20,53.3,6,80,-18.1,5.8,1005.4
566,1/23/2024 14:00,0,0,0,0.0,0,0.0,40,80,-19.4,6.3,1005.3
567,1/23/2024 15:00,0,0,0,0.0,0,0.0,68,80,-20.3,8.5,1004.5
568,1/23/2024 16:00,0,0,0,0.0,0,0.0,97,81,-20.8,9.6,1003.8
569,1/23/2024 17:00,0,0,0,0.0,0,0.0,100,81,-20.1,11.4,1003.2
570,1/23/2024 18:00,0,0,0,0.0,0,0.0,90,80,-20.0,10.1,1003.2
571,1/23/2024 19:00,0,0,0,0.0,0,0.0,64,80,-20.2,8.7,1003.2
572,1/23/2024 20:00,0,0,0,0.0,0,0.0,20,80,-20.5,8.6,1002.7
573,1/23/2024 21:00,0,0,0,0.0,0,0.0,50,80,-20.2,9.3,1002.0
574,1/23/2024 22:00,0,0,0,0.0,0,0.0,97,79,-19.6,10.2,1001.4
575,1/23/2024 23:00,0,0,0,0.0,0,0.0,100,78,-19.1,10.0,1001.1
576,1/24/2024 0:00,0,0,0,0.0,0,0.0,73,79,-19.0,11.5,1000.4
577,1/24/2024 1:00,0,0,0,0.0,0,0.0,99,79,-18.8,14.1,999.7
578,1/24/2024 2:00,0,0,0,0.0,0,0.0,95,80,-18.8,14.2,999.6
579,1/24/2024 3:00,0,0,0,0.0,0,0.0,95,79,-19.0,14.7,998.9
580,1/24/2024 4:00,0,0,0,0.0,0,0.0,96,79,-19.0,14.8,998.1
581,1/24/2024 5:00,4,0,4,0.0,4,23.3,90,79,-19.2,15.5,997.9
582,1/24/2024 6:00,64,21,43,183.2,64,144.7,100,78,-18.9,15.9,997.7
583,1/24/2024 7:00,130,32,98,163.3,130,276.6,99,75,-17.7,14.3,997.5
584,1/24/2024 8:00,189,57,132,221.1,189,363.9,97,75,-17.1,13.2,996.6
585,1/24/2024 9:00,228,99,129,348.8,228,400.8,99,72,-16.2,12.4,995.7
586,1/24/2024 10:00,210,82,128,301.1,210,384.5,100,71,-15.6,13.0,995.2
587,1/24/2024 11:00,142,25,117,111.5,142,316.4,98,71,-15.1,13.4,994.4
588,1/24/2024 12:00,86,19,67,133.4,86,201.0,100,73,-15.4,14.8,993.6
589,1/24/2024 13:00,16,1,15,12.2,16,56.4,100,71,-13.9,16.8,993.1
590,1/24/2024 14:00,0,0,0,0.0,0,0.0,100,71,-13.9,17.0,992.6
591,1/24/2024 15:00,0,0,0,0.0,0,0.0,100,73,-13.7,17.5,991.9
592,1/24/2024 16:00,0,0,0,0.0,0,0.0,100,73,-13.4,16.8,991.3
593,1/24/2024 17:00,0,0,0,0.0,0,0.0,100,74,-13.1,15.9,990.9
594,1/24/2024 18:00,0,0,0,0.0,0,0.0,100,74,-12.7,16.1,990.3
595,1/24/2024 19:00,0,0,0,0.0,0,0.0,100,74,-12.3,16.3,989.9
596,1/24/2024 20:00,0,0,0,0.0,0,0.0,100,75,-12.1,16.3,989.4
597,1/24/2024 21:00,0,0,0,0.0,0,0.0,100,75,-11.9,16.1,988.9
598,1/24/2024 22:00,0,0,0,0.0,0,0.0,100,76,-11.8,16.7,988.6
599,1/24/2024 23:00,0,0,0,0.0,0,0.0,100,77,-11.4,16.4,988.4
600,1/25/2024 0:00,0,0,0,0.0,0,0.0,100,79,-11.3,16.3,987.9
601,1/25/2024 1:00,0,0,0,0.0,0,0.0,100,80,-11.1,16.1,987.2
602,1/25/2024 2:00,0,0,0,0.0,0,0.0,100,81,-11.1,15.5,986.9
603,1/25/2024 3:00,0,0,0,0.0,0,0.0,100,81,-11.0,14.5,986.9
604,1/25/2024 4:00,0,0,0,0.0,0,0.0,100,82,-11.1,14.4,986.7
605,1/25/2024 5:00,2,0,2,0.0,2,25.6,100,82,-11.1,13.9,986.6
606,1/25/2024 6:00,33,0,33,0.0,33,149.4,100,81,-10.6,14.7,986.6
607,1/25/2024 7:00,59,0,59,0.0,59,281.7,100,81,-10.4,13.4,986.9
608,1/25/2024 8:00,87,0,87,0.0,87,369.3,100,81,-10.2,14.6,987.1
609,1/25/2024 9:00,78,0,78,0.0,78,406.4,100,82,-10.1,13.8,986.9
610,1/25/2024 10:00,93,0,93,0.0,93,390.4,100,82,-9.9,11.8,986.9
611,1/25/2024 11:00,71,0,71,0.0,71,322.4,100,82,-9.6,11.3,987.1
612,1/25/2024 12:00,34,0,34,0.0,34,207.0,100,83,-9.4,11.5,987.4
613,1/25/2024 13:00,5,0,5,0.0,5,59.6,100,86,-9.9,9.3,987.9
614,1/25/2024 14:00,0,0,0,0.0,0,0.0,100,86,-9.8,10.3,988.2
615,1/25/2024 15:00,0,0,0,0.0,0,0.0,100,85,-9.9,11.6,988.4
616,1/25/2024 16:00,0,0,0,0.0,0,0.0,100,85,-10.1,12.6,988.5
617,1/25/2024 17:00,0,0,0,0.0,0,0.0,100,85,-10.2,12.3,988.7
618,1/25/2024 18:00,0,0,0,0.0,0,0.0,87,85,-10.3,12.8,989.1
619,1/25/2024 19:00,0,0,0,0.0,0,0.0,75,84,-11.0,12.0,989.4
620,1/25/2024 20:00,0,0,0,0.0,0,0.0,99,84,-12.4,11.3,989.5
621,1/25/2024 21:00,0,0,0,0.0,0,0.0,84,84,-12.6,12.0,989.6
622,1/25/2024 22:00,0,0,0,0.0,0,0.0,92,85,-13.8,12.9,990.1
623,1/25/2024 23:00,0,0,0,0.0,0,0.0,93,85,-14.6,12.7,990.5
624,1/26/2024 0:00,0,0,0,0.0,0,0.0,100,85,-15.9,11.3,990.7
625,1/26/2024 1:00,0,0,0,0.0,0,0.0,100,86,-16.0,11.9,990.9
626,1/26/2024 2:00,0,0,0,0.0,0,0.0,100,85,-16.3,12.0,991.1
627,1/26/2024 3:00,0,0,0,0.0,0,0.0,100,86,-15.9,12.4,991.6
628,1/26/2024 4:00,0,0,0,0.0,0,0.0,100,86,-15.0,12.0,991.8
629,1/26/2024 5:00,3,0,3,0.0,3,28.0,100,86,-14.1,12.1,991.9
630,1/26/2024 6:00,38,1,37,8.4,38,154.3,100,85,-12.5,14.9,992.4
631,1/26/2024 7:00,83,1,82,4.9,83,286.8,100,85,-11.6,12.8,992.7
632,1/26/2024 8:00,99,1,98,3.8,99,374.8,100,85,-10.9,13.7,992.9
633,1/26/2024 9:00,120,1,119,3.4,120,412.1,100,85,-10.1,15.3,992.8
634,1/26/2024 10:00,103,1,102,3.6,103,396.3,100,85,-9.6,14.8,992.8
635,1/26/2024 11:00,73,0,73,0.0,73,328.4,100,86,-9.4,14.9,992.8
636,1/26/2024 12:00,40,0,40,0.0,40,213.1,100,88,-9.3,13.8,992.8
637,1/26/2024 13:00,9,0,9,0.0,9,62.7,100,90,-9.0,16.6,993.4
638,1/26/2024 14:00,0,0,0,0.0,0,0.0,100,90,-8.7,16.6,993.8
639,1/26/2024 15:00,0,0,0,0.0,0,0.0,100,90,-8.5,16.6,994.1
640,1/26/2024 16:00,0,0,0,0.0,0,0.0,100,90,-8.5,16.6,994.3
641,1/26/2024 17:00,0,0,0,0.0,0,0.0,100,90,-8.4,16.2,994.4
642,1/26/2024 18:00,0,0,0,0.0,0,0.0,100,90,-8.6,16.2,994.4
643,1/26/2024 19:00,0,0,0,0.0,0,0.0,100,90,-8.8,15.9,994.7
644,1/26/2024 20:00,0,0,0,0.0,0,0.0,100,89,-9.1,15.6,994.9
645,1/26/2024 21:00,0,0,0,0.0,0,0.0,100,89,-9.6,15.5,995.0
646,1/26/2024 22:00,0,0,0,0.0,0,0.0,100,88,-10.4,15.3,995.3
647,1/26/2024 23:00,0,0,0,0.0,0,0.0,100,88,-11.8,15.6,995.3
648,1/27/2024 0:00,0,0,0,0.0,0,0.0,100,87,-12.6,14.1,995.4
649,1/27/2024 1:00,0,0,0,0.0,0,0.0,100,83,-13.6,14.3,995.3
650,1/27/2024 2:00,0,0,0,0.0,0,0.0,100,79,-13.6,14.3,995.1
651,1/27/2024 3:00,0,0,0,0.0,0,0.0,100,78,-13.6,14.4,995.4
652,1/27/2024 4:00,0,0,0,0.0,0,0.0,100,78,-13.8,14.7,995.5
653,1/27/2024 5:00,6,0,6,0.0,6,30.4,100,77,-13.6,14.3,995.5
654,1/27/2024 6:00,60,8,52,66.5,60,159.2,99,75,-13.1,13.0,995.8
655,1/27/2024 7:00,139,39,100,188.4,139,292.2,99,73,-12.2,10.6,996.1
656,1/27/2024 8:00,194,65,129,241.1,194,380.4,100,71,-11.4,11.3,996.2
657,1/27/2024 9:00,213,58,155,195.8,213,418.0,100,70,-10.6,11.3,995.8
658,1/27/2024 10:00,176,19,157,66.6,176,402.3,99,71,-10.4,9.9,995.6
659,1/27/2024 11:00,166,52,114,219.3,166,334.5,77,71,-10.1,8.6,995.8
660,1/27/2024 12:00,110,48,62,308.9,110,219.2,95,76,-11.1,7.2,996.0
661,1/27/2024 13:00,28,13,15,146.4,28,65.9,1,81,-12.8,7.6,996.4
662,1/27/2024 14:00,0,0,0,0.0,0,0.0,3,82,-14.4,7.7,996.6
663,1/27/2024 15:00,0,0,0,0.0,0,0.0,9,82,-15.2,8.6,996.7
664,1/27/2024 16:00,0,0,0,0.0,0,0.0,5,82,-15.9,7.8,996.7
665,1/27/2024 17:00,0,0,0,0.0,0,0.0,0,84,-17.2,7.5,996.7
666,1/27/2024 18:00,0,0,0,0.0,0,0.0,0,85,-18.0,7.5,996.7
667,1/27/2024 19:00,0,0,0,0.0,0,0.0,0,86,-19.0,9.4,996.8
668,1/27/2024 20:00,0,0,0,0.0,0,0.0,0,87,-20.0,10.9,996.9
669,1/27/2024 21:00,0,0,0,0.0,0,0.0,0,90,-20.5,10.5,997.0
670,1/27/2024 22:00,0,0,0,0.0,0,0.0,2,91,-20.4,8.2,997.3
671,1/27/2024 23:00,0,0,0,0.0,0,0.0,36,90,-21.5,8.5,997.3
672,1/28/2024 0:00,0,0,0,0.0,0,0.0,67,85,-21.2,7.0,997.3
673,1/28/2024 1:00,0,0,0,0.0,0,0.0,100,84,-16.0,4.9,998.3
674,1/28/2024 2:00,0,0,0,0.0,0,0.0,100,85,-15.6,4.9,998.7
675,1/28/2024 3:00,0,0,0,0.0,0,0.0,100,85,-15.4,5.6,999.2
676,1/28/2024 4:00,0,0,0,0.0,0,0.0,100,85,-14.6,5.4,999.3
677,1/28/2024 5:00,4,0,4,0.0,4,33.0,100,84,-14.1,2.3,999.6
678,1/28/2024 6:00,47,2,45,16.4,47,164.3,100,83,-13.3,0.8,999.7
679,1/28/2024 7:00,97,3,94,14.2,97,297.6,100,80,-11.7,1.0,1000.0
680,1/28/2024 8:00,152,19,133,69.4,152,386.1,99,78,-10.4,0.5,1000.3
681,1/28/2024 9:00,189,30,159,99.8,189,423.9,100,77,-8.9,1.0,1000.3
682,1/28/2024 10:00,173,24,149,82.9,173,408.4,89,76,-8.3,0.8,1000.2
683,1/28/2024 11:00,140,28,112,115.9,140,340.8,98,76,-7.9,2.2,1000.5
684,1/28/2024 12:00,75,10,65,62.6,75,225.5,96,78,-7.9,1.8,1000.7
685,1/28/2024 13:00,21,2,19,22.0,21,70.4,98,81,-8.6,3.8,1001.1
686,1/28/2024 14:00,0,0,0,0.0,0,0.0,98,85,-10.0,6.4,1001.3
687,1/28/2024 15:00,0,0,0,0.0,0,0.0,100,87,-11.1,3.8,1001.1
688,1/28/2024 16:00,0,0,0,0.0,0,0.0,100,87,-11.4,4.7,1001.3
689,1/28/2024 17:00,0,0,0,0.0,0,0.0,100,86,-11.2,5.1,1001.3
690,1/28/2024 18:00,0,0,0,0.0,0,0.0,98,85,-11.6,6.9,1001.2
691,1/28/2024 19:00,0,0,0,0.0,0,0.0,100,85,-10.8,4.4,1001.3
692,1/28/2024 20:00,0,0,0,0.0,0,0.0,100,85,-10.8,4.7,1001.3
693,1/28/2024 21:00,0,0,0,0.0,0,0.0,100,86,-10.6,4.7,1001.4
694,1/28/2024 22:00,0,0,0,0.0,0,0.0,100,85,-10.4,4.1,1001.3
695,1/28/2024 23:00,0,0,0,0.0,0,0.0,100,86,-10.9,4.2,1001.5
696,1/29/2024 0:00,0,0,0,0.0,0,0.0,95,87,-11.1,3.5,1001.8
697,1/29/2024 1:00,0,0,0,0.0,0,0.0,100,88,-10.4,5.1,1002.2
698,1/29/2024 2:00,0,0,0,0.0,0,0.0,100,89,-10.2,6.0,1002.1
699,1/29/2024 3:00,0,0,0,0.0,0,0.0,100,89,-10.1,6.3,1002.1
700,1/29/2024 4:00,0,0,0,0.0,0,0.0,100,89,-10.0,5.8,1002.0
701,1/29/2024 5:00,4,0,4,0.0,4,35.6,97,89,-9.8,4.7,1001.9
702,1/29/2024 6:00,52,3,49,24.1,52,169.6,76,87,-9.2,3.9,1002.0
703,1/29/2024 7:00,147,62,85,288.5,147,303.1,99,84,-8.6,4.1,1002.1
704,1/29/2024 8:00,195,69,126,248.3,195,391.9,100,82,-7.3,5.4,1002.1
705,1/29/2024 9:00,195,39,156,127.9,195,430.0,100,82,-6.4,6.5,1001.9
706,1/29/2024 10:00,152,15,137,51.0,152,414.6,100,83,-6.1,7.2,1001.7
707,1/29/2024 11:00,124,18,106,73.1,124,347.0,100,84,-5.8,7.2,1001.5
708,1/29/2024 12:00,63,1,62,6.1,63,231.7,100,86,-5.7,7.9,1001.4
709,1/29/2024 13:00,14,0,14,0.0,14,76.6,100,89,-6.2,8.5,1001.1
710,1/29/2024 14:00,0,0,0,0.0,0,0.0,100,90,-6.6,8.9,1000.9
711,1/29/2024 15:00,0,0,0,0.0,0,0.0,100,91,-6.4,9.5,1000.4
712,1/29/2024 16:00,0,0,0,0.0,0,0.0,100,92,-6.2,10.6,1000.1
713,1/29/2024 17:00,0,0,0,0.0,0,0.0,100,93,-6.1,10.8,999.8
714,1/29/2024 18:00,0,0,0,0.0,0,0.0,100,94,-5.8,11.1,999.3
715,1/29/2024 19:00,0,0,0,0.0,0,0.0,100,94,-5.7,11.9,998.7
716,1/29/2024 20:00,0,0,0,0.0,0,0.0,100,94,-5.4,12.7,998.1
717,1/29/2024 21:00,0,0,0,0.0,0,0.0,100,94,-5.3,12.9,997.1
718,1/29/2024 22:00,0,0,0,0.0,0,0.0,100,93,-5.1,13.4,996.3
719,1/29/2024 23:00,0,0,0,0.0,0,0.0,100,93,-5.0,13.8,995.4
720,1/30/2024 0:00,0,0,0,0.0,0,0.0,100,93,-5.2,14.6,994.4
721,1/30/2024 1:00,0,0,0,0.0,0,0.0,100,93,-5.4,13.6,993.0
722,1/30/2024 2:00,0,0,0,0.0,0,0.0,100,93,-5.3,12.5,992.7
723,1/30/2024 3:00,0,0,0,0.0,0,0.0,100,93,-5.3,13.3,991.5
724,1/30/2024 4:00,0,0,0,0.0,0,0.0,100,93,-5.3,14.6,990.4
725,1/30/2024 5:00,3,0,3,0.0,3,38.2,100,92,-5.2,13.6,990.0
726,1/30/2024 6:00,19,0,19,0.0,19,174.9,100,93,-5.2,11.9,989.3
727,1/30/2024 7:00,42,0,42,0.0,42,308.8,100,92,-4.9,9.9,988.6
728,1/30/2024 8:00,60,0,60,0.0,60,397.8,100,92,-4.7,10.5,987.6
729,1/30/2024 9:00,83,0,83,0.0,83,436.1,100,91,-4.4,11.5,986.7
730,1/30/2024 10:00,82,0,82,0.0,82,420.9,100,89,-4.1,13.8,986.1
731,1/30/2024 11:00,41,0,41,0.0,41,353.3,100,89,-4.2,11.3,985.9
732,1/30/2024 12:00,31,0,31,0.0,31,238.0,100,90,-4.4,9.9,985.7
733,1/30/2024 13:00,11,0,11,0.0,11,82.8,100,91,-4.8,10.5,986.1
734,1/30/2024 14:00,0,0,0,0.0,0,0.0,100,91,-4.8,12.2,986.1
735,1/30/2024 15:00,0,0,0,0.0,0,0.0,100,91,-4.8,13.0,986.3
736,1/30/2024 16:00,0,0,0,0.0,0,0.0,100,92,-4.9,13.2,986.4
737,1/30/2024 17:00,0,0,0,0.0,0,0.0,100,92,-4.4,14.0,986.5
738,1/30/2024 18:00,0,0,0,0.0,0,0.0,100,93,-3.8,18.3,986.8
739,1/30/2024 19:00,0,0,0,0.0,0,0.0,100,94,-3.0,18.7,986.5
740,1/30/2024 20:00,0,0,0,0.0,0,0.0,100,92,-2.5,19.4,986.3
741,1/30/2024 21:00,0,0,0,0.0,0,0.0,100,91,-2.0,19.9,985.9
742,1/30/2024 22:00,0,0,0,0.0,0,0.0,100,89,-1.6,24.0,986.0
743,1/30/2024 23:00,0,0,0,0.0,0,0.0,100,86,-1.8,25.9,986.5
744,1/31/2024 0:00,0,0,0,0.0,0,0.0,100,84,-1.9,26.9,986.8
745,1/31/2024 1:00,0,0,0,0.0,0,0.0,100,85,-2.3,27.7,987.0
746,1/31/2024 2:00,0,0,0,0.0,0,0.0,100,84,-2.6,28.1,987.6
747,1/31/2024 3:00,0,0,0,0.0,0,0.0,100,85,-2.8,27.2,988.1
748,1/31/2024 4:00,0,0,0,0.0,0,0.0,100,84,-2.9,26.2,988.9
749,1/31/2024 5:00,7,0,7,0.0,7,41.0,100,84,-3.0,24.4,989.4
750,1/31/2024 6:00,74,17,57,132.2,74,180.4,88,83,-3.2,22.6,990.0
751,1/31/2024 7:00,175,91,84,407.9,175,314.5,100,84,-3.4,21.4,990.4
752,1/31/2024 8:00,199,40,159,139.6,199,403.8,91,84,-3.4,21.0,990.3
753,1/31/2024 9:00,234,65,169,207.2,234,442.3,98,85,-3.5,19.6,990.1
754,1/31/2024 10:00,215,53,162,174.9,215,427.2,98,85,-3.4,18.9,990.4
755,1/31/2024 11:00,161,25,136,98.0,161,359.7,95,85,-3.4,18.1,990.5
756,1/31/2024 12:00,108,29,79,167.3,108,244.4,35,86,-3.5,14.0,990.8
757,1/31/2024 13:00,38,18,20,183.7,38,89.1,70,88,-5.1,10.3,990.3
758,1/31/2024 14:00,0,0,0,0.0,0,0.0,79,89,-5.7,11.1,990.6
759,1/31/2024 15:00,0,0,0,0.0,0,0.0,98,89,-5.8,11.8,990.5
760,1/31/2024 16:00,0,0,0,0.0,0,0.0,86,89,-7.4,10.7,990.4
761,1/31/2024 17:00,0,0,0,0.0,0,0.0,67,89,-8.4,9.0,990.3
762,1/31/2024 18:00,0,0,0,0.0,0,0.0,1,90,-9.9,7.1,990.2
763,1/31/2024 19:00,0,0,0,0.0,0,0.0,2,94,-13.1,10.5,989.7
764,1/31/2024 20:00,0,0,0,0.0,0,0.0,95,95,-13.9,10.1,989.4
765,1/31/2024 21:00,0,0,0,0.0,0,0.0,100,91,-15.4,10.1,988.8
766,1/31/2024 22:00,0,0,0,0.0,0,0.0,100,87,-15.8,7.2,988.5
767,1/31/2024 23:00,0,0,0,0.0,0,0.0,100,87,-15.6,6.9,988.3
768,2/1/2024 0:00,0,0,0,0.0,0,0.0,100,89,-13.9,5.4,988.3
769,2/1/2024 1:00,0,0,0,0.0,0,0.0,100,89,-13.3,3.3,987.5
770,2/1/2024 2:00,0,0,0,0.0,0,0.0,100,90,-13.1,3.3,987.5
771,2/1/2024 3:00,0,0,0,0.0,0,0.0,100,90,-12.7,4.3,987.5
772,2/1/2024 4:00,0,0,0,0.0,0,0.0,100,90,-12.1,8.0,987.3
773,2/1/2024 5:00,5,0,5,0.0,5,43.7,100,91,-11.5,9.0,986.8
774,2/1/2024 6:00,44,1,43,7.6,44,185.9,100,93,-10.6,10.6,986.5
775,2/1/2024 7:00,107,13,94,57.2,107,320.3,100,93,-9.9,9.2,985.9
776,2/1/2024 8:00,147,8,139,27.5,147,409.9,100,92,-9.6,9.7,985.6
777,2/1/2024 9:00,193,23,170,72.3,193,448.5,100,94,-9.1,11.9,985.1
778,2/1/2024 10:00,157,7,150,22.8,157,433.6,100,93,-8.4,10.2,984.8
779,2/1/2024 11:00,141,12,129,46.2,141,366.1,100,92,-8.6,12.1,984.3
780,2/1/2024 12:00,83,5,78,28.1,83,250.8,100,93,-9.4,13.3,984.0
781,2/1/2024 13:00,22,0,22,0.0,22,95.4,100,93,-10.8,12.5,983.6
782,2/1/2024 14:00,0,0,0,0.0,0,0.0,100,92,-10.9,11.4,983.2
783,2/1/2024 15:00,0,0,0,0.0,0,0.0,100,91,-10.8,16.1,982.6
784,2/1/2024 16:00,0,0,0,0.0,0,0.0,100,92,-10.7,20.7,981.9
785,2/1/2024 17:00,0,0,0,0.0,0,0.0,100,92,-10.7,21.9,981.2
786,2/1/2024 18:00,0,0,0,0.0,0,0.0,100,91,-10.6,22.6,980.9
787,2/1/2024 19:00,0,0,0,0.0,0,0.0,100,91,-9.9,20.2,980.1
788,2/1/2024 20:00,0,0,0,0.0,0,0.0,100,91,-9.1,18.8,979.3
789,2/1/2024 21:00,0,0,0,0.0,0,0.0,100,90,-8.4,18.3,978.5
790,2/1/2024 22:00,0,0,0,0.0,0,0.0,100,90,-7.8,18.1,977.8
791,2/1/2024 23:00,0,0,0,0.0,0,0.0,100,91,-7.3,18.6,977.3
792,2/2/2024 0:00,0,0,0,0.0,0,0.0,100,90,-6.9,18.9,976.7
793,2/2/2024 1:00,0,0,0,0.0,0,0.0,100,90,-7.3,19.7,976.2
794,2/2/2024 2:00,0,0,0,0.0,0,0.0,100,90,-7.1,19.2,975.6
795,2/2/2024 3:00,0,0,0,0.0,0,0.0,100,90,-6.8,19.1,975.0
796,2/2/2024 4:00,0,0,0,0.0,0,0.0,100,90,-6.7,18.6,974.7
797,2/2/2024 5:00,4,0,4,0.0,4,46.6,100,90,-6.4,17.4,974.4
798,2/2/2024 6:00,22,0,22,0.0,22,191.6,100,91,-6.3,15.0,973.9
799,2/2/2024 7:00,47,0,47,0.0,47,326.3,100,91,-6.1,15.0,973.6
800,2/2/2024 8:00,88,0,88,0.0,88,416.0,100,90,-5.2,16.1,973.2
801,2/2/2024 9:00,74,0,74,0.0,74,454.8,100,91,-4.9,15.1,972.5
802,2/2/2024 10:00,62,0,62,0.0,62,440.0,100,92,-4.7,13.8,972.0
803,2/2/2024 11:00,40,0,40,0.0,40,372.6,100,93,-4.3,13.1,971.4
804,2/2/2024 12:00,33,0,33,0.0,33,257.2,100,95,-4.0,12.6,971.0
805,2/2/2024 13:00,10,0,10,0.0,10,101.7,100,95,-4.8,13.1,971.1
806,2/2/2024 14:00,0,0,0,0.0,0,0.0,100,96,-4.6,17.7,970.9
807,2/2/2024 15:00,0,0,0,0.0,0,0.0,100,96,-3.9,17.0,970.6
808,2/2/2024 16:00,0,0,0,0.0,0,0.0,100,96,-3.5,16.6,970.7
809,2/2/2024 17:00,0,0,0,0.0,0,0.0,100,96,-3.0,15.2,970.2
810,2/2/2024 18:00,0,0,0,0.0,0,0.0,100,97,-2.7,14.8,970.1
811,2/2/2024 19:00,0,0,0,0.0,0,0.0,100,97,-2.2,15.0,969.5
812,2/2/2024 20:00,0,0,0,0.0,0,0.0,100,97,-2.2,14.8,969.0
813,2/2/2024 21:00,0,0,0,0.0,0,0.0,100,97,-2.0,13.1,968.8
814,2/2/2024 22:00,0,0,0,0.0,0,0.0,100,99,-2.0,13.0,968.6
815,2/2/2024 23:00,0,0,0,0.0,0,0.0,100,99,-1.6,12.9,968.3
816,2/3/2024 0:00,0,0,0,0.0,0,0.0,100,98,-1.5,11.6,968.0
817,2/3/2024 1:00,0,0,0,0.0,0,0.0,100,97,-1.6,12.7,967.1
818,2/3/2024 2:00,0,0,0,0.0,0,0.0,100,97,-1.7,14.1,967.1
819,2/3/2024 3:00,0,0,0,0.0,0,0.0,100,96,-2.2,16.9,967.0
820,2/3/2024 4:00,0,0,0,0.0,0,0.0,100,96,-3.0,16.4,967.3
821,2/3/2024 5:00,8,0,8,0.0,8,49.5,100,91,-3.5,14.7,967.2
822,2/3/2024 6:00,33,0,33,0.0,33,197.4,100,91,-3.5,16.2,967.1
823,2/3/2024 7:00,47,0,47,0.0,47,332.3,100,91,-3.0,18.7,966.9
824,2/3/2024 8:00,126,4,122,13.3,126,422.3,100,79,-2.8,26.3,967.1
825,2/3/2024 9:00,137,0,137,0.0,137,461.3,100,78,-3.2,25.4,967.4
826,2/3/2024 10:00,131,1,130,3.2,131,446.6,67,76,-3.8,25.4,967.5
827,2/3/2024 11:00,164,52,112,193.1,164,379.2,88,80,-4.3,22.3,967.9
828,2/3/2024 12:00,122,38,84,202.9,122,263.7,100,84,-5.2,20.6,968.4
829,2/3/2024 13:00,24,0,24,0.0,24,108.1,100,87,-5.8,18.4,968.3
830,2/3/2024 14:00,0,0,0,0.0,0,0.0,100,87,-6.1,18.1,968.8
831,2/3/2024 15:00,0,0,0,0.0,0,0.0,100,88,-6.3,18.6,969.0
832,2/3/2024 16:00,0,0,0,0.0,0,0.0,100,89,-6.6,19.4,969.0
833,2/3/2024 17:00,0,0,0,0.0,0,0.0,100,89,-6.8,18.3,969.3
834,2/3/2024 18:00,0,0,0,0.0,0,0.0,100,90,-7.2,16.3,969.6
835,2/3/2024 19:00,0,0,0,0.0,0,0.0,99,90,-6.9,16.0,969.6
836,2/3/2024 20:00,0,0,0,0.0,0,0.0,100,91,-6.9,16.3,969.4
837,2/3/2024 21:00,0,0,0,0.0,0,0.0,100,91,-6.8,14.8,969.2
838,2/3/2024 22:00,0,0,0,0.0,0,0.0,100,90,-6.7,14.1,969.2
839,2/3/2024 23:00,0,0,0,0.0,0,0.0,100,89,-6.8,15.3,969.6
840,2/4/2024 0:00,0,0,0,0.0,0,0.0,100,89,-7.1,14.8,969.8
841,2/4/2024 1:00,0,0,0,0.0,0,0.0,100,91,-7.4,13.7,969.3
842,2/4/2024 2:00,0,0,0,0.0,0,0.0,100,91,-7.7,15.6,969.6
843,2/4/2024 3:00,0,0,0,0.0,0,0.0,100,90,-7.9,14.1,969.7
844,2/4/2024 4:00,0,0,0,0.0,0,0.0,100,91,-8.1,12.9,969.6
845,2/4/2024 5:00,7,0,7,0.0,7,52.6,100,91,-7.9,13.7,969.7
846,2/4/2024 6:00,56,0,56,0.0,56,203.5,100,90,-7.7,11.7,969.8
847,2/4/2024 7:00,72,2,70,8.3,72,338.6,100,90,-7.3,12.0,969.6
848,2/4/2024 8:00,119,0,119,0.0,119,428.8,100,87,-6.6,15.0,969.1
849,2/4/2024 9:00,99,0,99,0.0,99,467.9,100,88,-6.2,16.3,968.3
850,2/4/2024 10:00,85,0,85,0.0,85,453.2,100,90,-5.7,16.4,967.2
851,2/4/2024 11:00,82,0,82,0.0,82,385.9,100,91,-5.2,16.4,966.2
852,2/4/2024 12:00,46,0,46,0.0,46,270.3,100,92,-4.8,15.3,965.3
853,2/4/2024 13:00,19,0,19,0.0,19,114.6,100,92,-4.9,21.1,964.3
854,2/4/2024 14:00,0,0,0,0.0,0,2.9,100,92,-4.6,20.9,963.3
855,2/4/2024 15:00,0,0,0,0.0,0,0.0,100,92,-4.3,20.8,962.2
856,2/4/2024 16:00,0,0,0,0.0,0,0.0,100,93,-3.8,20.8,961.0
857,2/4/2024 17:00,0,0,0,0.0,0,0.0,100,94,-3.2,20.9,960.1
858,2/4/2024 18:00,0,0,0,0.0,0,0.0,100,95,-2.5,20.9,959.1
859,2/4/2024 19:00,0,0,0,0.0,0,0.0,100,95,-1.8,22.1,958.4
860,2/4/2024 20:00,0,0,0,0.0,0,0.0,100,95,-1.0,23.1,957.9
861,2/4/2024 21:00,0,0,0,0.0,0,0.0,100,96,-0.6,22.5,958.0
862,2/4/2024 22:00,0,0,0,0.0,0,0.0,100,96,-0.3,21.7,958.1
863,2/4/2024 23:00,0,0,0,0.0,0,0.0,100,92,-0.1,23.7,958.2
864,2/5/2024 0:00,0,0,0,0.0,0,0.0,100,91,-0.3,23.4,958.4
865,2/5/2024 1:00,0,0,0,0.0,0,0.0,100,91,-0.3,20.7,958.3
866,2/5/2024 2:00,0,0,0,0.0,0,0.0,100,92,-0.6,18.8,958.6
867,2/5/2024 3:00,0,0,0,0.0,0,0.0,100,90,-0.7,19.9,959.0
868,2/5/2024 4:00,0,0,0,0.0,0,0.0,100,90,-1.5,19.6,959.6
869,2/5/2024 5:00,13,0,13,0.0,13,55.7,100,91,-1.8,19.5,960.4
870,2/5/2024 6:00,44,0,44,0.0,44,209.6,100,91,-1.8,19.5,960.6
871,2/5/2024 7:00,78,7,71,28.6,78,345.0,100,88,-1.4,20.4,960.9
872,2/5/2024 8:00,111,3,108,9.7,111,435.4,99,89,-1.5,23.6,961.0
873,2/5/2024 9:00,164,19,145,56.3,164,474.6,100,87,-1.5,25.7,961.0
874,2/5/2024 10:00,105,0,105,0.0,105,460.0,100,84,-1.5,23.2,961.2
875,2/5/2024 11:00,101,8,93,28.7,101,392.6,100,82,-1.3,20.6,961.4
876,2/5/2024 12:00,64,2,62,10.2,64,277.1,77,88,-1.8,22.1,961.5
877,2/5/2024 13:00,41,9,32,81.9,41,121.2,74,91,-2.0,22.1,961.3
878,2/5/2024 14:00,1,0,1,0.0,1,6.1,71,90,-2.2,20.0,961.7
879,2/5/2024 15:00,0,0,0,0.0,0,0.0,92,92,-2.9,19.2,961.8
880,2/5/2024 16:00,0,0,0,0.0,0,0.0,100,93,-3.2,18.9,961.9
881,2/5/2024 17:00,0,0,0,0.0,0,0.0,100,94,-2.8,17.8,961.9
882,2/5/2024 18:00,0,0,0,0.0,0,0.0,100,94,-2.6,19.6,961.8
883,2/5/2024 19:00,0,0,0,0.0,0,0.0,100,93,-2.7,20.7,961.6
884,2/5/2024 20:00,0,0,0,0.0,0,0.0,100,94,-2.3,19.8,961.3
885,2/5/2024 21:00,0,0,0,0.0,0,0.0,92,91,-2.2,23.0,960.9
886,2/5/2024 22:00,0,0,0,0.0,0,0.0,100,92,-3.3,18.0,960.4
887,2/5/2024 23:00,0,0,0,0.0,0,0.0,100,95,-2.7,18.8,959.7
888,2/6/2024 0:00,0,0,0,0.0,0,0.0,100,93,-2.6,21.3,958.8
889,2/6/2024 1:00,0,0,0,0.0,0,0.0,100,89,-2.5,19.9,957.8
890,2/6/2024 2:00,0,0,0,0.0,0,0.0,100,93,-2.8,19.8,957.2
891,2/6/2024 3:00,0,0,0,0.0,0,0.0,100,94,-2.3,21.9,956.6
892,2/6/2024 4:00,0,0,0,0.0,0,0.0,100,95,-2.0,19.8,956.3
893,2/6/2024 5:00,8,0,8,0.0,8,58.9,100,93,-2.0,23.2,956.3
894,2/6/2024 6:00,17,0,17,0.0,17,216.0,100,94,-1.9,21.4,956.1
895,2/6/2024 7:00,30,0,30,0.0,30,351.6,100,93,-1.5,21.9,955.9
896,2/6/2024 8:00,93,0,93,0.0,93,442.1,100,91,-1.1,20.8,955.6
897,2/6/2024 9:00,118,2,116,5.8,118,481.5,100,92,-1.0,20.8,955.2
898,2/6/2024 10:00,84,0,84,0.0,84,466.9,100,93,-0.9,18.9,954.7
899,2/6/2024 11:00,72,0,72,0.0,72,399.5,100,91,-0.8,18.4,954.7
900,2/6/2024 12:00,30,0,30,0.0,30,283.9,100,92,-1.0,18.1,954.8
901,2/6/2024 13:00,14,0,14,0.0,14,127.8,100,93,-0.9,15.9,954.4
902,2/6/2024 14:00,0,0,0,0.0,0,9.5,100,93,-0.9,12.9,954.0
903,2/6/2024 15:00,0,0,0,0.0,0,0.0,100,93,-1.0,11.9,953.7
904,2/6/2024 16:00,0,0,0,0.0,0,0.0,100,93,-1.2,10.8,953.5
905,2/6/2024 17:00,0,0,0,0.0,0,0.0,100,94,-1.5,10.7,952.5
906,2/6/2024 18:00,0,0,0,0.0,0,0.0,100,94,-1.8,11.0,952.3
907,2/6/2024 19:00,0,0,0,0.0,0,0.0,100,94,-2.0,13.2,951.7
908,2/6/2024 20:00,0,0,0,0.0,0,0.0,100,94,-2.0,15.0,950.9
909,2/6/2024 21:00,0,0,0,0.0,0,0.0,100,94,-2.0,18.4,950.0
910,2/6/2024 22:00,0,0,0,0.0,0,0.0,100,94,-2.0,20.6,949.4
911,2/6/2024 23:00,0,0,0,0.0,0,0.0,100,94,-2.2,21.0,949.2
912,2/7/2024 0:00,0,0,0,0.0,0,0.0,100,93,-2.3,22.9,948.7
913,2/7/2024 1:00,0,0,0,0.0,0,0.0,100,92,-2.8,24.0,947.0
914,2/7/2024 2:00,0,0,0,0.0,0,0.0,100,91,-3.1,25.2,947.1
915,2/7/2024 3:00,0,0,0,0.0,0,0.0,100,91,-3.3,25.8,947.2
916,2/7/2024 4:00,0,0,0,0.0,0,0.0,100,90,-3.5,26.6,947.7
917,2/7/2024 5:00,4,0,4,0.0,4,62.2,100,90,-3.8,27.3,948.0
918,2/7/2024 6:00,40,0,40,0.0,40,222.4,100,88,-3.9,28.2,948.6
919,2/7/2024 7:00,52,0,52,0.0,52,358.3,100,88,-3.8,28.0,949.4
920,2/7/2024 8:00,71,0,71,0.0,71,449.0,100,88,-3.6,27.4,950.4
921,2/7/2024 9:00,105,0,105,0.0,105,488.4,100,87,-3.6,28.0,951.3
922,2/7/2024 10:00,75,0,75,0.0,75,473.9,100,89,-4.6,24.6,952.7
923,2/7/2024 11:00,83,0,83,0.0,83,406.5,100,87,-5.4,24.8,954.0
924,2/7/2024 12:00,57,1,56,4.8,57,290.8,100,85,-6.5,25.4,955.7
925,2/7/2024 13:00,26,0,26,0.0,26,134.6,100,86,-6.4,25.5,955.4
926,2/7/2024 14:00,1,0,1,0.0,1,12.8,100,86,-8.0,25.0,957.1
927,2/7/2024 15:00,0,0,0,0.0,0,0.0,100,85,-8.6,21.6,957.8
928,2/7/2024 16:00,0,0,0,0.0,0,0.0,100,85,-9.5,22.7,958.6
929,2/7/2024 17:00,0,0,0,0.0,0,0.0,100,85,-10.3,20.1,959.4
930,2/7/2024 18:00,0,0,0,0.0,0,0.0,100,85,-11.2,22.9,960.6
931,2/7/2024 19:00,0,0,0,0.0,0,0.0,100,84,-11.9,16.7,961.0
932,2/7/2024 20:00,0,0,0,0.0,0,0.0,100,85,-12.1,16.9,961.9
933,2/7/2024 21:00,0,0,0,0.0,0,0.0,100,85,-12.0,12.2,962.4
934,2/7/2024 22:00,0,0,0,0.0,0,0.0,100,87,-11.8,12.2,962.1
935,2/7/2024 23:00,0,0,0,0.0,0,0.0,100,88,-11.3,14.0,961.5
936,2/8/2024 0:00,0,0,0,0.0,0,0.0,100,86,-11.4,14.8,960.8
937,2/8/2024 1:00,0,0,0,0.0,0,0.0,100,84,-11.9,16.5,959.4
938,2/8/2024 2:00,0,0,0,0.0,0,0.0,100,83,-10.8,20.3,958.3
939,2/8/2024 3:00,0,0,0,0.0,0,0.0,100,87,-9.9,20.9,957.0
940,2/8/2024 4:00,0,0,0,0.0,0,0.0,100,90,-8.2,19.9,956.1
941,2/8/2024 5:00,6,0,6,0.0,6,65.5,100,92,-6.4,17.4,955.3
942,2/8/2024 6:00,26,0,26,0.0,26,229.1,100,93,-5.0,14.4,954.6
943,2/8/2024 7:00,71,1,70,3.9,71,365.1,100,93,-3.0,15.0,954.0
944,2/8/2024 8:00,96,2,94,6.2,96,455.9,100,94,-1.6,11.6,953.2
945,2/8/2024 9:00,96,0,96,0.0,96,495.5,100,95,-1.1,14.1,952.2
946,2/8/2024 10:00,87,6,81,17.5,87,481.0,100,83,0.6,29.5,951.4
947,2/8/2024 11:00,74,3,71,10.2,74,413.6,90,82,-0.6,34.9,952.5
948,2/8/2024 12:00,115,35,80,165.3,115,297.7,100,81,-2.0,32.1,953.6
949,2/8/2024 13:00,43,7,36,59.6,43,141.4,97,82,-2.5,31.0,954.4
950,2/8/2024 14:00,2,0,2,0.0,2,16.2,100,83,-5.1,30.2,956.3
951,2/8/2024 15:00,0,0,0,0.0,0,0.0,100,85,-7.4,27.7,958.3
952,2/8/2024 16:00,0,0,0,0.0,0,0.0,100,84,-8.9,24.9,960.1
953,2/8/2024 17:00,0,0,0,0.0,0,0.0,100,85,-9.8,22.9,961.6
954,2/8/2024 18:00,0,0,0,0.0,0,0.0,100,84,-10.8,20.7,962.9
955,2/8/2024 19:00,0,0,0,0.0,0,0.0,100,83,-11.2,22.2,964.0
956,2/8/2024 20:00,0,0,0,0.0,0,0.0,100,82,-11.2,21.3,964.6
957,2/8/2024 21:00,0,0,0,0.0,0,0.0,100,82,-11.6,19.6,965.2
958,2/8/2024 22:00,0,0,0,0.0,0,0.0,100,81,-11.7,19.3,965.8
959,2/8/2024 23:00,0,0,0,0.0,0,0.0,100,82,-11.8,17.6,966.2
960,2/9/2024 0:00,0,0,0,0.0,0,0.0,100,82,-12.1,18.4,966.6
961,2/9/2024 1:00,0,0,0,0.0,0,0.0,100,82,-11.9,17.4,965.7
962,2/9/2024 2:00,0,0,0,0.0,0,0.0,100,83,-12.3,18.0,966.2
963,2/9/2024 3:00,0,0,0,0.0,0,0.0,100,82,-12.4,18.0,966.5
964,2/9/2024 4:00,0,0,0,0.0,0,0.0,100,81,-12.6,18.3,967.1
965,2/9/2024 5:00,21,1,20,10.9,21,69.0,100,81,-12.8,19.3,967.7
966,2/9/2024 6:00,101,19,82,113.3,101,235.8,100,76,-12.8,22.5,968.0
967,2/9/2024 7:00,158,17,141,64.2,158,372.0,100,71,-12.9,24.4,968.4
968,2/9/2024 8:00,184,8,176,24.3,184,463.0,100,69,-13.2,24.9,968.9
969,2/9/2024 9:00,217,31,186,86.7,217,502.6,100,67,-13.5,24.5,969.3
970,2/9/2024 10:00,224,21,203,60.5,224,488.2,100,67,-13.6,24.6,969.6
971,2/9/2024 11:00,182,21,161,70.2,182,420.7,100,68,-13.5,23.7,970.1
972,2/9/2024 12:00,127,19,108,87.6,127,304.7,100,69,-13.5,22.6,970.4
973,2/9/2024 13:00,48,3,45,25.0,48,148.2,100,73,-13.0,17.4,969.9
974,2/9/2024 14:00,3,0,3,0.0,3,19.7,91,76,-13.8,17.2,970.5
975,2/9/2024 15:00,0,0,0,0.0,0,0.0,98,74,-14.2,18.4,971.2
976,2/9/2024 16:00,0,0,0,0.0,0,0.0,98,76,-14.9,15.9,972.0
977,2/9/2024 17:00,0,0,0,0.0,0,0.0,100,77,-15.3,13.7,972.6
978,2/9/2024 18:00,0,0,0,0.0,0,0.0,98,78,-15.9,13.0,973.2
979,2/9/2024 19:00,0,0,0,0.0,0,0.0,99,79,-16.5,12.3,973.8
980,2/9/2024 20:00,0,0,0,0.0,0,0.0,99,80,-17.3,11.3,974.6
981,2/9/2024 21:00,0,0,0,0.0,0,0.0,77,81,-17.9,11.4,975.6
982,2/9/2024 22:00,0,0,0,0.0,0,0.0,59,82,-18.8,11.4,976.3
983,2/9/2024 23:00,0,0,0,0.0,0,0.0,62,82,-19.4,11.4,976.9
984,2/10/2024 0:00,0,0,0,0.0,0,0.0,72,83,-20.0,11.0,977.4
985,2/10/2024 1:00,0,0,0,0.0,0,0.0,100,84,-19.6,10.5,977.7
986,2/10/2024 2:00,0,0,0,0.0,0,0.0,100,83,-19.4,10.1,978.7
987,2/10/2024 3:00,0,0,0,0.0,0,0.0,100,82,-20.6,7.6,979.1
988,2/10/2024 4:00,0,0,0,0.0,0,0.0,100,82,-21.4,7.6,980.0
989,2/10/2024 5:00,25,3,22,31.9,25,72.5,100,82,-21.3,8.0,980.9
990,2/10/2024 6:00,129,61,68,353.2,129,242.7,100,80,-20.5,6.5,981.8
991,2/10/2024 7:00,249,172,77,637.7,249,379.1,96,76,-18.9,7.9,982.5
992,2/10/2024 8:00,331,244,87,729.3,331,470.2,10,73,-17.7,9.8,983.4
993,2/10/2024 9:00,367,279,88,769.0,367,509.9,80,72,-16.8,9.6,984.1
994,2/10/2024 10:00,354,266,88,754.5,354,495.4,84,70,-16.1,8.8,984.9
995,2/10/2024 11:00,296,219,77,719.2,296,427.9,62,70,-15.9,7.6,985.6
996,2/10/2024 12:00,198,135,63,608.4,198,311.8,46,72,-16.4,6.0,986.3
997,2/10/2024 13:00,82,49,33,399.1,82,155.1,18,78,-19.4,9.1,986.6
998,2/10/2024 14:00,4,1,3,16.7,4,23.1,0,83,-21.8,11.7,987.1
999,2/10/2024 15:00,0,0,0,0.0,0,0.0,0,86,-22.8,11.1,988.0
1000,2/10/2024 16:00,0,0,0,0.0,0,0.0,0,87,-23.8,11.4,988.6
1001,2/10/2024 17:00,0,0,0,0.0,0,0.0,0,86,-24.0,9.9,989.1
1002,2/10/2024 18:00,0,0,0,0.0,0,0.0,0,85,-24.1,9.0,990.0
1003,2/10/2024 19:00,0,0,0,0.0,0,0.0,0,86,-25.0,10.3,990.4
1004,2/10/2024 20:00,0,0,0,0.0,0,0.0,3,88,-26.0,11.6,991.0
1005,2/10/2024 21:00,0,0,0,0.0,0,0.0,41,89,-26.5,11.3,991.8
1006,2/10/2024 22:00,0,0,0,0.0,0,0.0,98,87,-26.4,10.0,992.4
1007,2/10/2024 23:00,0,0,0,0.0,0,0.0,100,82,-25.6,8.9,993.4
1008,2/11/2024 0:00,0,0,0,0.0,0,0.0,100,80,-24.5,7.6,994.3
1009,2/11/2024 1:00,0,0,0,0.0,0,0.0,100,80,-22.6,5.4,995.1
1010,2/11/2024 2:00,0,0,0,0.0,0,0.0,100,80,-22.1,5.6,995.7
1011,2/11/2024 3:00,0,0,0,0.0,0,0.0,100,79,-21.0,6.6,996.2
1012,2/11/2024 4:00,0,0,0,0.0,0,0.0,100,80,-20.2,4.8,996.6
1013,2/11/2024 5:00,24,2,22,20.7,24,77.2,100,82,-20.0,3.4,997.3
1014,2/11/2024 6:00,101,18,83,101.3,101,249.7,100,79,-18.8,4.2,998.4
1015,2/11/2024 7:00,185,45,140,163.7,185,386.2,100,76,-17.5,6.7,999.2
1016,2/11/2024 8:00,247,71,176,208.9,247,477.5,100,75,-16.9,7.5,999.8
1017,2/11/2024 9:00,269,67,202,182.0,269,517.2,100,75,-16.5,8.4,1000.1
1018,2/11/2024 10:00,281,88,193,245.9,281,502.8,100,75,-16.0,6.9,1000.1
1019,2/11/2024 11:00,237,73,164,235.7,237,435.1,100,76,-15.6,3.3,1000.0
1020,2/11/2024 12:00,171,62,109,273.1,171,318.9,100,78,-15.9,2.3,1000.0
1021,2/11/2024 13:00,65,13,52,103.7,65,162.1,97,81,-16.7,3.6,1000.7
1022,2/11/2024 14:00,4,0,4,0.0,4,26.6,95,80,-16.5,4.7,1000.7
1023,2/11/2024 15:00,0,0,0,0.0,0,0.0,94,82,-18.2,6.8,1000.9
1024,2/11/2024 16:00,0,0,0,0.0,0,0.0,80,85,-19.5,6.2,1001.0
1025,2/11/2024 17:00,0,0,0,0.0,0,0.0,72,82,-20.8,7.6,1000.8
1026,2/11/2024 18:00,0,0,0,0.0,0,0.0,58,82,-22.0,7.6,1000.5
1027,2/11/2024 19:00,0,0,0,0.0,0,0.0,73,81,-22.7,6.8,1000.7
1028,2/11/2024 20:00,0,0,0,0.0,0,0.0,74,81,-23.5,6.6,1000.8
1029,2/11/2024 21:00,0,0,0,0.0,0,0.0,100,81,-23.6,8.2,1000.8
1030,2/11/2024 22:00,0,0,0,0.0,0,0.0,100,81,-22.9,9.3,1000.7
1031,2/11/2024 23:00,0,0,0,0.0,0,0.0,100,80,-21.5,8.6,1000.6
1032,2/12/2024 0:00,0,0,0,0.0,0,0.0,100,80,-20.8,8.9,1000.5
1033,2/12/2024 1:00,0,0,0,0.0,0,0.0,100,81,-20.5,7.9,1000.5
1034,2/12/2024 2:00,0,0,0,0.0,0,0.0,100,81,-20.6,8.9,1000.2
1035,2/12/2024 3:00,0,0,0,0.0,0,0.0,100,81,-20.4,10.5,1000.1
1036,2/12/2024 4:00,0,0,0,0.0,0,0.0,100,81,-20.5,10.8,999.8
1037,2/12/2024 5:00,27,3,24,30.3,27,84.1,100,82,-20.1,11.2,999.9
1038,2/12/2024 6:00,104,21,83,114.9,104,256.8,100,81,-19.5,9.5,999.4
1039,2/12/2024 7:00,223,97,126,346.2,223,393.5,100,79,-17.5,13.4,999.4
1040,2/12/2024 8:00,275,100,175,289.7,275,484.8,86,76,-16.1,10.9,999.0
1041,2/12/2024 9:00,348,217,131,580.9,348,524.6,82,73,-14.9,10.8,998.1
1042,2/12/2024 10:00,361,268,93,737.7,361,510.1,60,73,-13.8,10.9,997.0
1043,2/12/2024 11:00,305,228,77,723.7,305,442.4,94,73,-13.3,12.1,996.5
1044,2/12/2024 12:00,209,148,61,637.3,209,326.1,100,75,-13.6,11.1,996.1
1045,2/12/2024 13:00,90,54,36,421.6,90,169.1,100,78,-14.4,14.0,996.0
1046,2/12/2024 14:00,6,1,5,15.4,6,30.1,100,78,-15.4,15.5,995.2
1047,2/12/2024 15:00,0,0,0,0.0,0,0.0,100,78,-15.6,17.1,994.4
1048,2/12/2024 16:00,0,0,0,0.0,0,0.0,100,77,-15.1,18.8,993.2
1049,2/12/2024 17:00,0,0,0,0.0,0,0.0,100,77,-13.9,21.6,992.2
1050,2/12/2024 18:00,0,0,0,0.0,0,0.0,100,77,-13.5,18.1,991.4
1051,2/12/2024 19:00,0,0,0,0.0,0,0.0,100,77,-12.6,22.1,990.4
1052,2/12/2024 20:00,0,0,0,0.0,0,0.0,100,82,-11.2,20.8,989.4
1053,2/12/2024 21:00,0,0,0,0.0,0,0.0,100,86,-10.9,21.3,988.5
1054,2/12/2024 22:00,0,0,0,0.0,0,0.0,100,88,-10.1,20.3,987.4
1055,2/12/2024 23:00,0,0,0,0.0,0,0.0,100,89,-8.9,19.9,986.0
1056,2/13/2024 0:00,0,0,0,0.0,0,0.0,100,90,-7.7,19.1,984.9
1057,2/13/2024 1:00,0,0,0,0.0,0,0.0,100,91,-7.1,17.8,983.6
1058,2/13/2024 2:00,0,0,0,0.0,0,0.0,100,92,-6.2,15.7,982.8
1059,2/13/2024 3:00,0,0,0,0.0,0,0.0,100,93,-5.3,12.4,981.9
1060,2/13/2024 4:00,0,0,0,0.0,0,0.0,100,94,-4.7,10.8,981.5
1061,2/13/2024 5:00,13,0,13,0.0,13,91.1,100,94,-4.1,11.0,981.6
1062,2/13/2024 6:00,44,0,44,0.0,44,264.0,100,93,-3.7,10.0,981.5
1063,2/13/2024 7:00,72,0,72,0.0,72,400.8,100,93,-3.8,14.1,981.9
1064,2/13/2024 8:00,103,0,103,0.0,103,492.2,100,90,-4.0,13.3,982.2
1065,2/13/2024 9:00,102,0,102,0.0,102,532.0,100,88,-4.2,12.8,982.7
1066,2/13/2024 10:00,105,0,105,0.0,105,517.6,100,86,-4.7,12.7,982.6
1067,2/13/2024 11:00,77,0,77,0.0,77,449.8,100,85,-5.3,14.6,983.5
1068,2/13/2024 12:00,53,0,53,0.0,53,333.3,100,83,-5.9,15.8,984.3
1069,2/13/2024 13:00,30,0,30,0.0,30,176.1,100,83,-7.3,15.2,985.0
1070,2/13/2024 14:00,3,0,3,0.0,3,33.6,94,82,-7.8,16.0,986.0
1071,2/13/2024 15:00,0,0,0,0.0,0,0.0,100,83,-8.7,17.3,987.2
1072,2/13/2024 16:00,0,0,0,0.0,0,0.0,100,85,-9.6,17.3,988.3
1073,2/13/2024 17:00,0,0,0,0.0,0,0.0,100,85,-10.2,15.1,989.7
1074,2/13/2024 18:00,0,0,0,0.0,0,0.0,65,82,-10.9,16.0,990.3
1075,2/13/2024 19:00,0,0,0,0.0,0,0.0,1,83,-12.7,14.3,991.1
1076,2/13/2024 20:00,0,0,0,0.0,0,0.0,10,84,-15.2,12.0,991.8
1077,2/13/2024 21:00,0,0,0,0.0,0,0.0,100,84,-16.7,11.7,992.7
1078,2/13/2024 22:00,0,0,0,0.0,0,0.0,99,84,-17.1,12.7,993.1
1079,2/13/2024 23:00,0,0,0,0.0,0,0.0,100,83,-16.3,14.1,993.8
1080,2/14/2024 0:00,0,0,0,0.0,0,0.0,99,82,-16.0,13.6,994.4
1081,2/14/2024 1:00,0,0,0,0.0,0,0.0,99,83,-15.3,13.4,994.9
1082,2/14/2024 2:00,0,0,0,0.0,0,0.0,100,83,-15.6,13.0,995.4
1083,2/14/2024 3:00,0,0,0,0.0,0,0.0,98,82,-16.0,13.2,995.9
1084,2/14/2024 4:00,0,0,0,0.0,0,0.0,98,81,-16.2,13.4,996.3
1085,2/14/2024 5:00,38,7,31,67.1,38,98.2,71,80,-16.2,12.7,997.5
1086,2/14/2024 6:00,149,71,78,367.3,149,271.2,11,77,-15.5,14.3,998.4
1087,2/14/2024 7:00,277,194,83,666.9,277,408.2,2,75,-15.1,12.5,998.8
1088,2/14/2024 8:00,366,284,82,797.6,366,499.7,2,75,-14.8,13.7,998.8
1089,2/14/2024 9:00,403,318,85,827.1,403,539.5,0,73,-14.4,14.0,999.1
1090,2/14/2024 10:00,390,307,83,820.5,390,525.0,0,73,-14.2,13.9,999.2
1091,2/14/2024 11:00,329,253,76,776.6,329,457.1,0,74,-14.4,13.7,999.7
1092,2/14/2024 12:00,227,165,62,679.9,227,340.5,0,74,-14.9,13.2,1000.3
1093,2/14/2024 13:00,104,65,39,487.0,104,183.2,0,77,-15.9,14.4,1000.4
1094,2/14/2024 14:00,9,4,5,57.4,9,37.2,0,78,-17.6,15.3,1001.2
1095,2/14/2024 15:00,0,0,0,0.0,0,0.0,0,79,-18.8,16.3,1001.5
1096,2/14/2024 16:00,0,0,0,0.0,0,0.0,0,78,-19.6,17.1,1002.1
1097,2/14/2024 17:00,0,0,0,0.0,0,0.0,0,78,-20.3,17.9,1002.5
1098,2/14/2024 18:00,0,0,0,0.0,0,0.0,0,76,-20.7,18.4,1003.0
1099,2/14/2024 19:00,0,0,0,0.0,0,0.0,0,76,-21.1,18.7,1003.4
1100,2/14/2024 20:00,0,0,0,0.0,0,0.0,0,75,-21.5,18.6,1003.9
1101,2/14/2024 21:00,0,0,0,0.0,0,0.0,0,74,-22.0,18.3,1004.5
1102,2/14/2024 22:00,0,0,0,0.0,0,0.0,0,73,-22.6,18.3,1005.1
1103,2/14/2024 23:00,0,0,0,0.0,0,0.0,0,72,-23.1,18.8,1005.7
1104,2/15/2024 0:00,0,0,0,0.0,0,0.0,0,72,-23.6,19.4,1006.2
1105,2/15/2024 1:00,0,0,0,0.0,0,0.0,0,72,-23.8,19.6,1006.4
1106,2/15/2024 2:00,0,0,0,0.0,0,0.0,0,71,-24.1,19.6,1007.2
1107,2/15/2024 3:00,0,0,0,0.0,0,0.0,0,70,-24.4,19.3,1008.0
1108,2/15/2024 4:00,0,0,0,0.0,0,0.0,0,70,-24.6,19.4,1008.8
1109,2/15/2024 5:00,53,31,22,289.8,53,105.4,0,68,-24.3,18.8,1009.6
1110,2/15/2024 6:00,179,127,52,639.5,179,278.6,0,65,-23.2,17.6,1010.5
1111,2/15/2024 7:00,298,228,70,769.5,298,415.7,0,62,-22.1,17.8,1011.2
1112,2/15/2024 8:00,381,302,79,835.2,381,507.2,0,61,-21.3,15.3,1011.5
1113,2/15/2024 9:00,418,335,83,859.0,418,547.1,0,60,-20.4,15.0,1011.9
1114,2/15/2024 10:00,405,323,82,850.8,405,532.5,0,59,-19.7,14.0,1012.1
1115,2/15/2024 11:00,343,268,75,809.3,343,464.5,0,59,-19.4,13.8,1012.3
1116,2/15/2024 12:00,239,178,61,717.9,239,347.8,0,61,-19.6,13.2,1012.9
1117,2/15/2024 13:00,112,73,39,536.1,112,190.2,0,65,-20.7,13.5,1013.7
1118,2/15/2024 14:00,11,5,6,69.3,11,40.7,0,68,-22.2,14.5,1014.2
1119,2/15/2024 15:00,0,0,0,0.0,0,0.0,0,69,-23.1,15.5,1014.4
1120,2/15/2024 16:00,0,0,0,0.0,0,0.0,0,69,-23.6,16.0,1014.8
1121,2/15/2024 17:00,0,0,0,0.0,0,0.0,0,69,-24.1,15.3,1015.2
1122,2/15/2024 18:00,0,0,0,0.0,0,0.0,0,69,-24.6,14.0,1015.6
1123,2/15/2024 19:00,0,0,0,0.0,0,0.0,0,68,-25.1,12.4,1015.9
1124,2/15/2024 20:00,0,0,0,0.0,0,0.0,0,68,-25.6,10.9,1015.8
1125,2/15/2024 21:00,0,0,0,0.0,0,0.0,0,67,-25.8,10.4,1015.8
1126,2/15/2024 22:00,0,0,0,0.0,0,0.0,0,66,-25.9,11.5,1016.3
1127,2/15/2024 23:00,0,0,0,0.0,0,0.0,21,67,-26.3,8.5,1016.8
1128,2/16/2024 0:00,0,0,0,0.0,0,0.0,88,67,-27.1,9.3,1016.9
1129,2/16/2024 1:00,0,0,0,0.0,0,0.0,100,70,-28.9,7.9,1017.1
1130,2/16/2024 2:00,0,0,0,0.0,0,0.0,100,70,-29.0,7.1,1017.4
1131,2/16/2024 3:00,0,0,0,0.0,0,0.0,100,70,-29.3,6.6,1017.5
1132,2/16/2024 4:00,0,0,0,0.0,0,0.0,100,70,-28.9,6.3,1017.7
1133,2/16/2024 5:00,44,7,37,63.8,44,112.6,100,68,-27.0,7.6,1018.4
1134,2/16/2024 6:00,141,37,104,181.4,141,286.0,100,62,-22.9,7.7,1019.0
1135,2/16/2024 7:00,223,53,170,175.6,223,423.2,100,58,-20.3,7.4,1019.2
1136,2/16/2024 8:00,285,74,211,201.6,285,514.8,100,57,-18.1,6.5,1019.2
1137,2/16/2024 9:00,294,54,240,136.5,294,554.6,100,56,-16.6,8.2,1019.2
1138,2/16/2024 10:00,277,47,230,122.0,277,540.0,100,57,-16.0,8.7,1019.3
1139,2/16/2024 11:00,235,38,197,112.9,235,471.9,100,57,-15.9,8.4,1019.4
1140,2/16/2024 12:00,149,9,140,35.5,149,355.0,100,59,-16.0,8.0,1019.3
1141,2/16/2024 13:00,67,1,66,7.1,67,197.3,100,63,-16.4,9.6,1019.5
1142,2/16/2024 14:00,8,0,8,0.0,8,44.3,100,66,-16.9,10.4,1019.1
1143,2/16/2024 15:00,0,0,0,0.0,0,0.0,100,67,-17.0,11.0,1018.6
1144,2/16/2024 16:00,0,0,0,0.0,0,0.0,100,65,-17.0,12.3,1018.1
1145,2/16/2024 17:00,0,0,0,0.0,0,0.0,100,65,-16.9,13.1,1017.9
1146,2/16/2024 18:00,0,0,0,0.0,0,0.0,100,65,-16.9,13.1,1017.7
1147,2/16/2024 19:00,0,0,0,0.0,0,0.0,100,66,-16.8,13.5,1017.3
1148,2/16/2024 20:00,0,0,0,0.0,0,0.0,100,66,-16.6,14.2,1016.5
1149,2/16/2024 21:00,0,0,0,0.0,0,0.0,100,65,-16.5,15.9,1016.0
1150,2/16/2024 22:00,0,0,0,0.0,0,0.0,100,66,-16.6,17.0,1015.7
1151,2/16/2024 23:00,0,0,0,0.0,0,0.0,100,66,-16.8,16.2,1015.3
1152,2/17/2024 0:00,0,0,0,0.0,0,0.0,100,67,-16.8,14.9,1014.9
1153,2/17/2024 1:00,0,0,0,0.0,0,0.0,100,69,-16.8,15.0,1014.6
1154,2/17/2024 2:00,0,0,0,0.0,0,0.0,100,70,-16.8,14.3,1014.1
1155,2/17/2024 3:00,0,0,0,0.0,0,0.0,100,71,-16.7,14.6,1013.6
1156,2/17/2024 4:00,0,0,0,0.0,0,1.8,100,71,-16.5,16.0,1013.4
1157,2/17/2024 5:00,31,0,31,0.0,31,120.0,100,70,-16.0,15.9,1013.4
1158,2/17/2024 6:00,91,1,90,4.8,91,293.5,100,71,-15.4,13.4,1013.3
1159,2/17/2024 7:00,146,3,143,9.8,146,430.8,100,68,-14.7,14.8,1012.8
1160,2/17/2024 8:00,216,12,204,32.2,216,522.4,100,66,-13.9,15.9,1012.5
1161,2/17/2024 9:00,273,43,230,107.2,273,562.2,100,64,-13.2,16.9,1011.9
1162,2/17/2024 10:00,255,29,226,74.2,255,547.6,100,64,-12.8,16.2,1011.4
1163,2/17/2024 11:00,234,47,187,137.4,234,479.4,100,65,-12.6,15.9,1010.8
1164,2/17/2024 12:00,158,20,138,77.4,158,362.3,100,68,-12.7,14.9,1010.2
1165,2/17/2024 13:00,76,6,70,41.1,76,204.4,100,70,-13.2,18.0,1010.5
1166,2/17/2024 14:00,10,0,10,0.0,10,47.9,100,72,-13.8,18.0,1010.0
1167,2/17/2024 15:00,0,0,0,0.0,0,0.0,100,74,-14.1,18.0,1009.6
1168,2/17/2024 16:00,0,0,0,0.0,0,0.0,100,74,-14.3,18.7,1009.2
1169,2/17/2024 17:00,0,0,0,0.0,0,0.0,100,74,-14.6,18.7,1008.7
1170,2/17/2024 18:00,0,0,0,0.0,0,0.0,100,75,-14.9,19.1,1008.4
1171,2/17/2024 19:00,0,0,0,0.0,0,0.0,100,75,-15.1,18.1,1008.2
1172,2/17/2024 20:00,0,0,0,0.0,0,0.0,100,76,-15.2,17.7,1007.7
1173,2/17/2024 21:00,0,0,0,0.0,0,0.0,95,76,-15.4,17.3,1007.3
1174,2/17/2024 22:00,0,0,0,0.0,0,0.0,98,75,-15.5,17.7,1007.0
1175,2/17/2024 23:00,0,0,0,0.0,0,0.0,98,75,-15.4,17.7,1006.8
1176,2/18/2024 0:00,0,0,0,0.0,0,0.0,86,76,-15.9,17.7,1006.1
1177,2/18/2024 1:00,0,0,0,0.0,0,0.0,0,76,-16.4,18.7,1005.7
1178,2/18/2024 2:00,0,0,0,0.0,0,0.0,18,76,-16.8,19.1,1005.5
1179,2/18/2024 3:00,0,0,0,0.0,0,0.0,40,76,-17.2,19.1,1005.0
1180,2/18/2024 4:00,1,0,1,0.0,1,5.5,87,76,-17.5,19.5,1004.7
1181,2/18/2024 5:00,61,28,33,243.0,61,127.4,95,74,-17.0,19.9,1004.7
1182,2/18/2024 6:00,179,103,76,479.4,179,301.0,98,71,-16.0,18.4,1004.3
1183,2/18/2024 7:00,292,188,104,600.9,292,438.4,97,68,-14.8,17.7,1003.9
1184,2/18/2024 8:00,386,289,97,763.9,386,530.0,22,65,-13.6,19.9,1003.2
1185,2/18/2024 9:00,429,342,87,840.9,429,569.9,6,63,-12.6,21.6,1002.7
1186,2/18/2024 10:00,414,327,87,825.3,414,555.1,66,62,-12.0,21.0,1002.0
1187,2/18/2024 11:00,348,263,85,757.0,348,486.8,53,62,-11.6,20.6,1001.4
1188,2/18/2024 12:00,245,171,74,648.2,245,369.6,92,65,-11.6,19.7,1001.0
1189,2/18/2024 13:00,102,35,67,231.9,102,211.5,100,66,-11.6,24.1,1001.2
1190,2/18/2024 14:00,12,0,12,0.0,12,51.4,100,67,-11.9,24.5,1001.0
1191,2/18/2024 15:00,0,0,0,0.0,0,0.0,100,67,-12.1,25.7,1000.6
1192,2/18/2024 16:00,0,0,0,0.0,0,0.0,100,67,-11.9,26.0,1000.2
1193,2/18/2024 17:00,0,0,0,0.0,0,0.0,100,67,-11.6,26.4,999.7
1194,2/18/2024 18:00,0,0,0,0.0,0,0.0,100,67,-11.4,27.1,998.9
1195,2/18/2024 19:00,0,0,0,0.0,0,0.0,100,66,-11.0,26.3,999.0
1196,2/18/2024 20:00,0,0,0,0.0,0,0.0,100,66,-10.8,25.9,998.5
1197,2/18/2024 21:00,0,0,0,0.0,0,0.0,100,66,-10.7,26.3,998.3
1198,2/18/2024 22:00,0,0,0,0.0,0,0.0,100,68,-10.8,26.0,998.2
1199,2/18/2024 23:00,0,0,0,0.0,0,0.0,100,69,-10.8,25.7,998.1
1200,2/19/2024 0:00,0,0,0,0.0,0,0.0,100,70,-10.6,25.7,997.6
1201,2/19/2024 1:00,0,0,0,0.0,0,0.0,100,72,-10.6,26.0,997.7
1202,2/19/2024 2:00,0,0,0,0.0,0,0.0,100,71,-10.6,26.0,997.5
1203,2/19/2024 3:00,0,0,0,0.0,0,0.0,100,71,-10.8,26.0,997.5
1204,2/19/2024 4:00,1,0,1,0.0,1,9.2,100,71,-11.1,25.9,997.2
1205,2/19/2024 5:00,37,1,36,8.5,37,134.8,100,71,-11.1,25.9,997.5
1206,2/19/2024 6:00,97,1,96,4.5,97,308.6,100,72,-11.1,21.3,997.7
1207,2/19/2024 7:00,177,13,164,40.8,177,446.0,100,71,-10.9,23.0,997.8
1208,2/19/2024 8:00,221,12,209,31.3,221,537.7,100,71,-10.7,23.8,997.9
1209,2/19/2024 9:00,277,24,253,58.2,277,577.5,100,72,-10.5,23.8,997.7
1210,2/19/2024 10:00,259,27,232,67.2,259,562.6,100,73,-10.2,22.3,997.5
1211,2/19/2024 11:00,202,6,196,17.0,202,494.2,100,74,-10.2,19.8,997.5
1212,2/19/2024 12:00,141,3,138,11.1,141,376.8,100,76,-10.4,18.1,997.5
1213,2/19/2024 13:00,73,1,72,6.4,73,218.6,100,81,-11.2,18.9,998.6
1214,2/19/2024 14:00,11,0,11,0.0,11,55.0,100,82,-11.6,18.9,998.8
1215,2/19/2024 15:00,0,0,0,0.0,0,0.0,100,83,-12.1,18.7,999.2
1216,2/19/2024 16:00,0,0,0,0.0,0,0.0,100,82,-12.4,18.4,999.3
1217,2/19/2024 17:00,0,0,0,0.0,0,0.0,100,81,-12.6,16.9,999.5
1218,2/19/2024 18:00,0,0,0,0.0,0,0.0,100,80,-13.0,15.5,999.4
1219,2/19/2024 19:00,0,0,0,0.0,0,0.0,100,80,-13.2,14.5,999.8
1220,2/19/2024 20:00,0,0,0,0.0,0,0.0,100,80,-13.4,13.9,999.8
1221,2/19/2024 21:00,0,0,0,0.0,0,0.0,100,80,-13.8,13.3,999.9
1222,2/19/2024 22:00,0,0,0,0.0,0,0.0,100,80,-14.0,12.8,1000.1
1223,2/19/2024 23:00,0,0,0,0.0,0,0.0,100,81,-14.2,12.2,1000.3
1224,2/20/2024 0:00,0,0,0,0.0,0,0.0,100,81,-14.6,11.3,1000.2
1225,2/20/2024 1:00,0,0,0,0.0,0,0.0,100,81,-14.8,10.6,1000.7
1226,2/20/2024 2:00,0,0,0,0.0,0,0.0,100,81,-15.5,9.0,1000.8
1227,2/20/2024 3:00,0,0,0,0.0,0,0.0,99,80,-16.5,7.5,1000.9
1228,2/20/2024 4:00,2,0,2,0.0,2,13.0,93,81,-18.0,6.6,1001.0
1229,2/20/2024 5:00,64,22,42,182.1,64,142.4,36,80,-17.6,6.1,1001.4
1230,2/20/2024 6:00,191,117,74,518.0,191,316.2,25,75,-16.2,4.6,1001.8
1231,2/20/2024 7:00,305,210,95,648.1,305,453.7,52,69,-14.8,6.0,1002.3
1232,2/20/2024 8:00,386,278,108,713.6,386,545.4,80,66,-13.6,6.1,1002.4
1233,2/20/2024 9:00,423,312,111,746.5,423,585.1,46,64,-12.7,5.9,1002.3
1234,2/20/2024 10:00,414,311,103,763.6,414,570.2,40,63,-12.1,4.6,1002.3
1235,2/20/2024 11:00,354,265,89,739.6,354,501.6,4,63,-11.9,3.3,1002.3
1236,2/20/2024 12:00,254,180,74,656.1,254,384.1,0,67,-12.6,3.1,1002.3
1237,2/20/2024 13:00,128,79,49,490.1,128,225.6,0,75,-15.4,7.9,1002.0
1238,2/20/2024 14:00,20,9,11,106.2,20,58.5,0,81,-18.5,9.9,1002.1
1239,2/20/2024 15:00,0,0,0,0.0,0,0.0,0,85,-20.5,9.9,1002.1
1240,2/20/2024 16:00,0,0,0,0.0,0,0.0,5,88,-22.8,10.3,1001.9
1241,2/20/2024 17:00,0,0,0,0.0,0,0.0,0,85,-22.6,7.9,1002.0
1242,2/20/2024 18:00,0,0,0,0.0,0,0.0,0,85,-23.4,8.4,1001.7
1243,2/20/2024 19:00,0,0,0,0.0,0,0.0,0,88,-24.5,10.2,1001.7
1244,2/20/2024 20:00,0,0,0,0.0,0,0.0,56,86,-25.6,11.2,1001.3
1245,2/20/2024 21:00,0,0,0,0.0,0,0.0,59,85,-25.8,10.4,1001.5
1246,2/20/2024 22:00,0,0,0,0.0,0,0.0,33,87,-26.4,10.2,1001.6
1247,2/20/2024 23:00,0,0,0,0.0,0,0.0,50,87,-27.0,10.4,1001.6
1248,2/21/2024 0:00,0,0,0,0.0,0,0.0,74,85,-27.0,9.3,1001.7
1249,2/21/2024 1:00,0,0,0,0.0,0,0.0,100,83,-26.2,7.4,1001.6
1250,2/21/2024 2:00,0,0,0,0.0,0,0.0,100,82,-24.8,5.6,1001.8
1251,2/21/2024 3:00,0,0,0,0.0,0,0.0,100,80,-24.4,4.7,1002.0
1252,2/21/2024 4:00,2,0,2,0.0,2,16.7,100,80,-23.4,3.6,1002.5
1253,2/21/2024 5:00,51,4,47,32.4,51,149.9,100,80,-22.5,3.3,1002.7
1254,2/21/2024 6:00,145,25,120,108.0,145,323.8,100,78,-20.5,3.5,1003.2
1255,2/21/2024 7:00,236,54,182,163.8,236,461.3,100,76,-19.0,5.8,1003.3
1256,2/21/2024 8:00,319,96,223,242.9,319,553.0,100,76,-17.6,6.4,1003.5
1257,2/21/2024 9:00,367,139,228,328.2,367,592.7,100,75,-16.6,6.6,1003.5
1258,2/21/2024 10:00,385,208,177,503.8,385,577.7,100,74,-15.9,6.3,1003.2
1259,2/21/2024 11:00,341,209,132,574.6,341,509.0,100,74,-15.4,5.2,1003.2
1260,2/21/2024 12:00,243,139,104,497.1,243,391.3,100,75,-15.4,3.9,1003.2
1261,2/21/2024 13:00,136,87,49,523.2,136,232.7,0,77,-17.8,6.8,1003.1
1262,2/21/2024 14:00,22,10,12,114.6,22,62.1,0,81,-20.6,9.1,1002.9
1263,2/21/2024 15:00,0,0,0,0.0,0,0.0,0,80,-20.9,6.1,1002.6
1264,2/21/2024 16:00,0,0,0,0.0,0,0.0,0,79,-22.1,6.5,1002.6
1265,2/21/2024 17:00,0,0,0,0.0,0,0.0,0,85,-24.5,10.5,1002.2
1266,2/21/2024 18:00,0,0,0,0.0,0,0.0,27,89,-24.9,9.7,1002.3
1267,2/21/2024 19:00,0,0,0,0.0,0,0.0,62,88,-25.5,10.4,1002.3
1268,2/21/2024 20:00,0,0,0,0.0,0,0.0,81,84,-26.1,9.8,1002.2
1269,2/21/2024 21:00,0,0,0,0.0,0,0.0,73,82,-25.9,8.5,1002.4
1270,2/21/2024 22:00,0,0,0,0.0,0,0.0,98,79,-24.9,6.6,1002.5
1271,2/21/2024 23:00,0,0,0,0.0,0,0.0,99,79,-25.1,6.9,1002.3
1272,2/22/2024 0:00,0,0,0,0.0,0,0.0,98,79,-25.5,5.8,1002.3
1273,2/22/2024 1:00,0,0,0,0.0,0,0.0,100,80,-22.0,5.8,1003.1
1274,2/22/2024 2:00,0,0,0,0.0,0,0.0,100,80,-22.0,5.4,1003.4
1275,2/22/2024 3:00,0,0,0,0.0,0,0.0,100,81,-22.0,5.8,1003.5
1276,2/22/2024 4:00,2,0,2,0.0,2,20.5,100,80,-21.8,6.8,1003.6
1277,2/22/2024 5:00,56,9,47,71.2,56,157.5,100,79,-21.5,7.7,1003.8
1278,2/22/2024 6:00,144,23,121,97.1,144,331.5,100,75,-19.7,7.0,1004.2
1279,2/22/2024 7:00,250,84,166,250.5,250,469.0,100,73,-17.9,5.2,1004.7
1280,2/22/2024 8:00,284,53,231,132.2,284,560.7,100,73,-16.6,5.9,1004.7
1281,2/22/2024 9:00,359,140,219,326.2,359,600.3,100,73,-15.3,7.1,1004.7
1282,2/22/2024 10:00,347,136,211,325.1,347,585.2,100,74,-14.6,7.7,1004.5
1283,2/22/2024 11:00,294,107,187,289.9,294,516.3,100,73,-14.6,7.7,1004.5
1284,2/22/2024 12:00,222,94,128,329.9,222,398.5,95,74,-15.0,7.4,1004.4
1285,2/22/2024 13:00,118,45,73,262.6,118,239.7,61,77,-15.9,5.3,1004.9
1286,2/22/2024 14:00,23,8,15,89.1,23,65.6,15,80,-18.4,5.9,1004.8
1287,2/22/2024 15:00,0,0,0,0.0,0,0.0,1,81,-20.5,6.5,1004.6
1288,2/22/2024 16:00,0,0,0,0.0,0,0.0,0,82,-21.6,6.9,1004.4
1289,2/22/2024 17:00,0,0,0,0.0,0,0.0,1,84,-23.0,9.2,1004.3
1290,2/22/2024 18:00,0,0,0,0.0,0,0.0,15,89,-24.6,11.5,1004.2
1291,2/22/2024 19:00,0,0,0,0.0,0,0.0,33,88,-25.2,10.9,1003.9
1292,2/22/2024 20:00,0,0,0,0.0,0,0.0,86,86,-25.6,10.3,1003.7
1293,2/22/2024 21:00,0,0,0,0.0,0,0.0,93,84,-25.5,8.0,1004.0
1294,2/22/2024 22:00,0,0,0,0.0,0,0.0,99,83,-25.6,8.0,1004.1
1295,2/22/2024 23:00,0,0,0,0.0,0,0.0,100,82,-26.0,7.8,1004.5
1296,2/23/2024 0:00,0,0,0,0.0,0,0.0,100,81,-26.0,6.4,1004.8
1297,2/23/2024 1:00,0,0,0,0.0,0,0.0,100,80,-26.5,6.3,1005.4
1298,2/23/2024 2:00,0,0,0,0.0,0,0.0,100,80,-26.1,6.8,1005.8
1299,2/23/2024 3:00,0,0,0,0.0,0,0.0,100,78,-25.7,5.7,1006.0
1300,2/23/2024 4:00,4,0,4,0.0,4,24.4,100,78,-25.9,5.2,1006.1
1301,2/23/2024 5:00,78,33,45,255.1,78,165.1,99,79,-24.6,5.5,1006.5
1302,2/23/2024 6:00,216,149,67,614.2,216,339.2,54,70,-21.8,7.4,1007.3
1303,2/23/2024 7:00,337,258,79,756.6,337,476.8,10,68,-19.2,5.8,1008.0
1304,2/23/2024 8:00,420,333,87,819.1,420,568.4,18,68,-17.2,6.6,1008.1
1305,2/23/2024 9:00,456,362,94,832.5,456,608.0,8,66,-15.7,6.8,1008.3
1306,2/23/2024 10:00,442,350,92,825.6,442,592.7,0,64,-14.6,6.8,1008.2
1307,2/23/2024 11:00,381,296,85,790.2,381,523.7,0,62,-14.1,6.3,1008.2
1308,2/23/2024 12:00,277,205,72,706.4,277,405.7,0,63,-14.1,5.4,1008.5
1309,2/23/2024 13:00,147,97,50,549.6,147,246.7,0,67,-15.6,4.8,1009.1
1310,2/23/2024 14:00,28,14,14,151.6,28,69.2,0,74,-18.8,7.2,1009.2
1311,2/23/2024 15:00,0,0,0,0.0,0,0.0,0,73,-20.4,6.8,1009.4
1312,2/23/2024 16:00,0,0,0,0.0,0,0.0,0,75,-22.9,10.8,1009.1
1313,2/23/2024 17:00,0,0,0,0.0,0,0.0,0,76,-23.8,10.8,1009.0
1314,2/23/2024 18:00,0,0,0,0.0,0,0.0,0,76,-24.2,10.9,1009.0
1315,2/23/2024 19:00,0,0,0,0.0,0,0.0,0,77,-25.0,11.3,1009.1
1316,2/23/2024 20:00,0,0,0,0.0,0,0.0,0,78,-25.2,12.0,1008.9
1317,2/23/2024 21:00,0,0,0,0.0,0,0.0,0,79,-25.3,11.5,1009.0
1318,2/23/2024 22:00,0,0,0,0.0,0,0.0,0,82,-26.4,13.0,1009.1
1319,2/23/2024 23:00,0,0,0,0.0,0,0.0,0,84,-25.8,11.5,1009.3
1320,2/24/2024 0:00,0,0,0,0.0,0,0.0,0,84,-25.4,11.3,1009.9
1321,2/24/2024 1:00,0,0,0,0.0,0,0.0,0,83,-24.2,10.4,1010.6
1322,2/24/2024 2:00,0,0,0,0.0,0,0.0,0,82,-24.1,9.8,1011.2
1323,2/24/2024 3:00,0,0,0,0.0,0,0.0,0,83,-25.6,10.6,1011.2
1324,2/24/2024 4:00,5,2,3,31.4,5,28.3,0,83,-27.1,12.0,1011.3
1325,2/24/2024 5:00,92,55,37,415.7,92,172.9,0,75,-23.5,6.2,1012.1
1326,2/24/2024 6:00,226,162,64,652.4,226,347.1,0,63,-19.5,7.0,1012.7
1327,2/24/2024 7:00,345,265,80,764.2,345,484.6,0,57,-16.2,6.3,1013.4
1328,2/24/2024 8:00,427,337,90,817.3,427,576.2,0,54,-13.8,7.0,1013.6
1329,2/24/2024 9:00,463,369,94,837.6,463,615.7,0,53,-12.2,8.0,1013.5
1330,2/24/2024 10:00,449,357,92,831.1,449,600.3,0,51,-11.3,8.3,1013.6
1331,2/24/2024 11:00,387,302,85,794.6,387,531.1,0,53,-11.0,7.7,1013.8
1332,2/24/2024 12:00,283,211,72,714.0,283,412.9,0,54,-11.2,7.4,1014.0
1333,2/24/2024 13:00,153,101,52,556.1,153,253.8,0,61,-12.6,6.9,1014.1
1334,2/24/2024 14:00,31,16,15,168.6,31,72.7,0,67,-15.1,7.8,1014.0
1335,2/24/2024 15:00,0,0,0,0.0,0,0.0,0,67,-16.9,7.6,1014.2
1336,2/24/2024 16:00,0,0,0,0.0,0,0.0,0,66,-18.1,7.4,1013.9
1337,2/24/2024 17:00,0,0,0,0.0,0,0.0,0,65,-18.5,7.9,1013.8
1338,2/24/2024 18:00,0,0,0,0.0,0,0.0,0,66,-19.5,7.5,1013.6
1339,2/24/2024 19:00,0,0,0,0.0,0,0.0,0,68,-20.7,9.0,1013.6
1340,2/24/2024 20:00,0,0,0,0.0,0,0.0,0,69,-21.6,9.9,1013.4
1341,2/24/2024 21:00,0,0,0,0.0,0,0.0,0,69,-21.7,9.2,1013.5
1342,2/24/2024 22:00,0,0,0,0.0,0,0.0,0,70,-22.0,9.3,1013.2
1343,2/24/2024 23:00,0,0,0,0.0,0,0.0,0,71,-22.5,9.1,1013.2
1344,2/25/2024 0:00,0,0,0,0.0,0,0.0,0,71,-22.0,7.6,1013.6
1345,2/25/2024 1:00,0,0,0,0.0,0,0.0,0,75,-23.5,9.9,1014.2
1346,2/25/2024 2:00,0,0,0,0.0,0,0.0,0,77,-24.0,10.1,1014.2
1347,2/25/2024 3:00,0,0,0,0.0,0,0.0,0,75,-23.0,7.6,1014.2
1348,2/25/2024 4:00,7,2,5,30.1,7,32.3,0,75,-22.6,8.2,1014.1
1349,2/25/2024 5:00,99,60,39,443.5,99,180.8,0,75,-20.9,8.0,1014.3
1350,2/25/2024 6:00,235,169,66,665.0,235,355.0,1,68,-17.8,8.9,1015.0
1351,2/25/2024 7:00,355,273,82,774.3,355,492.5,0,63,-14.9,6.8,1015.5
1352,2/25/2024 8:00,438,347,91,829.9,438,584.1,0,58,-12.5,7.4,1015.5
1353,2/25/2024 9:00,474,380,94,851.4,474,623.4,0,54,-10.8,8.2,1015.7
1354,2/25/2024 10:00,460,367,93,843.3,460,607.9,0,54,-9.8,8.6,1015.4
1355,2/25/2024 11:00,397,310,87,804.0,397,538.6,0,55,-9.6,9.1,1015.4
1356,2/25/2024 12:00,292,218,74,724.6,292,420.2,0,58,-9.9,8.2,1015.5
1357,2/25/2024 13:00,160,107,53,572.9,160,260.9,0,62,-10.9,6.9,1015.1
1358,2/25/2024 14:00,35,18,17,184.7,35,76.3,0,69,-13.6,8.2,1014.8
1359,2/25/2024 15:00,0,0,0,0.0,0,0.0,0,70,-15.4,9.2,1014.6
1360,2/25/2024 16:00,0,0,0,0.0,0,0.0,0,70,-16.8,8.9,1014.5
1361,2/25/2024 17:00,0,0,0,0.0,0,0.0,0,70,-17.8,8.4,1014.0
1362,2/25/2024 18:00,0,0,0,0.0,0,0.0,0,72,-19.2,8.3,1013.4
1363,2/25/2024 19:00,0,0,0,0.0,0,0.0,0,74,-19.9,8.9,1013.2
1364,2/25/2024 20:00,0,0,0,0.0,0,0.0,0,77,-20.8,10.5,1013.1
1365,2/25/2024 21:00,0,0,0,0.0,0,0.0,0,78,-20.9,9.8,1012.7
1366,2/25/2024 22:00,0,0,0,0.0,0,0.0,0,77,-20.6,8.7,1012.7
1367,2/25/2024 23:00,0,0,0,0.0,0,0.0,0,79,-21.7,11.2,1012.6
1368,2/26/2024 0:00,0,0,0,0.0,0,0.0,26,81,-22.4,12.2,1012.5
1369,2/26/2024 1:00,0,0,0,0.0,0,0.0,2,82,-20.5,7.9,1012.8
1370,2/26/2024 2:00,0,0,0,0.0,0,0.0,19,80,-20.2,8.1,1013.1
1371,2/26/2024 3:00,0,0,0,0.0,0,0.0,30,80,-20.4,8.7,1012.7
1372,2/26/2024 4:00,8,2,6,28.8,8,36.3,44,81,-20.4,9.2,1012.7
1373,2/26/2024 5:00,94,47,47,339.8,94,188.9,42,82,-18.8,10.0,1012.8
1374,2/26/2024 6:00,224,145,79,557.7,224,363.0,23,76,-16.2,9.0,1013.0
1375,2/26/2024 7:00,344,251,93,700.2,344,500.6,21,69,-13.5,6.7,1013.2
1376,2/26/2024 8:00,428,330,98,778.3,428,592.0,3,65,-11.2,6.9,1013.5
1377,2/26/2024 9:00,464,364,100,805.1,464,631.3,1,61,-9.4,7.1,1013.2
1378,2/26/2024 10:00,450,355,95,805.2,450,615.6,0,58,-8.1,7.6,1012.8
1379,2/26/2024 11:00,388,300,88,767.0,388,546.1,0,58,-7.5,6.7,1012.6
1380,2/26/2024 12:00,286,210,76,685.8,286,427.5,17,60,-7.6,5.6,1012.4
1381,2/26/2024 13:00,157,102,55,531.4,157,268.0,6,62,-8.3,5.6,1012.5
1382,2/26/2024 14:00,35,18,17,179.9,35,79.9,0,71,-10.7,7.3,1012.2
1383,2/26/2024 15:00,0,0,0,0.0,0,0.0,0,76,-12.8,9.3,1011.9
1384,2/26/2024 16:00,0,0,0,0.0,0,0.0,2,75,-14.4,7.8,1011.8
1385,2/26/2024 17:00,0,0,0,0.0,0,0.0,12,75,-15.8,6.8,1011.3
1386,2/26/2024 18:00,0,0,0,0.0,0,0.0,14,76,-17.5,11.6,1010.8
1387,2/26/2024 19:00,0,0,0,0.0,0,0.0,8,76,-18.1,11.3,1010.7
1388,2/26/2024 20:00,0,0,0,0.0,0,0.0,22,75,-18.0,11.1,1010.6
1389,2/26/2024 21:00,0,0,0,0.0,0,0.0,53,75,-17.9,11.2,1010.4
1390,2/26/2024 22:00,0,0,0,0.0,0,0.0,97,74,-17.3,10.6,1010.3
1391,2/26/2024 23:00,0,0,0,0.0,0,0.0,79,72,-16.2,9.7,1010.5
1392,2/27/2024 0:00,0,0,0,0.0,0,0.0,61,73,-16.8,9.5,1010.4
1393,2/27/2024 1:00,0,0,0,0.0,0,0.0,93,79,-19.5,10.9,1010.8
1394,2/27/2024 2:00,0,0,0,0.0,0,0.0,90,79,-20.3,10.1,1011.0
1395,2/27/2024 3:00,0,0,0,0.0,0,0.0,83,80,-20.3,8.4,1010.9
1396,2/27/2024 4:00,9,3,6,41.5,9,40.4,95,82,-20.8,9.5,1010.9
1397,2/27/2024 5:00,105,61,44,431.5,105,197.0,75,77,-17.5,6.2,1011.3
1398,2/27/2024 6:00,240,170,70,639.2,240,371.2,87,64,-13.3,7.9,1011.6
1399,2/27/2024 7:00,353,260,93,713.4,353,508.6,90,58,-10.1,6.5,1011.9
1400,2/27/2024 8:00,435,329,106,765.2,435,600.0,90,53,-7.7,6.4,1012.1
1401,2/27/2024 9:00,473,367,106,801.4,473,639.1,96,50,-6.3,7.5,1011.9
1402,2/27/2024 10:00,451,330,121,738.9,451,623.3,76,51,-5.7,8.2,1011.7
1403,2/27/2024 11:00,386,272,114,685.7,386,553.6,99,50,-5.7,7.9,1011.5
1404,2/27/2024 12:00,266,140,126,449.3,266,434.8,100,53,-6.1,6.6,1011.3
1405,2/27/2024 13:00,149,70,79,355.0,149,275.1,100,59,-7.3,7.2,1011.1
1406,2/27/2024 14:00,35,9,26,87.7,35,85.4,100,66,-9.2,9.8,1010.7
1407,2/27/2024 15:00,0,0,0,0.0,0,0.0,100,68,-10.7,8.8,1010.6
1408,2/27/2024 16:00,0,0,0,0.0,0,0.0,100,70,-11.9,9.1,1010.0
1409,2/27/2024 17:00,0,0,0,0.0,0,0.0,100,70,-12.4,9.0,1009.7
1410,2/27/2024 18:00,0,0,0,0.0,0,0.0,95,69,-13.1,8.6,1009.5
1411,2/27/2024 19:00,0,0,0,0.0,0,0.0,6,69,-13.8,8.3,1009.5
1412,2/27/2024 20:00,0,0,0,0.0,0,0.0,1,72,-15.5,9.2,1009.3
1413,2/27/2024 21:00,0,0,0,0.0,0,0.0,39,75,-16.9,10.8,1009.0
1414,2/27/2024 22:00,0,0,0,0.0,0,0.0,54,71,-15.6,8.3,1008.9
1415,2/27/2024 23:00,0,0,0,0.0,0,0.0,1,72,-15.1,10.0,1008.8
1416,2/28/2024 0:00,0,0,0,0.0,0,0.0,7,73,-15.9,8.7,1008.7
1417,2/28/2024 1:00,0,0,0,0.0,0,0.0,20,72,-15.4,9.0,1008.5
1418,2/28/2024 2:00,0,0,0,0.0,0,0.0,28,73,-15.9,8.7,1008.4
1419,2/28/2024 3:00,0,0,0,0.0,0,0.0,81,74,-16.2,9.0,1008.4
1420,2/28/2024 4:00,11,4,7,53.2,11,44.6,78,75,-16.4,8.9,1008.6
1421,2/28/2024 5:00,109,57,52,387.6,109,205.2,70,74,-14.6,9.9,1009.0
1422,2/28/2024 6:00,238,147,91,540.6,238,379.4,68,68,-11.7,10.6,1009.3
1423,2/28/2024 7:00,371,281,90,758.5,371,516.8,4,64,-9.3,8.4,1009.7
1424,2/28/2024 8:00,455,359,96,823.6,455,608.1,14,59,-7.3,9.0,1009.7
1425,2/28/2024 9:00,491,391,100,843.0,491,647.0,0,55,-5.9,9.7,1009.4
1426,2/28/2024 10:00,479,383,96,846.7,479,631.0,0,54,-5.1,9.7,1009.0
1427,2/28/2024 11:00,416,326,90,810.4,416,561.1,0,56,-4.8,8.9,1008.8
1428,2/28/2024 12:00,310,233,77,735.0,310,442.2,0,61,-5.2,8.2,1008.6
1429,2/28/2024 13:00,175,118,57,583.1,175,282.3,4,65,-6.7,10.0,1008.5
1430,2/28/2024 14:00,44,23,21,218.6,44,92.3,0,70,-8.9,11.0,1008.4
1431,2/28/2024 15:00,0,0,0,0.0,0,0.0,0,71,-10.6,11.1,1008.3
1432,2/28/2024 16:00,0,0,0,0.0,0,0.0,0,71,-11.6,10.9,1007.7
1433,2/28/2024 17:00,0,0,0,0.0,0,0.0,0,70,-12.1,12.1,1007.2
1434,2/28/2024 18:00,0,0,0,0.0,0,0.0,0,69,-12.4,11.1,1007.0
1435,2/28/2024 19:00,0,0,0,0.0,0,0.0,0,70,-13.0,10.3,1006.6
1436,2/28/2024 20:00,0,0,0,0.0,0,0.0,0,71,-13.4,10.2,1006.4
1437,2/28/2024 21:00,0,0,0,0.0,0,0.0,30,72,-13.5,10.9,1005.9
1438,2/28/2024 22:00,0,0,0,0.0,0,0.0,59,72,-13.4,11.8,1005.7
1439,2/28/2024 23:00,0,0,0,0.0,0,0.0,86,72,-13.6,10.5,1005.7
1440,2/29/2024 0:00,0,0,0,0.0,0,0.0,93,72,-14.0,10.3,1005.4
1441,2/29/2024 1:00,0,0,0,0.0,0,0.0,100,73,-14.7,11.1,1005.2
1442,2/29/2024 2:00,0,0,0,0.0,0,0.0,100,72,-14.9,10.2,1005.4
1443,2/29/2024 3:00,0,0,0,0.0,0,0.0,99,72,-14.9,12.2,1005.0
1444,2/29/2024 4:00,13,2,11,25.6,13,48.8,100,69,-14.4,13.0,1004.9
1445,2/29/2024 5:00,109,49,60,320.1,109,213.4,100,64,-12.6,13.8,1004.9
1446,2/29/2024 6:00,242,151,91,543.2,242,387.6,94,61,-10.1,13.1,1005.0
1447,2/29/2024 7:00,365,266,99,706.5,365,525.0,59,58,-8.1,11.5,1005.1
1448,2/29/2024 8:00,441,320,121,724.2,441,616.1,99,57,-6.3,12.2,1005.1
1449,2/29/2024 9:00,452,288,164,613.1,452,654.9,99,57,-4.8,12.4,1004.7
1450,2/29/2024 10:00,441,277,164,604.7,441,638.7,100,58,-3.8,12.5,1004.6
1451,2/29/2024 11:00,356,176,180,431.5,356,568.6,100,60,-3.2,12.5,1004.3
1452,2/29/2024 12:00,229,59,170,183.0,229,449.5,100,66,-3.3,12.3,1004.0
1453,2/29/2024 13:00,135,29,106,139.7,135,289.4,99,67,-3.6,12.7,1003.7
1454,2/29/2024 14:00,40,10,30,92.8,40,99.3,100,73,-5.1,12.5,1003.6
1455,2/29/2024 15:00,0,0,0,0.0,0,0.0,10,76,-6.3,13.3,1003.2
1456,2/29/2024 16:00,0,0,0,0.0,0,0.0,17,77,-6.9,13.8,1003.1
1457,2/29/2024 17:00,0,0,0,0.0,0,0.0,89,77,-7.3,13.0,1002.9
1458,2/29/2024 18:00,0,0,0,0.0,0,0.0,88,76,-7.7,12.3,1002.9
1459,2/29/2024 19:00,0,0,0,0.0,0,0.0,77,76,-8.2,11.7,1002.8
1460,2/29/2024 20:00,0,0,0,0.0,0,0.0,67,77,-8.8,11.2,1002.6
1461,2/29/2024 21:00,0,0,0,0.0,0,0.0,59,78,-9.2,11.2,1002.4
1462,2/29/2024 22:00,0,0,0,0.0,0,0.0,42,79,-9.6,10.9,1002.3
1463,2/29/2024 23:00,0,0,0,0.0,0,0.0,58,79,-10.0,10.6,1002.3
1464,3/1/2024 0:00,0,0,0,0.0,0,0.0,54,80,-10.4,9.6,1002.4
1465,3/1/2024 1:00,0,0,0,0.0,0,0.0,94,81,-11.2,9.7,1002.2
1466,3/1/2024 2:00,0,0,0,0.0,0,0.0,96,82,-11.8,8.7,1002.2
1467,3/1/2024 3:00,0,0,0,0.0,0,0.0,51,86,-14.1,9.9,1002.0
1468,3/1/2024 4:00,15,6,9,73.9,15,53.0,87,87,-13.9,7.4,1002.2
1469,3/1/2024 5:00,122,73,49,458.8,122,221.8,11,83,-11.1,8.2,1002.5
1470,3/1/2024 6:00,257,183,74,644.2,257,395.9,97,77,-8.2,8.2,1003.0
1471,3/1/2024 7:00,370,272,98,711.0,370,533.2,91,75,-5.9,7.4,1003.2
1472,3/1/2024 8:00,444,322,122,718.9,444,624.2,100,73,-4.1,8.2,1003.0
1473,3/1/2024 9:00,447,262,185,550.8,447,662.8,100,72,-2.7,8.2,1002.7
1474,3/1/2024 10:00,436,263,173,567.0,436,646.4,100,71,-1.8,8.1,1002.6
1475,3/1/2024 11:00,373,212,161,512.8,373,576.2,100,71,-1.2,8.0,1002.5
1476,3/1/2024 12:00,241,73,168,222.7,241,456.8,100,74,-1.4,7.5,1002.5
1477,3/1/2024 13:00,119,12,107,56.4,119,296.5,100,76,-2.0,6.4,1002.7
1478,3/1/2024 14:00,35,2,33,18.1,35,106.3,100,84,-3.7,6.4,1002.6
1479,3/1/2024 15:00,0,0,0,0.0,0,0.0,100,87,-4.8,7.1,1002.6
1480,3/1/2024 16:00,0,0,0,0.0,0,0.0,100,89,-5.9,7.1,1002.6
1481,3/1/2024 17:00,0,0,0,0.0,0,0.0,100,91,-7.3,5.7,1002.3
1482,3/1/2024 18:00,0,0,0,0.0,0,0.0,100,94,-9.8,9.3,1002.2
1483,3/1/2024 19:00,0,0,0,0.0,0,0.0,100,95,-10.3,8.9,1002.3
1484,3/1/2024 20:00,0,0,0,0.0,0,0.0,100,95,-10.8,8.1,1002.1
1485,3/1/2024 21:00,0,0,0,0.0,0,0.0,100,93,-11.4,7.7,1001.9
1486,3/1/2024 22:00,0,0,0,0.0,0,0.0,100,92,-11.3,4.3,1002.0
1487,3/1/2024 23:00,0,0,0,0.0,0,0.0,100,91,-11.8,4.3,1002.1
1488,3/2/2024 0:00,0,0,0,0.0,0,0.0,100,90,-11.8,4.0,1002.2
1489,3/2/2024 1:00,0,0,0,0.0,0,0.0,100,92,-11.6,5.5,1002.4
1490,3/2/2024 2:00,0,0,0,0.0,0,0.0,100,91,-11.6,5.5,1002.7
1491,3/2/2024 3:00,0,0,0,0.0,0,0.0,100,91,-11.8,5.6,1003.0
1492,3/2/2024 4:00,10,0,10,0.0,10,57.2,100,92,-11.6,6.4,1003.2
1493,3/2/2024 5:00,73,6,67,36.3,73,230.2,100,92,-10.6,5.9,1003.7
1494,3/2/2024 6:00,160,21,139,72.4,160,404.3,100,94,-9.4,5.4,1004.4
1495,3/2/2024 7:00,229,29,200,74.6,229,541.4,100,96,-8.3,5.0,1004.9
1496,3/2/2024 8:00,301,53,248,116.8,301,632.3,100,95,-7.0,4.4,1004.8
1497,3/2/2024 9:00,398,154,244,319.8,398,670.8,100,90,-5.3,5.0,1004.3
1498,3/2/2024 10:00,420,216,204,459.9,420,654.2,92,87,-4.2,5.0,1003.9
1499,3/2/2024 11:00,378,212,166,505.9,378,583.7,50,86,-3.7,4.3,1003.9
1500,3/2/2024 12:00,292,183,109,549.2,292,464.1,69,86,-3.5,3.6,1004.1
1501,3/2/2024 13:00,168,90,78,412.8,168,303.7,35,88,-4.5,2.8,1005.0
1502,3/2/2024 14:00,48,20,28,177.0,48,113.3,19,93,-7.6,7.2,1004.8
1503,3/2/2024 15:00,0,0,0,0.0,0,0.0,27,95,-9.6,7.3,1004.7
1504,3/2/2024 16:00,0,0,0,0.0,0,0.0,60,94,-9.9,5.5,1004.5
1505,3/2/2024 17:00,0,0,0,0.0,0,0.0,100,94,-10.1,6.6,1004.4
1506,3/2/2024 18:00,0,0,0,0.0,0,0.0,100,92,-9.9,6.2,1004.6
1507,3/2/2024 19:00,0,0,0,0.0,0,0.0,100,93,-9.4,5.6,1004.9
1508,3/2/2024 20:00,0,0,0,0.0,0,0.0,100,94,-9.4,4.3,1005.0
1509,3/2/2024 21:00,0,0,0,0.0,0,0.0,100,94,-9.6,4.4,1005.0
1510,3/2/2024 22:00,0,0,0,0.0,0,0.0,100,93,-9.9,4.1,1005.1
1511,3/2/2024 23:00,0,0,0,0.0,0,0.0,100,93,-10.2,3.4,1005.0
1512,3/3/2024 0:00,0,0,0,0.0,0,0.0,100,93,-10.4,3.8,1005.0
1513,3/3/2024 1:00,0,0,0,0.0,0,0.0,100,93,-10.4,5.4,1005.1
1514,3/3/2024 2:00,0,0,0,0.0,0,0.0,100,93,-10.4,5.6,1004.8
1515,3/3/2024 3:00,0,0,0,0.0,0,0.0,100,92,-10.6,5.1,1004.8
1516,3/3/2024 4:00,10,0,10,0.0,10,61.5,100,92,-10.4,4.3,1004.9
1517,3/3/2024 5:00,61,2,59,11.7,61,238.6,100,93,-9.9,4.6,1004.7
1518,3/3/2024 6:00,120,4,116,13.5,120,412.6,100,95,-9.0,4.4,1004.8
1519,3/3/2024 7:00,199,13,186,32.9,199,549.7,100,95,-7.9,4.7,1004.7
1520,3/3/2024 8:00,258,23,235,50.0,258,640.4,100,95,-6.8,5.5,1004.4
1521,3/3/2024 9:00,329,51,278,104.6,329,678.7,100,92,-5.7,7.1,1004.3
1522,3/3/2024 10:00,332,84,248,176.7,332,661.9,100,91,-4.8,8.6,1003.6
1523,3/3/2024 11:00,279,52,227,122.5,279,591.2,100,91,-4.6,9.2,1003.1
1524,3/3/2024 12:00,194,35,159,103.4,194,471.4,100,92,-4.7,8.7,1003.0
1525,3/3/2024 13:00,127,24,103,107.5,127,310.8,100,91,-4.3,10.2,1002.9
1526,3/3/2024 14:00,35,4,31,34.6,35,120.2,100,93,-4.7,8.6,1002.8
1527,3/3/2024 15:00,0,0,0,0.0,0,0.0,100,94,-5.2,9.1,1002.5
1528,3/3/2024 16:00,0,0,0,0.0,0,0.0,100,95,-5.4,9.1,1002.1
1529,3/3/2024 17:00,0,0,0,0.0,0,0.0,100,96,-5.9,8.4,1001.7
1530,3/3/2024 18:00,0,0,0,0.0,0,0.0,100,96,-5.9,8.3,1001.4
1531,3/3/2024 19:00,0,0,0,0.0,0,0.0,100,97,-6.4,8.4,1001.2
1532,3/3/2024 20:00,0,0,0,0.0,0,0.0,100,97,-6.8,8.3,1000.9
1533,3/3/2024 21:00,0,0,0,0.0,0,0.0,100,96,-6.9,7.7,1000.6
1534,3/3/2024 22:00,0,0,0,0.0,0,0.0,100,96,-7.2,7.5,1000.4
1535,3/3/2024 23:00,0,0,0,0.0,0,0.0,100,95,-7.2,7.3,1000.1
1536,3/4/2024 0:00,0,0,0,0.0,0,0.0,100,95,-7.4,7.4,999.9
1537,3/4/2024 1:00,0,0,0,0.0,0,0.0,100,95,-7.8,8.9,999.7
1538,3/4/2024 2:00,0,0,0,0.0,0,0.0,100,95,-7.9,10.2,999.6
1539,3/4/2024 3:00,0,0,0,0.0,0,0.0,100,95,-8.1,10.8,999.3
1540,3/4/2024 4:00,9,0,9,0.0,9,65.8,100,95,-8.3,10.8,999.3
1541,3/4/2024 5:00,66,1,65,5.6,66,247.1,100,94,-8.2,9.5,999.3
1542,3/4/2024 6:00,104,6,98,19.8,104,421.0,100,95,-7.9,9.2,999.2
1543,3/4/2024 7:00,144,4,140,10.0,144,558.0,100,95,-7.3,8.6,998.8
1544,3/4/2024 8:00,233,35,198,75.1,233,648.5,100,94,-6.3,9.4,998.4
1545,3/4/2024 9:00,260,25,235,50.7,260,686.6,100,92,-5.3,10.8,997.8
1546,3/4/2024 10:00,237,22,215,45.7,237,669.6,100,92,-4.7,12.2,997.3
1547,3/4/2024 11:00,218,41,177,95.3,218,598.7,100,91,-4.0,13.0,997.0
1548,3/4/2024 12:00,170,20,150,58.1,170,478.7,100,91,-3.8,13.0,996.5
1549,3/4/2024 13:00,130,19,111,83.2,130,317.9,98,88,-3.8,13.2,996.0
1550,3/4/2024 14:00,47,10,37,84.6,47,127.2,36,90,-4.7,11.7,995.6
1551,3/4/2024 15:00,0,0,0,0.0,0,2.5,39,92,-6.2,12.5,995.4
1552,3/4/2024 16:00,0,0,0,0.0,0,0.0,66,93,-7.3,13.2,995.1
1553,3/4/2024 17:00,0,0,0,0.0,0,0.0,92,93,-7.7,14.3,994.7
1554,3/4/2024 18:00,0,0,0,0.0,0,0.0,94,93,-8.1,14.3,994.4
1555,3/4/2024 19:00,0,0,0,0.0,0,0.0,97,93,-8.9,13.7,994.1
1556,3/4/2024 20:00,0,0,0,0.0,0,0.0,99,93,-9.4,13.2,993.8
1557,3/4/2024 21:00,0,0,0,0.0,0,0.0,100,94,-9.7,12.3,993.2
1558,3/4/2024 22:00,0,0,0,0.0,0,0.0,100,94,-9.8,12.3,993.0
1559,3/4/2024 23:00,0,0,0,0.0,0,0.0,100,94,-9.8,12.2,992.7
1560,3/5/2024 0:00,0,0,0,0.0,0,0.0,100,93,-9.8,12.5,992.5
1561,3/5/2024 1:00,0,0,0,0.0,0,0.0,100,93,-9.8,13.0,992.6
1562,3/5/2024 2:00,0,0,0,0.0,0,0.0,100,93,-10.0,13.3,992.4
1563,3/5/2024 3:00,0,0,0,0.0,0,0.0,100,92,-10.1,10.3,992.5
1564,3/5/2024 4:00,14,1,13,10.7,14,70.1,100,93,-10.1,10.8,992.4
1565,3/5/2024 5:00,72,2,70,10.9,72,255.6,100,93,-9.7,12.4,992.5
1566,3/5/2024 6:00,144,12,132,38.9,144,429.5,100,94,-9.1,12.7,992.4
1567,3/5/2024 7:00,239,36,203,88.4,239,566.3,100,90,-8.4,13.1,992.3
1568,3/5/2024 8:00,300,44,256,93.2,300,656.7,100,89,-7.7,12.8,992.3
1569,3/5/2024 9:00,339,52,287,104.1,339,694.5,100,87,-6.9,12.4,991.9
1570,3/5/2024 10:00,322,40,282,82.1,322,677.3,100,87,-6.4,12.0,991.8
1571,3/5/2024 11:00,251,20,231,45.9,251,606.1,100,88,-6.2,11.0,991.6
1572,3/5/2024 12:00,167,5,162,14.3,167,486.0,100,88,-6.3,10.9,991.4
1573,3/5/2024 13:00,106,4,102,17.1,106,325.0,100,87,-7.7,8.5,991.9
1574,3/5/2024 14:00,38,1,37,8.3,38,134.2,100,89,-8.1,7.3,992.1
1575,3/5/2024 15:00,0,0,0,0.0,0,6.0,100,91,-8.4,8.9,992.1
1576,3/5/2024 16:00,0,0,0,0.0,0,0.0,100,91,-8.8,8.9,992.0
1577,3/5/2024 17:00,0,0,0,0.0,0,0.0,100,91,-9.1,7.6,991.7
1578,3/5/2024 18:00,0,0,0,0.0,0,0.0,100,91,-9.1,6.0,991.8
1579,3/5/2024 19:00,0,0,0,0.0,0,0.0,100,92,-9.2,5.6,991.8
1580,3/5/2024 20:00,0,0,0,0.0,0,0.0,100,91,-9.2,6.0,991.5
1581,3/5/2024 21:00,0,0,0,0.0,0,0.0,100,91,-9.2,5.9,991.1
1582,3/5/2024 22:00,0,0,0,0.0,0,0.0,100,91,-9.4,5.1,990.8
1583,3/5/2024 23:00,0,0,0,0.0,0,0.0,100,91,-9.3,5.5,990.9
1584,3/6/2024 0:00,0,0,0,0.0,0,0.0,100,92,-9.2,5.3,990.8
1585,3/6/2024 1:00,0,0,0,0.0,0,0.0,100,92,-9.0,6.3,991.5
1586,3/6/2024 2:00,0,0,0,0.0,0,0.0,100,92,-8.7,6.0,991.4
1587,3/6/2024 3:00,0,0,0,0.0,0,0.0,100,92,-8.2,5.7,991.4
1588,3/6/2024 4:00,9,0,9,0.0,9,74.5,100,91,-7.6,6.6,991.5
1589,3/6/2024 5:00,50,0,50,0.0,50,264.1,100,90,-6.4,8.1,991.6
1590,3/6/2024 6:00,92,8,84,25.4,92,437.9,100,86,-5.3,9.1,991.7
1591,3/6/2024 7:00,190,19,171,46.0,190,574.5,100,82,-4.2,9.4,991.8
1592,3/6/2024 8:00,239,49,190,102.5,239,664.7,100,81,-3.7,8.7,991.8
1593,3/6/2024 9:00,281,19,262,37.6,281,702.4,100,77,-3.2,9.5,991.7
1594,3/6/2024 10:00,249,28,221,56.8,249,684.9,100,72,-3.0,9.7,991.6
1595,3/6/2024 11:00,233,31,202,70.2,233,613.6,100,69,-3.1,9.9,991.6
1596,3/6/2024 12:00,152,7,145,19.7,152,493.2,100,71,-3.5,9.4,991.7
1597,3/6/2024 13:00,98,1,97,4.2,98,332.0,100,72,-4.2,9.8,991.8
1598,3/6/2024 14:00,31,1,30,8.1,31,141.1,100,77,-5.1,10.5,992.0
1599,3/6/2024 15:00,1,0,1,0.0,1,9.5,54,78,-5.8,11.9,992.3
1600,3/6/2024 16:00,0,0,0,0.0,0,0.0,52,79,-7.6,8.6,992.2
1601,3/6/2024 17:00,0,0,0,0.0,0,0.0,0,81,-9.6,9.4,992.1
1602,3/6/2024 18:00,0,0,0,0.0,0,0.0,0,83,-11.5,11.3,992.2
1603,3/6/2024 19:00,0,0,0,0.0,0,0.0,0,83,-13.0,9.2,992.1
1604,3/6/2024 20:00,0,0,0,0.0,0,0.0,0,82,-14.4,7.7,991.8
1605,3/6/2024 21:00,0,0,0,0.0,0,0.0,0,81,-15.9,7.4,991.6
1606,3/6/2024 22:00,0,0,0,0.0,0,0.0,0,82,-17.2,7.0,991.6
1607,3/6/2024 23:00,0,0,0,0.0,0,0.0,2,82,-18.8,5.8,991.5
1608,3/7/2024 0:00,0,0,0,0.0,0,0.0,63,83,-19.8,6.2,991.3
1609,3/7/2024 1:00,0,0,0,0.0,0,0.0,100,83,-14.3,4.1,991.8
1610,3/7/2024 2:00,0,0,0,0.0,0,0.0,99,84,-14.1,4.1,991.9
1611,3/7/2024 3:00,0,0,0,0.0,0,0.0,94,84,-14.2,4.6,992.1
1612,3/7/2024 4:00,24,3,21,30.1,24,78.8,91,85,-13.4,5.9,992.2
1613,3/7/2024 5:00,130,43,87,219.2,130,272.6,89,82,-11.6,5.9,992.4
1614,3/7/2024 6:00,243,96,147,298.9,243,446.3,98,78,-9.4,4.6,992.6
1615,3/7/2024 7:00,322,101,221,240.8,322,582.8,100,78,-7.7,5.1,992.4
1616,3/7/2024 8:00,382,128,254,264.4,382,672.8,99,76,-6.3,5.1,992.3
1617,3/7/2024 9:00,423,145,278,283.7,423,710.2,98,72,-5.0,5.2,992.0
1618,3/7/2024 10:00,417,161,256,323.0,417,692.5,100,70,-4.3,5.9,991.6
1619,3/7/2024 11:00,280,57,223,127.5,280,621.0,100,70,-4.3,6.9,991.1
1620,3/7/2024 12:00,165,24,141,66.6,165,500.4,100,73,-4.6,7.8,990.9
1621,3/7/2024 13:00,126,27,99,110.6,126,339.1,98,73,-4.9,9.8,991.1
1622,3/7/2024 14:00,37,4,33,31.7,37,148.0,100,82,-5.8,9.4,990.7
1623,3/7/2024 15:00,1,0,1,0.0,1,12.9,100,84,-6.1,9.4,990.4
1624,3/7/2024 16:00,0,0,0,0.0,0,0.0,100,85,-6.3,10.2,990.0
1625,3/7/2024 17:00,0,0,0,0.0,0,0.0,99,87,-6.8,10.3,989.6
1626,3/7/2024 18:00,0,0,0,0.0,0,0.0,100,88,-7.8,10.2,989.3
1627,3/7/2024 19:00,0,0,0,0.0,0,0.0,100,88,-8.1,10.5,988.7
1628,3/7/2024 20:00,0,0,0,0.0,0,0.0,100,88,-8.6,10.9,988.0
1629,3/7/2024 21:00,0,0,0,0.0,0,0.0,100,86,-9.1,10.7,987.3
1630,3/7/2024 22:00,0,0,0,0.0,0,0.0,100,84,-9.4,11.2,986.8
1631,3/7/2024 23:00,0,0,0,0.0,0,0.0,100,84,-9.4,11.8,986.3
1632,3/8/2024 0:00,0,0,0,0.0,0,0.0,100,84,-9.7,11.8,985.8
1633,3/8/2024 1:00,0,0,0,0.0,0,0.0,100,84,-9.8,12.1,985.5
1634,3/8/2024 2:00,0,0,0,0.0,0,0.0,100,84,-10.1,12.5,984.9
1635,3/8/2024 3:00,0,0,0,0.0,0,0.0,100,84,-10.3,12.7,984.5
1636,3/8/2024 4:00,23,0,23,0.0,23,83.2,99,83,-10.4,13.7,983.9
1637,3/8/2024 5:00,118,28,90,138.3,118,281.1,98,81,-9.6,13.1,983.6
1638,3/8/2024 6:00,223,55,168,168.0,223,454.7,73,79,-8.8,13.4,983.4
1639,3/8/2024 7:00,404,272,132,639.2,404,591.0,100,75,-7.2,13.7,982.9
1640,3/8/2024 8:00,449,237,212,483.4,449,680.8,100,73,-6.2,14.7,982.3
1641,3/8/2024 9:00,459,214,245,413.9,459,718.0,100,73,-5.3,15.5,981.7
1642,3/8/2024 10:00,464,243,221,482.0,464,700.1,100,73,-4.7,16.1,981.2
1643,3/8/2024 11:00,417,248,169,548.1,417,628.3,100,74,-4.5,16.5,980.8
1644,3/8/2024 12:00,307,152,155,415.9,307,507.5,100,75,-4.6,16.9,980.5
1645,3/8/2024 13:00,177,60,117,240.8,177,346.1,100,78,-5.7,17.0,980.3
1646,3/8/2024 14:00,59,6,53,46.6,59,154.9,100,83,-6.6,16.2,980.1
1647,3/8/2024 15:00,2,0,2,0.0,2,16.4,100,87,-7.4,15.7,979.7
1648,3/8/2024 16:00,0,0,0,0.0,0,0.0,100,88,-7.8,15.0,979.8
1649,3/8/2024 17:00,0,0,0,0.0,0,0.0,100,90,-7.7,14.5,979.3
1650,3/8/2024 18:00,0,0,0,0.0,0,0.0,100,90,-7.3,13.9,979.2
1651,3/8/2024 19:00,0,0,0,0.0,0,0.0,100,90,-7.3,13.1,978.9
1652,3/8/2024 20:00,0,0,0,0.0,0,0.0,100,91,-7.2,12.8,978.5
1653,3/8/2024 21:00,0,0,0,0.0,0,0.0,100,91,-7.2,12.0,978.0
1654,3/8/2024 22:00,0,0,0,0.0,0,0.0,100,92,-7.2,11.5,977.6
1655,3/8/2024 23:00,0,0,0,0.0,0,0.0,100,92,-7.3,11.7,977.3
1656,3/9/2024 0:00,0,0,0,0.0,0,0.0,100,92,-7.3,11.2,977.0
1657,3/9/2024 1:00,0,0,0,0.0,0,0.0,100,91,-8.4,10.5,977.1
1658,3/9/2024 2:00,0,0,0,0.0,0,0.0,100,91,-8.4,8.6,977.0
1659,3/9/2024 3:00,0,0,0,0.0,0,0.0,100,92,-8.5,8.8,977.0
1660,3/9/2024 4:00,12,0,12,0.0,12,90.7,100,91,-8.4,8.7,976.9
1661,3/9/2024 5:00,48,0,48,0.0,48,289.6,100,90,-8.2,8.2,977.0
1662,3/9/2024 6:00,118,0,118,0.0,118,463.0,100,88,-7.4,8.8,977.3
1663,3/9/2024 7:00,209,21,188,48.6,209,599.2,100,86,-6.5,8.2,977.5
1664,3/9/2024 8:00,272,13,259,26.2,272,688.8,100,83,-5.6,6.0,977.4
1665,3/9/2024 9:00,304,23,281,44.0,304,725.8,100,81,-4.8,5.2,977.2
1666,3/9/2024 10:00,302,38,264,74.5,302,707.6,100,78,-4.2,4.8,977.4
1667,3/9/2024 11:00,199,6,193,13.1,199,635.6,100,77,-4.1,4.3,977.4
1668,3/9/2024 12:00,116,3,113,8.1,116,514.6,100,77,-4.1,5.4,977.7
1669,3/9/2024 13:00,100,2,98,7.9,100,353.0,100,77,-4.8,3.4,978.4
1670,3/9/2024 14:00,35,0,35,0.0,35,161.8,100,83,-5.3,4.0,978.5
1671,3/9/2024 15:00,1,0,1,0.0,1,19.8,100,87,-6.1,6.8,978.7
1672,3/9/2024 16:00,0,0,0,0.0,0,0.0,100,89,-7.5,5.2,978.9
1673,3/9/2024 17:00,0,0,0,0.0,0,0.0,100,90,-7.8,3.8,979.1
1674,3/9/2024 18:00,0,0,0,0.0,0,0.0,100,91,-8.0,4.9,979.3
1675,3/9/2024 19:00,0,0,0,0.0,0,0.0,100,92,-7.8,3.9,979.5
1676,3/9/2024 20:00,0,0,0,0.0,0,0.0,100,92,-7.9,4.0,979.5
1677,3/9/2024 21:00,0,0,0,0.0,0,0.0,100,92,-7.5,2.1,979.5
1678,3/9/2024 22:00,0,0,0,0.0,0,0.0,100,94,-7.8,2.1,979.7
1679,3/9/2024 23:00,0,0,0,0.0,0,0.0,100,93,-10.4,4.7,979.6
1680,3/10/2024 0:00,0,0,0,0.0,0,0.0,100,89,-11.9,7.2,979.8
1681,3/10/2024 1:00,0,0,0,0.0,0,0.0,100,91,-10.8,7.9,980.2
1682,3/10/2024 2:00,0,0,0,0.0,0,0.0,100,91,-11.5,8.6,980.5
1683,3/10/2024 3:00,0,0,0,0.0,0,0.0,100,90,-11.1,8.3,980.8
1684,3/10/2024 4:00,31,1,30,9.2,31,99.2,100,92,-11.1,6.8,981.2
1685,3/10/2024 5:00,105,13,92,60.5,105,298.0,100,92,-10.1,6.0,982.1
1686,3/10/2024 6:00,160,5,155,14.7,160,471.3,100,87,-7.8,4.2,982.8
1687,3/10/2024 7:00,211,17,194,38.8,211,607.3,100,82,-6.1,4.3,983.5
1688,3/10/2024 8:00,270,29,241,57.7,270,696.7,100,79,-5.0,7.4,983.8
1689,3/10/2024 9:00,265,12,253,22.7,265,733.5,99,79,-4.5,7.6,984.0
1690,3/10/2024 10:00,447,205,242,397.7,447,715.1,83,75,-3.5,7.2,984.2
1691,3/10/2024 11:00,385,193,192,416.5,385,642.9,43,68,-3.0,6.6,984.3
1692,3/10/2024 12:00,320,208,112,553.1,320,521.7,98,64,-2.9,6.6,984.7
1693,3/10/2024 13:00,123,17,106,65.5,123,359.9,99,67,-3.5,7.0,984.9
1694,3/10/2024 14:00,38,2,36,14.9,38,168.6,97,77,-4.1,5.1,985.2
1695,3/10/2024 15:00,2,0,2,0.0,2,23.2,83,83,-5.3,7.2,985.9
1696,3/10/2024 16:00,0,0,0,0.0,0,0.0,95,86,-6.4,8.3,986.3
1697,3/10/2024 17:00,0,0,0,0.0,0,0.0,83,88,-7.8,5.1,986.5
1698,3/10/2024 18:00,0,0,0,0.0,0,0.0,89,91,-8.8,7.3,986.6
1699,3/10/2024 19:00,0,0,0,0.0,0,0.0,94,93,-11.0,9.0,987.0
1700,3/10/2024 20:00,0,0,0,0.0,0,0.0,66,93,-11.3,8.7,987.1
1701,3/10/2024 21:00,0,0,0,0.0,0,0.0,55,94,-12.7,9.8,987.0
1702,3/10/2024 22:00,0,0,0,0.0,0,0.0,98,94,-14.1,10.9,987.0
1703,3/10/2024 23:00,0,0,0,0.0,0,0.0,100,90,-14.3,7.7,987.1
1704,3/11/2024 0:00,0,0,0,0.0,0,0.0,100,89,-13.6,6.9,987.3
1705,3/11/2024 1:00,0,0,0,0.0,0,0.0,100,91,-12.2,2.5,987.7
1706,3/11/2024 2:00,0,0,0,0.0,0,0.0,100,90,-11.6,4.7,988.0
1707,3/11/2024 3:00,0,0,0,0.0,0,0.0,100,91,-11.9,7.1,988.1
1708,3/11/2024 4:00,32,2,30,17.8,32,107.7,100,90,-10.2,3.4,988.4
1709,3/11/2024 5:00,158,57,101,257.9,158,306.5,99,87,-8.9,2.7,988.9
1710,3/11/2024 6:00,314,197,117,569.6,314,479.6,92,80,-6.9,1.5,989.4
1711,3/11/2024 7:00,437,308,129,694.0,437,615.4,83,73,-5.5,5.6,989.5
1712,3/11/2024 8:00,511,353,158,694.7,511,704.6,100,70,-4.9,7.7,989.5
1713,3/11/2024 9:00,465,188,277,351.7,465,741.1,100,70,-4.8,8.9,989.5
1714,3/11/2024 10:00,392,144,248,276.4,392,722.5,99,69,-4.8,10.0,989.4
1715,3/11/2024 11:00,329,82,247,174.9,329,650.0,99,68,-5.0,10.1,989.2
1716,3/11/2024 12:00,234,48,186,125.9,234,528.7,97,66,-5.4,9.2,989.2
1717,3/11/2024 13:00,179,62,117,234.3,179,366.8,78,63,-5.7,7.4,988.6
1718,3/11/2024 14:00,72,20,52,146.7,72,175.4,65,73,-7.2,5.9,988.5
1719,3/11/2024 15:00,4,0,4,0.0,4,26.6,91,78,-9.4,6.4,988.5
1720,3/11/2024 16:00,0,0,0,0.0,0,0.0,63,80,-10.5,7.0,988.7
1721,3/11/2024 17:00,0,0,0,0.0,0,0.0,43,82,-12.4,6.4,988.7
1722,3/11/2024 18:00,0,0,0,0.0,0,0.0,98,85,-15.1,10.1,988.5
1723,3/11/2024 19:00,0,0,0,0.0,0,0.0,36,86,-16.0,10.5,988.4
1724,3/11/2024 20:00,0,0,0,0.0,0,0.0,60,91,-17.5,11.1,987.9
1725,3/11/2024 21:00,0,0,0,0.0,0,0.0,26,93,-16.9,9.8,987.8
1726,3/11/2024 22:00,0,0,0,0.0,0,0.0,82,89,-17.4,10.5,987.4
1727,3/11/2024 23:00,0,0,0,0.0,0,0.0,70,93,-20.0,12.8,986.7
1728,3/12/2024 0:00,0,0,0,0.0,0,0.0,100,90,-19.4,8.7,986.5
1729,3/12/2024 1:00,0,0,0,0.0,0,0.0,100,86,-17.6,9.0,986.2
1730,3/12/2024 2:00,0,0,0,0.0,0,0.0,100,84,-16.4,9.8,986.4
1731,3/12/2024 3:00,0,0,0,0.0,0,0.0,100,84,-14.8,10.4,986.5
1732,3/12/2024 4:00,22,0,22,0.0,22,116.2,100,82,-13.5,10.5,986.6
1733,3/12/2024 5:00,67,1,66,4.4,67,314.9,100,81,-12.6,10.8,987.0
1734,3/12/2024 6:00,133,4,129,11.4,133,487.8,100,79,-11.3,10.0,986.8
1735,3/12/2024 7:00,174,2,172,4.4,174,623.4,100,80,-10.4,10.2,986.9
1736,3/12/2024 8:00,313,46,267,89.5,313,712.4,100,78,-8.4,10.0,987.0
1737,3/12/2024 9:00,431,143,288,264.7,431,748.7,100,80,-6.6,10.0,986.9
1738,3/12/2024 10:00,306,29,277,55.1,306,729.8,100,80,-5.6,11.8,986.7
1739,3/12/2024 11:00,189,4,185,8.4,189,657.2,100,84,-5.4,12.4,986.7
1740,3/12/2024 12:00,210,14,196,36.2,210,535.7,100,84,-4.8,13.3,987.0
1741,3/12/2024 13:00,183,63,120,233.7,183,373.6,100,86,-5.1,11.0,987.5
1742,3/12/2024 14:00,53,1,52,7.2,53,182.1,99,89,-5.1,9.0,987.7
1743,3/12/2024 15:00,3,0,3,0.0,3,30.0,100,92,-5.2,8.8,988.0
1744,3/12/2024 16:00,0,0,0,0.0,0,0.0,100,93,-5.6,6.2,988.3
1745,3/12/2024 17:00,0,0,0,0.0,0,0.0,100,94,-6.3,5.5,988.3
1746,3/12/2024 18:00,0,0,0,0.0,0,0.0,100,94,-6.0,5.5,988.4
1747,3/12/2024 19:00,0,0,0,0.0,0,0.0,100,94,-4.8,6.8,988.7
1748,3/12/2024 20:00,0,0,0,0.0,0,0.0,100,94,-4.2,11.5,989.2
1749,3/12/2024 21:00,0,0,0,0.0,0,0.0,100,92,-4.0,13.0,989.7
1750,3/12/2024 22:00,0,0,0,0.0,0,0.0,100,93,-4.1,11.2,990.2
1751,3/12/2024 23:00,0,0,0,0.0,0,0.0,100,92,-4.4,11.2,990.9
1752,3/13/2024 0:00,0,0,0,0.0,0,0.0,100,87,-5.4,10.5,991.6
1753,3/13/2024 1:00,0,0,0,0.0,0,0.0,94,87,-8.1,9.3,992.6
1754,3/13/2024 2:00,0,0,0,0.0,0,0.0,100,88,-8.6,11.2,993.6
1755,3/13/2024 3:00,0,0,0,0.0,0,0.0,100,89,-8.6,9.7,994.5
1756,3/13/2024 4:00,37,3,34,25.3,37,124.7,100,88,-8.0,10.4,995.3
1757,3/13/2024 5:00,128,11,117,47.1,128,323.2,100,87,-7.6,9.2,995.9
1758,3/13/2024 6:00,230,29,201,81.0,230,496.0,100,84,-6.9,8.0,996.5
1759,3/13/2024 7:00,388,152,236,333.5,388,631.4,98,75,-5.6,9.4,997.0
1760,3/13/2024 8:00,514,339,175,652.1,514,720.1,100,72,-4.8,9.4,997.3
1761,3/13/2024 9:00,455,145,310,265.6,455,756.2,100,71,-4.2,6.9,997.4
1762,3/13/2024 10:00,438,152,286,285.6,438,737.1,89,70,-3.5,7.3,997.2
1763,3/13/2024 11:00,397,156,241,325.3,397,664.2,68,69,-3.0,8.8,997.4
1764,3/13/2024 12:00,315,145,170,370.1,315,542.5,100,69,-2.7,11.2,997.4
1765,3/13/2024 13:00,211,105,106,382.3,211,380.4,93,68,-3.3,9.8,997.8
1766,3/13/2024 14:00,75,19,56,134.4,75,188.8,56,75,-4.1,11.2,997.7
1767,3/13/2024 15:00,5,1,4,14.8,5,33.3,100,79,-5.4,12.1,997.8
1768,3/13/2024 16:00,0,0,0,0.0,0,0.0,87,81,-5.2,13.8,998.0
1769,3/13/2024 17:00,0,0,0,0.0,0,0.0,67,85,-5.3,13.5,998.2
1770,3/13/2024 18:00,0,0,0,0.0,0,0.0,99,87,-6.7,12.9,998.1
1771,3/13/2024 19:00,0,0,0,0.0,0,0.0,97,87,-6.3,12.8,998.1
1772,3/13/2024 20:00,0,0,0,0.0,0,0.0,87,85,-6.4,12.5,998.0
1773,3/13/2024 21:00,0,0,0,0.0,0,0.0,3,84,-7.6,12.5,997.8
1774,3/13/2024 22:00,0,0,0,0.0,0,0.0,34,82,-8.4,12.6,997.8
1775,3/13/2024 23:00,0,0,0,0.0,0,0.0,100,83,-8.5,13.7,997.7
1776,3/14/2024 0:00,0,0,0,0.0,0,0.0,99,82,-8.1,13.7,997.7
1777,3/14/2024 1:00,0,0,0,0.0,0,0.0,99,82,-8.1,13.4,998.1
1778,3/14/2024 2:00,0,0,0,0.0,0,0.0,100,83,-8.0,14.0,998.4
1779,3/14/2024 3:00,1,0,1,0.0,1,4.2,100,83,-8.1,15.1,998.4
1780,3/14/2024 4:00,51,7,44,57.5,51,133.2,100,82,-7.3,15.5,998.7
1781,3/14/2024 5:00,149,26,123,108.6,149,331.5,100,80,-5.9,14.0,999.1
1782,3/14/2024 6:00,279,99,180,271.8,279,504.2,82,77,-4.6,16.3,999.3
1783,3/14/2024 7:00,430,260,170,563.0,430,639.3,97,75,-3.2,17.9,999.5
1784,3/14/2024 8:00,497,287,210,545.9,497,727.8,100,74,-2.1,19.3,999.4
1785,3/14/2024 9:00,464,160,304,290.1,464,763.6,100,73,-1.3,19.9,999.5
1786,3/14/2024 10:00,415,112,303,208.3,415,744.3,100,72,-0.9,20.7,999.4
1787,3/14/2024 11:00,361,81,280,167.0,361,671.3,100,72,-0.6,22.9,999.2
1788,3/14/2024 12:00,230,15,215,37.8,230,549.4,100,74,-0.6,22.4,999.1
1789,3/14/2024 13:00,163,19,144,67.9,163,387.2,100,76,-1.0,19.3,999.4
1790,3/14/2024 14:00,59,0,59,0.0,59,195.5,100,78,-1.8,19.5,999.4
1791,3/14/2024 15:00,6,0,6,0.0,6,36.7,100,80,-2.8,19.3,999.5
1792,3/14/2024 16:00,0,0,0,0.0,0,0.0,100,83,-3.4,18.9,999.7
1793,3/14/2024 17:00,0,0,0,0.0,0,0.0,100,85,-3.9,18.6,999.9
1794,3/14/2024 18:00,0,0,0,0.0,0,0.0,100,86,-4.2,18.4,999.9
1795,3/14/2024 19:00,0,0,0,0.0,0,0.0,100,88,-4.6,18.7,999.8
1796,3/14/2024 20:00,0,0,0,0.0,0,0.0,100,89,-4.9,18.4,999.8
1797,3/14/2024 21:00,0,0,0,0.0,0,0.0,100,89,-4.9,18.5,999.9
1798,3/14/2024 22:00,0,0,0,0.0,0,0.0,100,89,-5.0,18.2,999.8
1799,3/14/2024 23:00,0,0,0,0.0,0,0.0,100,88,-4.9,17.6,999.7
1800,3/15/2024 0:00,0,0,0,0.0,0,0.0,100,88,-4.9,17.6,999.8
1801,3/15/2024 1:00,0,0,0,0.0,0,0.0,100,89,-5.2,18.5,1000.2
1802,3/15/2024 2:00,0,0,0,0.0,0,0.0,97,89,-5.7,18.4,1000.5
1803,3/15/2024 3:00,1,0,1,0.0,1,8.5,82,90,-6.5,18.1,1000.8
1804,3/15/2024 4:00,64,27,37,216.2,64,141.7,90,90,-6.7,17.8,1001.0
1805,3/15/2024 5:00,185,84,101,341.9,185,339.9,100,86,-5.7,15.6,1001.3
1806,3/15/2024 6:00,319,174,145,469.9,319,512.4,100,83,-4.4,16.5,1001.4
1807,3/15/2024 7:00,431,250,181,534.4,431,647.3,48,80,-3.0,16.8,1001.5
1808,3/15/2024 8:00,547,411,136,773.1,547,735.6,77,77,-1.5,17.8,1001.4
1809,3/15/2024 9:00,576,429,147,769.8,576,771.1,56,76,-0.6,18.8,1001.3
1810,3/15/2024 10:00,567,442,125,813.7,567,751.6,5,75,0.1,19.4,1001.0
1811,3/15/2024 11:00,503,392,111,799.6,503,678.3,17,75,0.4,19.3,1001.1
1812,3/15/2024 12:00,392,292,100,726.2,392,556.3,2,76,0.4,18.6,1000.9
1813,3/15/2024 13:00,254,176,78,618.2,254,393.9,0,78,-0.2,17.4,1001.0
1814,3/15/2024 14:00,108,61,47,416.5,108,202.2,0,82,-1.5,17.5,1000.7
1815,3/15/2024 15:00,9,3,6,41.4,9,40.1,1,87,-3.0,18.5,1000.9
1816,3/15/2024 16:00,0,0,0,0.0,0,0.0,0,88,-3.8,18.2,1000.9
1817,3/15/2024 17:00,0,0,0,0.0,0,0.0,0,89,-4.6,17.9,1000.9
1818,3/15/2024 18:00,0,0,0,0.0,0,0.0,13,89,-5.2,17.4,1000.9
1819,3/15/2024 19:00,0,0,0,0.0,0,0.0,48,89,-5.9,16.9,1000.9
1820,3/15/2024 20:00,0,0,0,0.0,0,0.0,48,90,-6.6,15.9,1001.1
1821,3/15/2024 21:00,0,0,0,0.0,0,0.0,21,90,-7.3,14.9,1001.1
1822,3/15/2024 22:00,0,0,0,0.0,0,0.0,17,90,-7.9,14.7,1001.0
1823,3/15/2024 23:00,0,0,0,0.0,0,0.0,30,89,-8.6,14.5,1000.8
1824,3/16/2024 0:00,0,0,0,0.0,0,0.0,34,90,-9.2,13.7,1000.9
1825,3/16/2024 1:00,0,0,0,0.0,0,0.0,37,90,-9.5,13.7,1001.6
1826,3/16/2024 2:00,0,0,0,0.0,0,0.0,28,90,-10.2,12.7,1001.7
1827,3/16/2024 3:00,2,0,2,0.0,2,12.8,76,91,-10.8,12.4,1001.6
1828,3/16/2024 4:00,61,16,45,125.0,61,150.3,100,93,-10.2,13.5,1001.9
1829,3/16/2024 5:00,173,53,120,210.4,173,348.4,100,94,-8.9,10.7,1002.2
1830,3/16/2024 6:00,296,110,186,292.2,296,520.6,100,89,-7.6,11.7,1002.5
1831,3/16/2024 7:00,462,284,178,599.3,462,655.3,6,84,-5.6,10.6,1002.5
1832,3/16/2024 8:00,578,467,111,868.8,578,743.3,2,79,-3.8,10.7,1002.3
1833,3/16/2024 9:00,607,489,118,868.5,607,778.6,0,77,-2.3,10.7,1002.3
1834,3/16/2024 10:00,590,478,112,871.1,590,758.8,44,75,-1.2,11.4,1002.1
1835,3/16/2024 11:00,517,404,113,815.2,517,685.3,38,74,-0.6,11.3,1001.9
1836,3/16/2024 12:00,404,300,104,736.7,404,563.1,19,74,-0.6,10.5,1001.5
1837,3/16/2024 13:00,263,185,78,638.5,263,400.6,1,78,-2.0,10.2,1002.0
1838,3/16/2024 14:00,112,64,48,423.6,112,208.9,0,87,-3.5,10.1,1001.7
1839,3/16/2024 15:00,10,3,7,40.0,10,43.4,0,90,-5.5,10.6,1001.4
1840,3/16/2024 16:00,0,0,0,0.0,0,0.0,0,90,-6.7,11.7,1001.1
1841,3/16/2024 17:00,0,0,0,0.0,0,0.0,0,88,-7.4,12.2,1000.8
1842,3/16/2024 18:00,0,0,0,0.0,0,0.0,0,87,-8.1,12.1,1000.4
1843,3/16/2024 19:00,0,0,0,0.0,0,0.0,0,87,-8.5,12.2,1000.1
1844,3/16/2024 20:00,0,0,0,0.0,0,0.0,2,86,-8.9,11.3,999.8
1845,3/16/2024 21:00,0,0,0,0.0,0,0.0,28,84,-9.6,10.6,999.6
1846,3/16/2024 22:00,0,0,0,0.0,0,0.0,51,82,-10.2,10.6,999.5
1847,3/16/2024 23:00,0,0,0,0.0,0,0.0,74,79,-10.7,10.6,999.4
1848,3/17/2024 0:00,0,0,0,0.0,0,0.0,86,77,-11.6,9.7,999.1
1849,3/17/2024 1:00,0,0,0,0.0,0,0.0,87,76,-12.4,10.2,998.7
1850,3/17/2024 2:00,0,0,0,0.0,0,0.0,100,75,-12.9,9.8,998.3
1851,3/17/2024 3:00,2,0,2,0.0,2,17.2,9,74,-12.8,10.6,998.1
1852,3/17/2024 4:00,80,42,38,320.0,80,158.9,100,69,-11.2,10.6,997.8
1853,3/17/2024 5:00,223,145,78,561.7,223,356.8,52,58,-7.6,10.0,997.8
1854,3/17/2024 6:00,373,278,95,726.5,373,528.9,58,56,-4.5,8.5,998.0
1855,3/17/2024 7:00,489,368,121,766.8,489,663.3,91,55,-2.3,8.9,998.2
1856,3/17/2024 8:00,537,337,200,620.2,537,751.0,100,55,-0.9,8.7,997.7
1857,3/17/2024 9:00,537,294,243,517.0,537,786.0,100,52,0.6,9.0,997.2
1858,3/17/2024 10:00,474,181,293,326.6,474,766.0,100,50,1.7,7.9,996.5
1859,3/17/2024 11:00,445,208,237,415.3,445,692.2,97,50,2.5,7.9,995.8
1860,3/17/2024 12:00,345,156,189,378.3,345,569.9,72,52,2.4,7.1,995.4
1861,3/17/2024 13:00,255,158,97,536.1,255,407.3,27,60,2.0,5.9,995.6
1862,3/17/2024 14:00,115,65,50,416.7,115,215.6,0,69,-0.4,6.9,994.8
1863,3/17/2024 15:00,11,4,7,51.7,11,46.8,0,75,-2.4,8.9,994.2
1864,3/17/2024 16:00,0,0,0,0.0,0,0.0,0,75,-3.8,9.9,993.7
1865,3/17/2024 17:00,0,0,0,0.0,0,0.0,0,73,-4.9,9.6,993.1
1866,3/17/2024 18:00,0,0,0,0.0,0,0.0,0,72,-6.0,9.2,992.6
1867,3/17/2024 19:00,0,0,0,0.0,0,0.0,0,70,-6.9,9.4,992.4
1868,3/17/2024 20:00,0,0,0,0.0,0,0.0,0,69,-7.8,8.9,992.0
1869,3/17/2024 21:00,0,0,0,0.0,0,0.0,0,68,-8.9,8.6,991.2
1870,3/17/2024 22:00,0,0,0,0.0,0,0.0,0,67,-10.1,8.4,990.8
1871,3/17/2024 23:00,0,0,0,0.0,0,0.0,1,66,-10.4,8.7,990.1
1872,3/18/2024 0:00,0,0,0,0.0,0,0.0,21,66,-10.6,8.5,989.6
1873,3/18/2024 1:00,0,0,0,0.0,0,0.0,52,63,-10.1,9.1,989.1
1874,3/18/2024 2:00,0,0,0,0.0,0,0.0,71,64,-10.4,8.6,988.6
1875,3/18/2024 3:00,3,1,2,16.9,3,21.6,97,65,-10.4,8.8,988.2
1876,3/18/2024 4:00,82,42,40,312.4,82,167.6,92,63,-8.2,9.1,988.1
1877,3/18/2024 5:00,221,135,86,510.5,221,365.3,100,60,-4.8,7.9,988.3
1878,3/18/2024 6:00,343,197,146,506.7,343,537.1,100,57,-1.6,6.5,988.2
1879,3/18/2024 7:00,427,205,222,421.8,427,671.3,100,53,0.5,6.0,988.2
1880,3/18/2024 8:00,516,281,235,511.6,516,758.7,96,48,2.1,5.4,987.6
1881,3/18/2024 9:00,579,396,183,689.4,579,793.4,99,46,3.1,5.7,987.3
1882,3/18/2024 10:00,568,403,165,720.0,568,773.1,80,45,3.5,6.6,986.8
1883,3/18/2024 11:00,493,331,162,653.9,493,699.2,94,46,3.5,8.2,986.5
1884,3/18/2024 12:00,350,168,182,402.4,350,576.7,98,48,3.3,8.6,986.3
1885,3/18/2024 13:00,210,65,145,216.9,210,414.0,96,56,2.8,9.0,985.9
1886,3/18/2024 14:00,89,12,77,74.6,89,222.2,90,62,0.9,9.3,985.6
1887,3/18/2024 15:00,12,2,10,25.1,12,50.1,100,65,-0.6,10.8,985.6
1888,3/18/2024 16:00,0,0,0,0.0,0,0.0,100,66,-1.4,12.9,985.8
1889,3/18/2024 17:00,0,0,0,0.0,0,0.0,100,69,-2.2,12.2,986.0
1890,3/18/2024 18:00,0,0,0,0.0,0,0.0,100,71,-3.1,12.4,986.3
1891,3/18/2024 19:00,0,0,0,0.0,0,0.0,99,69,-4.0,13.0,986.4
1892,3/18/2024 20:00,0,0,0,0.0,0,0.0,90,67,-4.7,13.4,986.5
1893,3/18/2024 21:00,0,0,0,0.0,0,0.0,7,68,-5.6,13.3,986.4
1894,3/18/2024 22:00,0,0,0,0.0,0,0.0,1,71,-6.0,14.7,986.8
1895,3/18/2024 23:00,0,0,0,0.0,0,0.0,0,73,-6.3,14.5,987.0
1896,3/19/2024 0:00,0,0,0,0.0,0,0.0,0,75,-6.8,16.4,987.6
1897,3/19/2024 1:00,0,0,0,0.0,0,0.0,5,81,-6.2,18.2,988.1
1898,3/19/2024 2:00,0,0,0,0.0,0,0.0,0,86,-5.8,20.0,988.8
1899,3/19/2024 3:00,4,1,3,16.0,4,26.0,0,89,-5.4,20.3,989.3
1900,3/19/2024 4:00,89,48,41,348.7,89,176.3,1,89,-4.3,20.4,989.6
1901,3/19/2024 5:00,236,162,74,598.3,236,373.8,2,86,-2.5,18.9,990.3
1902,3/19/2024 6:00,381,287,94,726.6,381,545.4,2,84,-1.0,17.7,990.6
1903,3/19/2024 7:00,500,393,107,798.8,500,679.3,2,83,0.0,16.7,991.0
1904,3/19/2024 8:00,579,463,116,834.1,579,766.4,0,79,0.9,15.4,991.3
1905,3/19/2024 9:00,612,494,118,851.6,612,800.8,0,77,1.7,14.0,991.6
1906,3/19/2024 10:00,592,477,115,844.0,592,780.2,3,75,2.2,12.4,992.3
1907,3/19/2024 11:00,524,415,109,811.4,524,706.1,5,74,2.5,11.9,992.6
1908,3/19/2024 12:00,413,315,98,745.3,413,583.4,0,73,2.5,13.2,992.8
1909,3/19/2024 13:00,273,195,78,639.9,273,420.6,0,75,2.2,11.0,993.0
1910,3/19/2024 14:00,123,73,50,440.3,123,228.9,0,80,0.9,10.8,993.2
1911,3/19/2024 15:00,14,5,9,60.8,14,53.4,0,87,-0.8,11.6,993.4
1912,3/19/2024 16:00,0,0,0,0.0,0,0.0,0,88,-2.0,11.6,993.8
1913,3/19/2024 17:00,0,0,0,0.0,0,0.0,0,89,-3.2,11.1,994.1
1914,3/19/2024 18:00,0,0,0,0.0,0,0.0,0,89,-3.9,10.2,994.4
1915,3/19/2024 19:00,0,0,0,0.0,0,0.0,0,89,-4.4,10.4,994.6
1916,3/19/2024 20:00,0,0,0,0.0,0,0.0,0,88,-4.8,9.7,994.8
1917,3/19/2024 21:00,0,0,0,0.0,0,0.0,0,88,-5.3,9.4,994.9
1918,3/19/2024 22:00,0,0,0,0.0,0,0.0,0,88,-5.8,9.4,994.9
1919,3/19/2024 23:00,0,0,0,0.0,0,0.0,0,88,-6.4,8.7,995.0
1920,3/20/2024 0:00,0,0,0,0.0,0,0.0,0,87,-7.1,8.2,994.9
1921,3/20/2024 1:00,0,0,0,0.0,0,0.0,0,86,-8.1,8.2,995.2
1922,3/20/2024 2:00,0,0,0,0.0,0,0.0,0,85,-8.7,9.7,995.5
1923,3/20/2024 3:00,5,1,4,15.2,5,30.4,0,85,-8.8,11.1,995.8
1924,3/20/2024 4:00,92,50,42,354.9,92,185.0,0,83,-6.9,11.8,996.1
1925,3/20/2024 5:00,240,168,72,606.4,240,382.3,0,79,-3.8,10.5,996.7
1926,3/20/2024 6:00,385,292,93,727.8,385,553.6,0,75,-1.1,7.4,997.3
1927,3/20/2024 7:00,503,396,107,795.1,503,687.2,22,71,1.0,6.4,997.4
1928,3/20/2024 8:00,582,466,116,830.7,582,774.0,5,67,2.2,4.7,997.3
1929,3/20/2024 9:00,614,495,119,845.1,614,808.2,0,66,3.0,3.7,997.1
1930,3/20/2024 10:00,596,479,117,839.4,596,787.3,0,65,3.3,3.4,996.7
1931,3/20/2024 11:00,529,420,109,812.8,529,712.9,0,65,3.4,3.4,996.5
1932,3/20/2024 12:00,420,323,97,755.2,420,590.1,25,66,3.2,3.4,996.5
1933,3/20/2024 13:00,279,200,79,645.8,279,427.3,1,67,2.7,4.5,996.6
1934,3/20/2024 14:00,129,77,52,451.2,129,235.5,0,56,3.5,4.7,996.6
1935,3/20/2024 15:00,16,6,10,70.9,16,56.8,0,64,1.6,3.8,996.6
1936,3/20/2024 16:00,0,0,0,0.0,0,0.0,0,72,-0.2,2.3,996.7
1937,3/20/2024 17:00,0,0,0,0.0,0,0.0,0,77,-1.3,0.8,996.7
1938,3/20/2024 18:00,0,0,0,0.0,0,0.0,0,79,-2.5,3.6,996.5
1939,3/20/2024 19:00,0,0,0,0.0,0,0.0,0,86,-7.2,6.4,996.0
1940,3/20/2024 20:00,0,0,0,0.0,0,0.0,0,88,-9.3,7.2,995.8
1941,3/20/2024 21:00,0,0,0,0.0,0,0.0,0,87,-9.6,7.0,995.8
1942,3/20/2024 22:00,0,0,0,0.0,0,0.0,0,84,-9.9,6.8,995.9
1943,3/20/2024 23:00,0,0,0,0.0,0,0.0,0,80,-8.4,4.7,996.0
1944,3/21/2024 0:00,0,0,0,0.0,0,0.0,0,79,-7.6,3.2,996.1
1945,3/21/2024 1:00,0,0,0,0.0,0,0.0,0,84,-9.2,1.9,995.8
1946,3/21/2024 2:00,0,0,0,0.0,0,0.0,0,86,-10.4,2.9,995.8
1947,3/21/2024 3:00,7,2,5,29.1,7,34.8,0,85,-9.8,1.9,995.9
1948,3/21/2024 4:00,101,58,43,402.5,101,193.6,0,86,-8.9,0.8,996.0
1949,3/21/2024 5:00,254,184,70,649.4,254,390.8,15,71,-4.2,0.5,996.7
1950,3/21/2024 6:00,402,317,85,778.1,402,561.8,16,68,-0.6,1.1,997.1
1951,3/21/2024 7:00,521,423,98,839.2,521,695.1,31,64,1.6,1.1,997.4
1952,3/21/2024 8:00,595,486,109,857.4,595,781.6,20,54,2.8,0.4,997.0
1953,3/21/2024 9:00,626,514,112,869.2,626,815.5,4,48,3.8,0.8,996.7
1954,3/21/2024 10:00,605,492,113,854.1,605,794.4,83,64,3.3,3.1,996.4
1955,3/21/2024 11:00,536,429,107,821.9,536,719.8,5,55,3.8,3.7,996.2
1956,3/21/2024 12:00,426,330,96,762.5,426,596.8,48,54,3.8,5.4,996.0
1957,3/21/2024 13:00,284,202,82,642.0,284,433.8,64,61,3.3,5.8,996.0
1958,3/21/2024 14:00,132,77,55,438.7,132,242.0,88,73,0.8,6.7,995.6
1959,3/21/2024 15:00,18,6,12,68.9,18,60.1,100,81,-2.2,9.3,995.2
1960,3/21/2024 16:00,0,0,0,0.0,0,0.0,100,83,-4.2,11.1,995.0
1961,3/21/2024 17:00,0,0,0,0.0,0,0.0,100,83,-4.3,10.3,994.6
1962,3/21/2024 18:00,0,0,0,0.0,0,0.0,100,86,-5.2,10.4,994.4
1963,3/21/2024 19:00,0,0,0,0.0,0,0.0,100,88,-5.1,9.8,994.4
1964,3/21/2024 20:00,0,0,0,0.0,0,0.0,100,88,-4.3,7.6,994.5
1965,3/21/2024 21:00,0,0,0,0.0,0,0.0,100,92,-5.2,6.0,994.2
1966,3/21/2024 22:00,0,0,0,0.0,0,0.0,100,95,-5.7,5.2,994.0
1967,3/21/2024 23:00,0,0,0,0.0,0,0.0,100,96,-5.8,5.8,993.7
1968,3/22/2024 0:00,0,0,0,0.0,0,0.0,100,96,-6.0,6.4,993.3
1969,3/22/2024 1:00,0,0,0,0.0,0,0.0,100,96,-7.0,7.5,993.2
1970,3/22/2024 2:00,0,0,0,0.0,0,0.0,100,96,-11.0,9.1,992.5
1971,3/22/2024 3:00,7,0,7,0.0,7,39.2,100,94,-10.9,7.4,992.5
1972,3/22/2024 4:00,73,5,68,33.9,73,202.3,100,93,-8.5,4.8,992.5
1973,3/22/2024 5:00,183,33,150,113.9,183,399.2,100,93,-5.9,5.0,992.7
1974,3/22/2024 6:00,321,107,214,258.7,321,570.0,100,82,-2.5,5.8,993.0
1975,3/22/2024 7:00,448,220,228,431.3,448,703.0,100,74,-0.2,6.5,992.9
1976,3/22/2024 8:00,534,297,237,518.7,534,789.2,100,68,1.3,7.7,992.8
1977,3/22/2024 9:00,563,335,228,561.2,563,822.7,100,66,2.0,8.2,992.5
1978,3/22/2024 10:00,545,303,242,521.1,545,801.4,100,64,2.3,7.4,991.8
1979,3/22/2024 11:00,490,290,200,550.1,490,726.5,100,62,2.5,7.2,991.5
1980,3/22/2024 12:00,393,234,159,534.5,393,603.4,100,61,2.5,7.2,991.2
1981,3/22/2024 13:00,265,148,117,463.2,265,440.4,98,61,2.3,6.9,990.5
1982,3/22/2024 14:00,124,53,71,293.8,124,248.6,20,73,0.3,7.1,989.9
1983,3/22/2024 15:00,20,7,13,78.2,20,63.4,0,82,-1.8,7.9,989.6
1984,3/22/2024 16:00,0,0,0,0.0,0,0.0,0,81,-3.3,7.9,989.5
1985,3/22/2024 17:00,0,0,0,0.0,0,0.0,0,79,-4.7,7.8,989.3
1986,3/22/2024 18:00,0,0,0,0.0,0,0.0,0,79,-6.6,9.3,988.7
1987,3/22/2024 19:00,0,0,0,0.0,0,0.0,0,78,-7.8,10.5,988.3
1988,3/22/2024 20:00,0,0,0,0.0,0,0.0,0,75,-8.4,10.2,988.1
1989,3/22/2024 21:00,0,0,0,0.0,0,0.0,0,72,-8.1,8.2,987.9
1990,3/22/2024 22:00,0,0,0,0.0,0,0.0,0,70,-8.4,8.2,987.6
1991,3/22/2024 23:00,0,0,0,0.0,0,0.0,0,68,-8.4,8.1,987.4
1992,3/23/2024 0:00,0,0,0,0.0,0,0.0,1,68,-8.9,7.9,987.3
1993,3/23/2024 1:00,0,0,0,0.0,0,0.0,0,68,-8.9,8.0,986.6
1994,3/23/2024 2:00,0,0,0,0.0,0,0.0,0,68,-8.9,8.9,986.5
1995,3/23/2024 3:00,10,3,7,39.9,10,43.5,0,69,-8.9,10.0,986.4
1996,3/23/2024 4:00,111,64,47,417.8,111,211.0,0,67,-6.8,10.4,986.5
1997,3/23/2024 5:00,263,187,76,631.9,263,407.7,0,64,-3.8,11.2,986.5
1998,3/23/2024 6:00,410,316,94,752.9,410,578.2,0,59,-1.4,10.0,986.5
1999,3/23/2024 7:00,530,423,107,819.7,530,710.8,31,55,0.2,11.6,986.5
2000,3/23/2024 8:00,610,495,115,855.8,610,796.7,91,51,1.5,12.9,986.3
2001,3/23/2024 9:00,627,475,152,788.4,627,829.9,100,49,2.2,12.9,985.8
2002,3/23/2024 10:00,554,300,254,511.2,554,808.3,100,49,2.6,13.0,985.4
2003,3/23/2024 11:00,525,360,165,676.3,525,733.2,100,49,2.8,14.0,985.0
2004,3/23/2024 12:00,404,239,165,539.7,404,610.0,100,52,2.5,13.8,984.5
2005,3/23/2024 13:00,267,142,125,437.7,267,446.9,100,58,1.9,14.2,984.1
2006,3/23/2024 14:00,117,31,86,167.4,117,255.1,100,63,0.6,14.8,983.5
2007,3/23/2024 15:00,19,2,17,21.8,19,66.6,100,72,-0.7,15.8,983.4
2008,3/23/2024 16:00,0,0,0,0.0,0,0.0,0,75,-1.8,16.9,983.1
2009,3/23/2024 17:00,0,0,0,0.0,0,0.0,63,79,-2.8,17.0,982.8
2010,3/23/2024 18:00,0,0,0,0.0,0,0.0,100,81,-3.5,16.4,982.8
2011,3/23/2024 19:00,0,0,0,0.0,0,0.0,100,82,-3.7,17.3,982.3
2012,3/23/2024 20:00,0,0,0,0.0,0,0.0,100,81,-3.5,18.3,982.1
2013,3/23/2024 21:00,0,0,0,0.0,0,0.0,100,81,-3.8,18.2,981.7
2014,3/23/2024 22:00,0,0,0,0.0,0,0.0,100,81,-3.5,18.3,981.2
2015,3/23/2024 23:00,0,0,0,0.0,0,0.0,100,81,-3.3,18.6,981.0
2016,3/24/2024 0:00,0,0,0,0.0,0,0.0,100,81,-3.2,19.6,980.4
2017,3/24/2024 1:00,0,0,0,0.0,0,0.0,100,80,-2.8,20.7,980.1
2018,3/24/2024 2:00,0,0,0,0.0,0,0.0,81,80,-2.8,20.5,979.9
2019,3/24/2024 3:00,10,1,9,12.8,10,47.9,100,82,-3.2,20.9,979.5
2020,3/24/2024 4:00,47,2,45,12.5,47,219.6,100,81,-1.9,18.9,979.6
2021,3/24/2024 5:00,86,0,86,0.0,86,416.1,100,84,-1.1,16.1,979.8
2022,3/24/2024 6:00,151,2,149,4.7,151,586.3,100,84,-0.3,18.2,980.0
2023,3/24/2024 7:00,163,1,162,1.9,163,718.6,100,84,0.3,18.9,980.6
2024,3/24/2024 8:00,98,0,98,0.0,98,804.2,100,87,0.4,15.7,980.9
2025,3/24/2024 9:00,125,0,125,0.0,125,837.1,100,86,0.8,15.7,980.7
2026,3/24/2024 10:00,143,1,142,1.7,143,815.2,100,86,1.0,18.5,980.9
2027,3/24/2024 11:00,162,2,160,3.7,162,739.9,100,87,1.1,17.7,981.3
2028,3/24/2024 12:00,118,3,115,6.7,118,616.5,100,86,1.4,15.9,981.4
2029,3/24/2024 13:00,87,5,82,15.2,87,453.3,100,87,1.1,14.0,981.8
2030,3/24/2024 14:00,37,0,37,0.0,37,261.6,100,89,1.0,12.8,982.0
2031,3/24/2024 15:00,7,0,7,0.0,7,69.9,100,90,0.9,11.8,982.5
2032,3/24/2024 16:00,0,0,0,0.0,0,0.0,100,91,0.7,11.8,982.9
2033,3/24/2024 17:00,0,0,0,0.0,0,0.0,100,92,0.7,12.4,983.1
2034,3/24/2024 18:00,0,0,0,0.0,0,0.0,100,92,0.7,12.9,983.4
2035,3/24/2024 19:00,0,0,0,0.0,0,0.0,100,93,0.8,13.4,983.6
2036,3/24/2024 20:00,0,0,0,0.0,0,0.0,100,94,0.6,14.3,983.8
2037,3/24/2024 21:00,0,0,0,0.0,0,0.0,100,92,0.9,14.8,983.9
2038,3/24/2024 22:00,0,0,0,0.0,0,0.0,100,91,0.9,15.3,984.0
2039,3/24/2024 23:00,0,0,0,0.0,0,0.0,100,91,0.9,15.7,984.1
2040,3/25/2024 0:00,0,0,0,0.0,0,0.0,100,91,0.9,15.1,984.1
2041,3/25/2024 1:00,0,0,0,0.0,0,0.0,100,92,0.8,15.3,984.4
2042,3/25/2024 2:00,0,0,0,0.0,0,0.0,100,92,0.7,15.7,984.6
2043,3/25/2024 3:00,6,0,6,0.0,6,52.3,100,93,0.6,16.4,984.6
2044,3/25/2024 4:00,63,2,61,12.1,63,228.3,100,92,0.7,14.4,984.7
2045,3/25/2024 5:00,156,12,144,38.9,156,424.4,97,89,1.0,14.8,985.2
2046,3/25/2024 6:00,239,48,191,111.1,239,594.3,97,87,1.4,16.3,986.0
2047,3/25/2024 7:00,434,218,216,413.0,434,726.3,60,82,2.2,15.9,986.4
2048,3/25/2024 8:00,574,412,162,698.5,574,811.5,100,79,3.0,15.2,986.4
2049,3/25/2024 9:00,424,82,342,133.7,424,844.1,99,80,3.2,14.4,986.1
2050,3/25/2024 10:00,493,205,288,343.2,493,822.0,0,79,3.5,16.7,986.3
2051,3/25/2024 11:00,549,436,113,803.6,549,746.5,2,79,3.7,15.3,986.2
2052,3/25/2024 12:00,441,338,103,746.5,441,622.9,19,80,3.5,13.3,985.8
2053,3/25/2024 13:00,299,214,85,640.4,299,459.7,42,82,3.0,12.2,985.6
2054,3/25/2024 14:00,145,85,60,436.3,145,268.0,100,87,2.0,12.1,985.3
2055,3/25/2024 15:00,24,6,18,62.0,24,73.1,100,92,0.4,12.4,985.3
2056,3/25/2024 16:00,0,0,0,0.0,0,0.0,100,93,-0.1,9.8,985.2
2057,3/25/2024 17:00,0,0,0,0.0,0,0.0,100,95,-0.4,11.2,985.1
2058,3/25/2024 18:00,0,0,0,0.0,0,0.0,100,95,-0.6,11.4,985.0
2059,3/25/2024 19:00,0,0,0,0.0,0,0.0,100,95,-1.0,7.9,984.4
2060,3/25/2024 20:00,0,0,0,0.0,0,0.0,100,95,-1.8,5.1,984.2
2061,3/25/2024 21:00,0,0,0,0.0,0,0.0,100,95,-2.8,4.3,983.3
2062,3/25/2024 22:00,0,0,0,0.0,0,0.0,100,94,-1.8,5.9,983.2
2063,3/25/2024 23:00,0,0,0,0.0,0,0.0,100,94,-1.0,7.2,982.6
2064,3/26/2024 0:00,0,0,0,0.0,0,0.0,100,93,-0.5,9.4,982.0
2065,3/26/2024 1:00,0,0,0,0.0,0,0.0,100,92,-0.1,11.0,981.6
2066,3/26/2024 2:00,0,0,0,0.0,0,0.0,100,91,0.4,11.8,981.4
2067,3/26/2024 3:00,3,0,3,0.0,3,56.6,100,90,0.9,13.2,980.8
2068,3/26/2024 4:00,31,0,31,0.0,31,236.8,100,88,1.5,14.3,980.3
2069,3/26/2024 5:00,92,0,92,0.0,92,432.7,100,87,2.2,16.1,979.9
2070,3/26/2024 6:00,143,0,143,0.0,143,602.3,100,86,2.4,16.6,978.7
2071,3/26/2024 7:00,174,3,171,5.6,174,734.0,100,86,2.5,17.9,978.4
2072,3/26/2024 8:00,98,0,98,0.0,98,818.9,100,86,2.5,20.5,977.4
2073,3/26/2024 9:00,110,0,110,0.0,110,851.1,100,86,2.6,22.8,976.6
2074,3/26/2024 10:00,98,0,98,0.0,98,828.7,100,86,2.7,25.6,975.3
2075,3/26/2024 11:00,86,0,86,0.0,86,753.0,100,86,2.8,28.8,973.9
2076,3/26/2024 12:00,71,0,71,0.0,71,629.3,100,87,3.0,29.2,972.8
2077,3/26/2024 13:00,29,0,29,0.0,29,466.1,100,89,3.2,23.2,972.4
2078,3/26/2024 14:00,20,0,20,0.0,20,274.4,100,89,3.4,26.3,971.6
2079,3/26/2024 15:00,5,0,5,0.0,5,76.4,100,90,3.3,26.4,970.6
2080,3/26/2024 16:00,0,0,0,0.0,0,0.0,100,91,3.4,26.0,969.5
2081,3/26/2024 17:00,0,0,0,0.0,0,0.0,100,90,3.5,22.7,968.7
2082,3/26/2024 18:00,0,0,0,0.0,0,0.0,100,90,3.5,21.1,968.0
2083,3/26/2024 19:00,0,0,0,0.0,0,0.0,100,90,3.4,21.4,967.3
2084,3/26/2024 20:00,0,0,0,0.0,0,0.0,100,91,3.2,20.1,966.4
2085,3/26/2024 21:00,0,0,0,0.0,0,0.0,100,90,3.2,22.8,965.3
2086,3/26/2024 22:00,0,0,0,0.0,0,0.0,100,89,3.2,22.8,964.2
2087,3/26/2024 23:00,0,0,0,0.0,0,0.0,100,88,3.2,22.9,963.1
2088,3/27/2024 0:00,0,0,0,0.0,0,0.0,100,88,3.0,21.6,962.2
2089,3/27/2024 1:00,0,0,0,0.0,0,0.0,100,87,3.3,20.9,960.4
2090,3/27/2024 2:00,0,0,0,0.0,0,0.0,100,87,3.5,22.3,959.7
2091,3/27/2024 3:00,2,0,2,0.0,2,60.9,100,87,3.4,22.9,959.0
2092,3/27/2024 4:00,12,0,12,0.0,12,245.3,100,88,3.3,23.1,958.8
2093,3/27/2024 5:00,45,0,45,0.0,45,440.9,100,89,3.0,20.4,959.0
2094,3/27/2024 6:00,105,0,105,0.0,105,610.2,100,91,2.5,17.1,959.3
2095,3/27/2024 7:00,79,0,79,0.0,79,741.5,100,97,1.5,13.0,959.5
2096,3/27/2024 8:00,92,0,92,0.0,92,826.1,100,96,1.5,13.7,959.9
2097,3/27/2024 9:00,176,3,173,4.8,176,858.1,100,90,2.2,17.0,960.2
2098,3/27/2024 10:00,121,0,121,0.0,121,835.3,100,92,1.5,17.3,960.3
2099,3/27/2024 11:00,76,0,76,0.0,76,759.5,100,94,1.1,16.9,960.7
2100,3/27/2024 12:00,54,0,54,0.0,54,635.7,100,95,0.9,15.8,960.9
2101,3/27/2024 13:00,32,0,32,0.0,32,472.4,100,95,0.6,15.4,961.4
2102,3/27/2024 14:00,15,0,15,0.0,15,280.8,100,96,0.5,13.9,961.6
2103,3/27/2024 15:00,5,0,5,0.0,5,79.6,100,96,0.4,13.4,962.0
2104,3/27/2024 16:00,0,0,0,0.0,0,0.0,100,96,0.4,12.3,962.8
2105,3/27/2024 17:00,0,0,0,0.0,0,0.0,100,97,0.3,11.7,963.4
2106,3/27/2024 18:00,0,0,0,0.0,0,0.0,100,97,0.3,11.9,963.9
2107,3/27/2024 19:00,0,0,0,0.0,0,0.0,100,97,0.4,12.1,964.4
2108,3/27/2024 20:00,0,0,0,0.0,0,0.0,100,97,0.3,11.2,964.7
2109,3/27/2024 21:00,0,0,0,0.0,0,0.0,100,97,0.3,12.2,965.3
2110,3/27/2024 22:00,0,0,0,0.0,0,0.0,100,97,0.3,15.3,966.0
2111,3/27/2024 23:00,0,0,0,0.0,0,0.0,100,96,0.4,17.8,966.4
2112,3/28/2024 0:00,0,0,0,0.0,0,0.0,100,95,0.5,18.8,966.8
2113,3/28/2024 1:00,0,0,0,0.0,0,0.0,100,95,0.6,17.7,967.2
2114,3/28/2024 2:00,0,0,0,0.0,0,0.0,100,95,0.6,18.4,967.9
2115,3/28/2024 3:00,5,0,5,0.0,5,65.2,100,94,0.4,21.5,968.6
2116,3/28/2024 4:00,26,0,26,0.0,26,253.7,100,92,0.2,24.7,969.3
2117,3/28/2024 5:00,81,0,81,0.0,81,449.1,100,90,0.0,26.3,970.1
2118,3/28/2024 6:00,112,0,112,0.0,112,618.0,100,88,-0.5,28.4,971.0
2119,3/28/2024 7:00,168,0,168,0.0,168,749.0,100,85,-0.7,29.2,972.0
2120,3/28/2024 8:00,212,3,209,4.9,212,833.2,100,83,-0.8,29.2,973.1
2121,3/28/2024 9:00,167,2,165,3.2,167,864.9,100,82,-1.0,28.3,974.1
2122,3/28/2024 10:00,184,0,184,0.0,184,841.9,100,80,-1.0,29.2,975.0
2123,3/28/2024 11:00,213,1,212,1.8,213,765.8,100,80,-1.1,29.3,976.0
2124,3/28/2024 12:00,184,1,183,2.1,184,641.9,100,81,-1.4,27.6,976.9
2125,3/28/2024 13:00,143,5,138,14.3,143,478.6,100,82,-1.2,28.0,977.0
2126,3/28/2024 14:00,60,0,60,0.0,60,287.1,100,83,-1.4,24.6,977.9
2127,3/28/2024 15:00,15,0,15,0.0,15,82.7,100,83,-1.4,25.0,978.5
2128,3/28/2024 16:00,0,0,0,0.0,0,0.0,98,82,-1.7,24.3,979.4
2129,3/28/2024 17:00,0,0,0,0.0,0,0.0,91,82,-1.8,23.2,980.0
2130,3/28/2024 18:00,0,0,0,0.0,0,0.0,34,82,-2.2,21.7,980.6
2131,3/28/2024 19:00,0,0,0,0.0,0,0.0,1,81,-2.7,21.9,981.1
2132,3/28/2024 20:00,0,0,0,0.0,0,0.0,0,80,-3.5,21.5,981.3
2133,3/28/2024 21:00,0,0,0,0.0,0,0.0,0,79,-4.0,20.5,981.9
2134,3/28/2024 22:00,0,0,0,0.0,0,0.0,0,80,-4.5,19.8,982.6
2135,3/28/2024 23:00,0,0,0,0.0,0,0.0,0,81,-5.1,19.0,983.1
2136,3/29/2024 0:00,0,0,0,0.0,0,0.0,0,82,-5.7,17.8,983.5
2137,3/29/2024 1:00,0,0,0,0.0,0,0.0,0,82,-5.4,17.3,983.6
2138,3/29/2024 2:00,0,0,0,0.0,0,0.0,0,82,-6.2,16.4,984.3
2139,3/29/2024 3:00,24,10,14,106.2,24,69.4,65,82,-6.4,16.4,985.0
2140,3/29/2024 4:00,147,87,60,455.7,147,262.1,6,80,-5.7,15.3,985.8
2141,3/29/2024 5:00,307,219,88,657.7,307,457.1,57,76,-4.4,14.8,986.4
2142,3/29/2024 6:00,449,328,121,719.6,449,625.7,62,72,-3.3,15.5,986.8
2143,3/29/2024 7:00,571,435,136,789.5,571,756.4,31,69,-2.1,15.4,987.4
2144,3/29/2024 8:00,654,519,135,847.9,654,840.3,30,65,-1.0,14.4,987.6
2145,3/29/2024 9:00,686,554,132,872.5,686,871.6,42,60,0.1,14.0,987.7
2146,3/29/2024 10:00,663,533,130,862.4,663,848.4,38,56,0.9,12.8,987.7
2147,3/29/2024 11:00,591,467,124,830.2,591,772.1,85,54,1.5,11.0,988.0
2148,3/29/2024 12:00,473,357,116,756.1,473,648.1,100,53,1.8,9.6,988.2
2149,3/29/2024 13:00,302,174,128,492.6,302,484.8,100,53,1.9,6.1,987.4
2150,3/29/2024 14:00,161,84,77,393.0,161,293.4,50,60,-0.1,8.4,987.3
2151,3/29/2024 15:00,37,14,23,131.9,37,86.8,98,58,-0.9,8.7,987.4
2152,3/29/2024 16:00,0,0,0,0.0,0,0.0,92,66,-3.5,10.1,987.7
2153,3/29/2024 17:00,0,0,0,0.0,0,0.0,6,66,-3.5,9.2,987.8
2154,3/29/2024 18:00,0,0,0,0.0,0,0.0,0,72,-5.6,11.1,987.6
2155,3/29/2024 19:00,0,0,0,0.0,0,0.0,12,73,-6.3,11.4,987.5
2156,3/29/2024 20:00,0,0,0,0.0,0,0.0,32,71,-6.8,11.1,987.4
2157,3/29/2024 21:00,0,0,0,0.0,0,0.0,33,73,-8.3,10.7,987.4
2158,3/29/2024 22:00,0,0,0,0.0,0,0.0,63,73,-7.0,10.2,987.7
2159,3/29/2024 23:00,0,0,0,0.0,0,0.0,71,77,-6.9,10.5,987.7
2160,3/30/2024 0:00,0,0,0,0.0,0,0.0,10,77,-6.6,11.2,987.8
2161,3/30/2024 1:00,0,0,0,0.0,0,0.0,0,78,-5.2,11.8,988.0
2162,3/30/2024 2:00,0,0,0,0.0,0,0.0,0,79,-5.1,13.3,987.9
2163,3/30/2024 3:00,26,10,16,102.8,26,73.6,0,79,-4.8,14.6,988.0
2164,3/30/2024 4:00,148,89,59,451.7,148,270.4,0,76,-3.5,15.6,988.1
2165,3/30/2024 5:00,302,214,88,631.3,302,465.1,1,72,-1.6,13.8,988.6
2166,3/30/2024 6:00,448,341,107,738.7,448,633.4,34,68,0.2,15.2,988.9
2167,3/30/2024 7:00,559,431,128,774.3,559,763.7,100,67,1.8,16.2,989.5
2168,3/30/2024 8:00,438,132,306,213.8,438,847.2,100,68,2.5,16.1,989.5
2169,3/30/2024 9:00,289,30,259,46.9,289,878.3,79,69,2.8,14.1,989.7
2170,3/30/2024 10:00,469,139,330,223.1,469,854.8,99,68,3.7,15.3,989.7
2171,3/30/2024 11:00,318,31,287,54.6,318,778.4,99,70,3.4,16.3,989.6
2172,3/30/2024 12:00,336,95,241,199.2,336,654.3,100,70,3.5,17.3,989.5
2173,3/30/2024 13:00,119,0,119,0.0,119,490.9,100,75,2.8,19.8,989.7
2174,3/30/2024 14:00,79,2,77,9.2,79,299.6,100,77,2.5,18.9,989.9
2175,3/30/2024 15:00,26,3,23,27.6,26,93.2,100,82,1.9,18.9,990.3
2176,3/30/2024 16:00,0,0,0,0.0,0,0.0,100,84,1.9,19.5,990.9
2177,3/30/2024 17:00,0,0,0,0.0,0,0.0,100,85,1.7,20.1,991.0
2178,3/30/2024 18:00,0,0,0,0.0,0,0.0,100,88,1.3,19.7,991.2
2179,3/30/2024 19:00,0,0,0,0.0,0,0.0,100,94,0.8,18.3,991.5
2180,3/30/2024 20:00,0,0,0,0.0,0,0.0,100,96,0.6,17.8,991.4
2181,3/30/2024 21:00,0,0,0,0.0,0,0.0,100,97,0.6,17.4,991.4
2182,3/30/2024 22:00,0,0,0,0.0,0,0.0,100,96,0.6,18.1,991.2
2183,3/30/2024 23:00,0,0,0,0.0,0,0.0,100,94,0.9,18.6,991.2
2184,3/31/2024 0:00,0,0,0,0.0,0,0.0,100,91,1.0,18.0,991.1
2185,3/31/2024 1:00,0,0,0,0.0,0,0.0,100,88,1.5,18.5,991.3
2186,3/31/2024 2:00,0,0,0,0.0,0,0.0,100,87,1.6,18.3,991.0
2187,3/31/2024 3:00,9,0,9,0.0,9,77.8,100,86,1.6,17.3,990.9
2188,3/31/2024 4:00,33,0,33,0.0,33,278.6,100,87,1.6,17.3,990.8
2189,3/31/2024 5:00,55,0,55,0.0,55,473.0,100,88,1.8,19.1,990.4
2190,3/31/2024 6:00,122,0,122,0.0,122,640.9,100,89,2.2,20.0,990.6
2191,3/31/2024 7:00,70,0,70,0.0,70,770.9,100,95,1.5,16.3,990.7
2192,3/31/2024 8:00,108,0,108,0.0,108,854.1,100,91,2.1,16.8,990.9
2193,3/31/2024 9:00,119,0,119,0.0,119,884.8,100,91,2.2,15.5,990.8
2194,3/31/2024 10:00,175,3,172,4.8,175,861.1,100,90,2.7,16.7,990.9
2195,3/31/2024 11:00,192,4,188,7.0,192,784.5,100,90,2.8,13.6,990.9
2196,3/31/2024 12:00,146,1,145,2.1,146,660.3,100,91,2.5,13.4,991.0
2197,3/31/2024 13:00,142,1,141,2.8,142,497.0,100,90,2.5,11.5,991.1
2198,3/31/2024 14:00,96,4,92,17.9,96,305.8,100,91,2.5,10.9,991.0
2199,3/31/2024 15:00,29,3,26,27.1,29,99.6,72,95,1.8,12.1,991.0
2200,3/31/2024 16:00,0,0,0,0.0,0,0.0,100,98,0.9,11.8,991.2
2201,3/31/2024 17:00,0,0,0,0.0,0,0.0,95,99,1.2,11.1,991.5
2202,3/31/2024 18:00,0,0,0,0.0,0,0.0,87,98,1.2,10.2,991.7
2203,3/31/2024 19:00,0,0,0,0.0,0,0.0,93,98,1.2,11.4,991.6
2204,3/31/2024 20:00,0,0,0,0.0,0,0.0,47,98,1.1,10.6,991.7
2205,3/31/2024 21:00,0,0,0,0.0,0,0.0,46,97,0.2,8.9,991.8
2206,3/31/2024 22:00,0,0,0,0.0,0,0.0,67,97,-0.2,7.7,992.0
2207,3/31/2024 23:00,0,0,0,0.0,0,0.0,99,98,-0.9,6.3,992.2
2208,4/1/2024 0:00,0,0,0,0.0,0,0.0,100,99,-2.1,6.6,992.2
2209,4/1/2024 1:00,0,0,0,0.0,0,0.0,100,99,-1.0,4.5,992.4
2210,4/1/2024 2:00,0,0,0,0.0,0,0.0,100,100,-0.9,4.0,992.9
2211,4/1/2024 3:00,19,2,17,19.3,19,81.9,100,100,-0.9,3.4,993.4
2212,4/1/2024 4:00,86,4,82,19.1,86,286.6,100,100,-0.6,2.9,993.7
2213,4/1/2024 5:00,185,35,150,99.8,185,480.8,100,99,0.2,2.9,994.0
2214,4/1/2024 6:00,315,62,253,131.1,315,648.3,100,99,1.0,3.7,994.5
2215,4/1/2024 7:00,468,168,300,296.0,468,777.9,64,92,2.6,2.3,995.0
2216,4/1/2024 8:00,640,481,159,765.8,640,860.8,14,85,3.7,3.4,994.8
2217,4/1/2024 9:00,680,533,147,819.5,680,891.3,1,78,5.1,4.1,994.8
2218,4/1/2024 10:00,661,527,134,832.7,661,867.3,1,74,5.7,4.8,994.7
2219,4/1/2024 11:00,590,466,124,807.7,590,790.6,0,75,5.6,4.9,994.7
2220,4/1/2024 12:00,478,366,112,752.7,478,666.3,1,73,5.6,4.8,994.6
2221,4/1/2024 13:00,333,241,92,656.5,333,503.0,0,79,4.3,6.7,994.9
2222,4/1/2024 14:00,178,112,66,492.1,178,311.9,2,89,2.5,9.0,994.5
2223,4/1/2024 15:00,45,19,26,167.9,45,105.9,73,97,0.4,11.2,994.3
2224,4/1/2024 16:00,0,0,0,0.0,0,0.0,100,99,0.2,12.8,994.6
2225,4/1/2024 17:00,0,0,0,0.0,0,0.0,100,100,0.6,13.1,994.6
2226,4/1/2024 18:00,0,0,0,0.0,0,0.0,100,99,0.9,13.1,994.2
2227,4/1/2024 19:00,0,0,0,0.0,0,0.0,100,99,1.2,13.2,993.8
2228,4/1/2024 20:00,0,0,0,0.0,0,0.0,100,100,1.4,14.0,993.6
2229,4/1/2024 21:00,0,0,0,0.0,0,0.0,100,99,1.5,14.2,993.4
2230,4/1/2024 22:00,0,0,0,0.0,0,0.0,100,100,1.6,14.1,992.9
2231,4/1/2024 23:00,0,0,0,0.0,0,0.0,100,100,1.7,14.5,992.6
2232,4/2/2024 0:00,0,0,0,0.0,0,0.0,100,100,1.7,15.5,992.3
2233,4/2/2024 1:00,0,0,0,0.0,0,0.0,100,100,1.3,15.8,992.2
2234,4/2/2024 2:00,0,0,0,0.0,0,0.0,100,100,1.2,16.2,992.0
2235,4/2/2024 3:00,19,0,19,0.0,19,87.4,100,100,1.4,16.6,991.6
2236,4/2/2024 4:00,83,1,82,4.6,83,294.6,100,99,1.5,15.8,991.3
2237,4/2/2024 5:00,179,18,161,50.5,179,488.4,100,97,2.5,15.5,991.0
2238,4/2/2024 6:00,305,66,239,137.9,305,655.6,100,93,3.8,14.5,991.0
2239,4/2/2024 7:00,441,158,283,275.7,441,784.9,99,88,4.8,13.0,990.7
2240,4/2/2024 8:00,597,358,239,565.3,597,867.4,99,83,5.8,13.0,990.5
2241,4/2/2024 9:00,649,471,178,718.7,649,897.6,100,79,6.7,13.4,990.2
2242,4/2/2024 10:00,615,415,200,650.7,615,873.4,98,77,7.1,14.1,990.0
2243,4/2/2024 11:00,521,287,234,493.5,521,796.5,21,76,7.1,14.8,989.7
2244,4/2/2024 12:00,460,337,123,686.6,460,672.2,0,77,7.1,14.8,989.5
2245,4/2/2024 13:00,321,220,101,592.0,321,509.0,96,76,7.2,14.8,989.6
2246,4/2/2024 14:00,158,66,92,284.3,158,317.9,100,81,6.1,14.2,989.2
2247,4/2/2024 15:00,37,2,35,17.3,37,112.2,100,87,5.0,14.4,989.0
2248,4/2/2024 16:00,0,0,0,0.0,0,0.0,4,91,4.8,15.5,988.9
2249,4/2/2024 17:00,0,0,0,0.0,0,0.0,0,92,4.8,16.9,988.5
2250,4/2/2024 18:00,0,0,0,0.0,0,0.0,0,92,4.8,17.4,988.3
2251,4/2/2024 19:00,0,0,0,0.0,0,0.0,0,91,4.7,16.9,988.2
2252,4/2/2024 20:00,0,0,0,0.0,0,0.0,0,90,4.4,16.2,988.4
2253,4/2/2024 21:00,0,0,0,0.0,0,0.0,0,89,4.1,16.5,988.3
2254,4/2/2024 22:00,0,0,0,0.0,0,0.0,0,87,4.0,17.3,988.1
2255,4/2/2024 23:00,0,0,0,0.0,0,0.0,0,85,3.8,17.4,988.1
2256,4/3/2024 0:00,0,0,0,0.0,0,0.0,0,83,3.5,18.4,988.2
2257,4/3/2024 1:00,0,0,0,0.0,0,0.0,15,84,3.7,19.6,988.7
2258,4/3/2024 2:00,0,0,0,0.0,0,0.0,0,87,3.7,20.5,988.7
2259,4/3/2024 3:00,39,16,23,146.2,39,95.6,0,89,3.9,21.1,988.5
2260,4/3/2024 4:00,166,102,64,461.6,166,302.5,2,85,4.7,20.8,988.7
2261,4/3/2024 5:00,319,228,91,629.3,319,496.0,2,80,5.6,20.1,988.7
2262,4/3/2024 6:00,462,353,109,729.0,462,662.9,9,75,6.4,18.3,988.9
2263,4/3/2024 7:00,576,454,122,784.9,576,791.8,63,71,7.4,18.6,989.0
2264,4/3/2024 8:00,648,513,135,803.5,648,874.0,59,69,8.1,19.4,988.9
2265,4/3/2024 9:00,673,529,144,801.1,673,903.9,53,68,8.8,18.9,988.6
2266,4/3/2024 10:00,653,520,133,809.3,653,879.5,26,67,9.4,18.2,988.5
2267,4/3/2024 11:00,583,458,125,781.2,583,802.5,4,68,9.4,18.0,988.3
2268,4/3/2024 12:00,475,365,110,736.8,475,678.1,4,69,9.1,19.1,988.0
2269,4/3/2024 13:00,336,244,92,648.6,336,514.9,0,68,8.4,20.2,988.6
2270,4/3/2024 14:00,184,117,67,494.3,184,324.0,0,72,7.1,20.2,988.2
2271,4/3/2024 15:00,50,22,28,186.9,50,118.4,0,77,5.8,20.3,987.9
2272,4/3/2024 16:00,0,0,0,0.0,0,0.0,0,80,5.3,20.8,987.9
2273,4/3/2024 17:00,0,0,0,0.0,0,0.0,0,81,5.1,21.1,987.8
2274,4/3/2024 18:00,0,0,0,0.0,0,0.0,9,82,4.8,20.6,987.8
2275,4/3/2024 19:00,0,0,0,0.0,0,0.0,16,80,4.7,20.6,987.7
2276,4/3/2024 20:00,0,0,0,0.0,0,0.0,25,80,4.5,21.3,987.6
2277,4/3/2024 21:00,0,0,0,0.0,0,0.0,33,80,4.3,21.6,987.5
2278,4/3/2024 22:00,0,0,0,0.0,0,0.0,1,80,4.2,21.2,987.4
2279,4/3/2024 23:00,0,0,0,0.0,0,0.0,0,81,3.9,20.5,987.4
2280,4/4/2024 0:00,0,0,0,0.0,0,0.0,0,82,3.4,19.8,987.4
2281,4/4/2024 1:00,0,0,0,0.0,0,0.0,0,83,3.2,18.7,988.1
2282,4/4/2024 2:00,0,0,0,0.0,0,0.0,0,84,2.8,18.8,987.6
2283,4/4/2024 3:00,44,19,25,169.0,44,103.8,0,83,3.0,18.1,987.7
2284,4/4/2024 4:00,176,110,66,484.8,176,310.4,0,78,3.8,17.1,987.9
2285,4/4/2024 5:00,331,240,91,652.1,331,503.6,0,75,4.8,15.7,987.9
2286,4/4/2024 6:00,476,366,110,747.3,476,670.1,0,72,5.7,15.8,987.8
2287,4/4/2024 7:00,591,469,122,803.4,591,798.7,5,70,6.7,15.5,987.8
2288,4/4/2024 8:00,663,530,133,823.5,663,880.5,0,68,7.7,15.1,987.4
2289,4/4/2024 9:00,690,557,133,837.2,690,910.1,0,67,8.4,15.5,986.9
2290,4/4/2024 10:00,669,540,129,834.2,669,885.5,0,66,9.0,13.9,986.6
2291,4/4/2024 11:00,598,476,122,805.6,598,808.3,0,65,9.3,13.2,986.1
2292,4/4/2024 12:00,487,378,109,756.1,487,683.9,20,68,9.1,14.8,985.8
2293,4/4/2024 13:00,345,252,93,662.0,345,520.7,10,69,8.2,15.5,986.3
2294,4/4/2024 14:00,188,117,71,485.0,188,330.0,100,73,6.8,15.8,986.2
2295,4/4/2024 15:00,51,16,35,133.3,51,124.6,100,79,5.2,15.8,986.1
2296,4/4/2024 16:00,0,0,0,0.0,0,0.4,94,82,4.7,16.4,986.5
2297,4/4/2024 17:00,0,0,0,0.0,0,0.0,98,82,4.8,16.9,986.4
2298,4/4/2024 18:00,0,0,0,0.0,0,0.0,100,81,4.8,16.8,986.3
2299,4/4/2024 19:00,0,0,0,0.0,0,0.0,98,80,4.6,16.0,986.1
2300,4/4/2024 20:00,0,0,0,0.0,0,0.0,67,80,4.2,16.9,985.6
2301,4/4/2024 21:00,0,0,0,0.0,0,0.0,92,81,3.8,16.6,985.4
2302,4/4/2024 22:00,0,0,0,0.0,0,0.0,100,79,4.0,16.3,985.3
2303,4/4/2024 23:00,0,0,0,0.0,0,0.0,99,80,3.9,14.7,985.2
2304,4/5/2024 0:00,0,0,0,0.0,0,0.0,100,81,4.0,15.4,985.3
2305,4/5/2024 1:00,0,0,0,0.0,0,0.0,100,82,4.3,15.1,985.1
2306,4/5/2024 2:00,0,0,0,0.0,0,0.0,100,83,4.2,14.5,985.0
2307,4/5/2024 3:00,29,0,29,0.0,29,112.0,100,83,4.1,13.4,984.9
2308,4/5/2024 4:00,101,3,98,12.9,101,318.3,100,81,4.6,13.8,985.0
2309,4/5/2024 5:00,239,52,187,139.1,239,511.1,100,77,5.6,15.4,985.1
2310,4/5/2024 6:00,376,140,236,282.6,376,677.3,100,73,6.2,13.1,985.3
2311,4/5/2024 7:00,469,173,296,293.7,469,805.5,100,74,6.5,7.7,985.7
2312,4/5/2024 8:00,473,184,289,283.6,473,887.0,100,72,7.0,7.0,985.5
2313,4/5/2024 9:00,564,240,324,358.1,564,916.3,100,68,8.2,8.5,985.2
2314,4/5/2024 10:00,241,4,237,6.1,241,891.5,100,76,6.4,7.9,985.0
2315,4/5/2024 11:00,85,0,85,0.0,85,814.2,100,83,5.4,7.6,985.1
2316,4/5/2024 12:00,80,0,80,0.0,80,689.7,100,87,5.1,7.6,985.1
2317,4/5/2024 13:00,44,0,44,0.0,44,526.6,100,88,4.3,11.2,985.2
2318,4/5/2024 14:00,40,0,40,0.0,40,336.0,100,86,5.8,8.0,985.1
2319,4/5/2024 15:00,23,0,23,0.0,23,130.9,100,92,4.1,8.0,984.8
2320,4/5/2024 16:00,0,0,0,0.0,0,3.6,100,91,4.2,5.4,985.3
2321,4/5/2024 17:00,0,0,0,0.0,0,0.0,99,92,4.7,0.7,986.3
2322,4/5/2024 18:00,0,0,0,0.0,0,0.0,100,98,1.7,4.9,986.1
2323,4/5/2024 19:00,0,0,0,0.0,0,0.0,100,96,1.9,7.1,986.0
2324,4/5/2024 20:00,0,0,0,0.0,0,0.0,100,95,2.2,9.7,986.2
2325,4/5/2024 21:00,0,0,0,0.0,0,0.0,100,96,2.4,12.8,986.6
2326,4/5/2024 22:00,0,0,0,0.0,0,0.0,100,98,2.3,15.3,987.0
2327,4/5/2024 23:00,0,0,0,0.0,0,0.0,100,99,2.0,16.8,987.4
2328,4/6/2024 0:00,0,0,0,0.0,0,0.0,100,99,1.6,16.9,988.0
2329,4/6/2024 1:00,0,0,0,0.0,0,0.0,100,100,2.0,17.5,988.1
2330,4/6/2024 2:00,0,0,0,0.0,0,0.0,100,99,1.8,18.6,988.3
2331,4/6/2024 3:00,17,0,17,0.0,17,120.1,100,97,1.9,19.2,988.6
2332,4/6/2024 4:00,25,0,25,0.0,25,326.2,100,96,1.9,19.6,988.9
2333,4/6/2024 5:00,55,0,55,0.0,55,518.6,100,94,1.9,19.5,989.2
2334,4/6/2024 6:00,85,0,85,0.0,85,684.4,100,92,2.2,18.8,989.2
2335,4/6/2024 7:00,129,0,129,0.0,129,812.2,100,90,2.7,19.2,989.1
2336,4/6/2024 8:00,155,0,155,0.0,155,893.4,100,89,3.0,19.2,988.5
2337,4/6/2024 9:00,196,2,194,3.0,196,922.4,100,88,3.3,17.2,988.4
2338,4/6/2024 10:00,115,1,114,1.5,115,897.4,100,88,3.2,14.5,988.2
2339,4/6/2024 11:00,118,1,117,1.7,118,819.9,100,87,3.5,14.1,987.9
2340,4/6/2024 12:00,190,5,185,9.8,190,695.4,100,86,4.0,16.3,987.6
2341,4/6/2024 13:00,58,0,58,0.0,58,532.4,100,90,2.5,14.2,988.8
2342,4/6/2024 14:00,64,0,64,0.0,64,341.9,100,90,2.5,14.8,988.4
2343,4/6/2024 15:00,20,0,20,0.0,20,137.0,100,92,2.4,15.1,988.3
2344,4/6/2024 16:00,0,0,0,0.0,0,6.7,100,94,2.2,15.0,988.1
2345,4/6/2024 17:00,0,0,0,0.0,0,0.0,100,94,2.3,14.1,987.8
2346,4/6/2024 18:00,0,0,0,0.0,0,0.0,100,93,2.5,12.3,987.5
2347,4/6/2024 19:00,0,0,0,0.0,0,0.0,100,94,2.5,10.8,987.2
2348,4/6/2024 20:00,0,0,0,0.0,0,0.0,100,94,2.3,10.1,986.9
2349,4/6/2024 21:00,0,0,0,0.0,0,0.0,100,95,2.2,8.8,986.1
2350,4/6/2024 22:00,0,0,0,0.0,0,0.0,100,96,2.0,8.8,985.5
2351,4/6/2024 23:00,0,0,0,0.0,0,0.0,100,96,2.1,8.6,985.5
2352,4/7/2024 0:00,0,0,0,0.0,0,0.0,100,96,2.0,7.2,985.4
2353,4/7/2024 1:00,0,0,0,0.0,0,0.0,100,95,2.0,6.5,985.9
2354,4/7/2024 2:00,0,0,0,0.0,0,2.1,100,96,1.8,5.3,985.9
2355,4/7/2024 3:00,15,0,15,0.0,15,128.3,100,97,2.0,5.9,986.0
2356,4/7/2024 4:00,48,0,48,0.0,48,334.0,100,96,2.0,5.7,986.1
2357,4/7/2024 5:00,102,0,102,0.0,102,526.1,100,94,2.5,6.7,986.2
2358,4/7/2024 6:00,131,1,130,2.0,131,691.5,100,89,4.7,3.3,986.7
2359,4/7/2024 7:00,175,0,175,0.0,175,818.9,100,87,5.2,2.7,986.7
2360,4/7/2024 8:00,202,4,198,6.1,202,899.8,100,93,3.4,4.8,986.4
2361,4/7/2024 9:00,262,12,250,17.7,262,928.5,100,92,3.7,5.1,986.2
2362,4/7/2024 10:00,388,46,342,69.6,388,903.2,100,86,5.4,5.5,986.3
2363,4/7/2024 11:00,253,11,242,18.2,253,825.7,100,84,5.2,7.1,986.6
2364,4/7/2024 12:00,144,3,141,5.8,144,701.1,100,86,4.0,6.2,986.6
2365,4/7/2024 13:00,85,0,85,0.0,85,538.1,100,90,3.0,5.9,987.1
2366,4/7/2024 14:00,82,0,82,0.0,82,347.8,100,90,3.5,8.9,987.5
2367,4/7/2024 15:00,26,0,26,0.0,26,143.2,100,92,3.0,11.1,987.7
2368,4/7/2024 16:00,1,0,1,0.0,1,9.9,100,93,2.4,8.9,988.0
2369,4/7/2024 17:00,0,0,0,0.0,0,0.0,100,93,2.3,10.7,988.3
2370,4/7/2024 18:00,0,0,0,0.0,0,0.0,100,94,2.0,12.1,988.5
2371,4/7/2024 19:00,0,0,0,0.0,0,0.0,100,92,1.8,10.2,988.7
2372,4/7/2024 20:00,0,0,0,0.0,0,0.0,100,92,1.6,9.1,988.8
2373,4/7/2024 21:00,0,0,0,0.0,0,0.0,100,91,1.5,9.0,988.5
2374,4/7/2024 22:00,0,0,0,0.0,0,0.0,27,92,1.5,10.4,988.4
2375,4/7/2024 23:00,0,0,0,0.0,0,0.0,84,93,0.6,9.5,988.2
2376,4/8/2024 0:00,0,0,0,0.0,0,0.0,99,94,0.2,7.3,988.4
2377,4/8/2024 1:00,0,0,0,0.0,0,0.0,100,96,-0.7,6.0,988.7
2378,4/8/2024 2:00,0,0,0,0.0,0,6.2,100,96,0.8,7.7,989.4
2379,4/8/2024 3:00,41,4,37,32.2,41,136.3,100,95,1.1,7.9,990.0
2380,4/8/2024 4:00,104,8,96,32.0,104,341.7,100,93,1.5,6.3,990.0
2381,4/8/2024 5:00,175,15,160,38.4,175,533.5,100,90,1.9,8.2,990.7
2382,4/8/2024 6:00,312,54,258,105.5,312,698.5,99,83,2.3,7.4,991.0
2383,4/8/2024 7:00,462,164,298,271.2,462,825.6,100,77,2.9,7.0,991.1
2384,4/8/2024 8:00,283,0,283,0.0,283,906.1,100,77,2.9,5.6,991.1
2385,4/8/2024 9:00,353,32,321,46.7,353,934.5,100,77,3.4,4.3,990.6
2386,4/8/2024 10:00,578,277,301,415.9,578,909.0,100,75,4.5,5.0,990.2
2387,4/8/2024 11:00,374,70,304,114.9,374,831.3,100,76,4.8,5.4,989.5
2388,4/8/2024 12:00,298,60,238,115.9,298,706.7,100,79,4.8,5.1,989.3
2389,4/8/2024 13:00,241,60,181,150.6,241,543.8,100,82,4.5,6.4,988.7
2390,4/8/2024 14:00,99,11,88,42.4,99,353.7,100,83,4.0,6.7,988.0
2391,4/8/2024 15:00,26,0,26,0.0,26,149.3,100,84,4.2,8.0,987.5
2392,4/8/2024 16:00,0,0,0,0.0,0,13.0,100,88,4.6,12.7,986.5
2393,4/8/2024 17:00,0,0,0,0.0,0,0.0,100,89,5.4,14.8,986.1
2394,4/8/2024 18:00,0,0,0,0.0,0,0.0,100,91,5.2,13.0,985.6
2395,4/8/2024 19:00,0,0,0,0.0,0,0.0,100,93,5.1,12.5,985.2
2396,4/8/2024 20:00,0,0,0,0.0,0,0.0,100,92,5.6,13.8,984.5
2397,4/8/2024 21:00,0,0,0,0.0,0,0.0,100,92,6.7,16.9,984.3
2398,4/8/2024 22:00,0,0,0,0.0,0,0.0,100,93,6.6,15.8,984.0
2399,4/8/2024 23:00,0,0,0,0.0,0,0.0,100,95,6.1,13.4,984.2
2400,4/9/2024 0:00,0,0,0,0.0,0,0.0,20,96,5.7,11.7,984.5
2401,4/9/2024 1:00,0,0,0,0.0,0,0.0,6,97,5.2,9.5,984.1
2402,4/9/2024 2:00,1,0,1,0.0,1,10.3,28,99,3.3,8.7,984.5
2403,4/9/2024 3:00,60,25,35,196.5,60,144.4,81,99,3.9,9.2,985.1
2404,4/9/2024 4:00,168,64,104,249.9,168,349.5,22,95,5.7,9.4,985.8
2405,4/9/2024 5:00,353,259,94,653.3,353,540.8,49,90,7.9,9.0,986.5
2406,4/9/2024 6:00,488,370,118,715.5,488,705.4,71,85,9.3,12.6,987.3
2407,4/9/2024 7:00,594,455,139,745.9,594,832.1,100,86,7.9,7.6,987.5
2408,4/9/2024 8:00,628,423,205,632.5,628,912.3,100,82,8.8,8.9,987.8
2409,4/9/2024 9:00,651,444,207,644.0,651,940.4,100,65,12.2,16.8,987.9
2410,4/9/2024 10:00,607,372,235,554.8,607,914.7,100,56,13.4,17.4,987.7
2411,4/9/2024 11:00,513,262,251,427.0,513,836.9,100,54,13.7,15.5,987.5
2412,4/9/2024 12:00,437,258,179,494.0,437,712.3,100,52,13.9,14.9,987.7
2413,4/9/2024 13:00,320,182,138,451.8,320,549.5,49,59,13.1,12.4,987.8
2414,4/9/2024 14:00,201,125,76,474.2,201,359.5,99,65,11.6,10.0,987.6
2415,4/9/2024 15:00,68,31,37,236.1,68,155.4,69,75,8.7,9.0,987.7
2416,4/9/2024 16:00,2,0,2,0.0,2,16.1,98,84,5.8,8.0,988.1
2417,4/9/2024 17:00,0,0,0,0.0,0,0.0,40,88,4.0,7.6,988.3
2418,4/9/2024 18:00,0,0,0,0.0,0,0.0,86,89,1.9,9.5,988.4
2419,4/9/2024 19:00,0,0,0,0.0,0,0.0,70,89,0.9,8.1,988.4
2420,4/9/2024 20:00,0,0,0,0.0,0,0.0,12,88,0.6,6.2,988.3
2421,4/9/2024 21:00,0,0,0,0.0,0,0.0,70,88,0.4,9.2,988.2
2422,4/9/2024 22:00,0,0,0,0.0,0,0.0,98,87,1.6,8.0,988.3
2423,4/9/2024 23:00,0,0,0,0.0,0,0.0,97,89,2.0,8.5,988.2
2424,4/10/2024 0:00,0,0,0,0.0,0,0.0,100,89,2.7,9.3,988.6
2425,4/10/2024 1:00,0,0,0,0.0,0,0.0,100,92,3.0,7.4,988.8
2426,4/10/2024 2:00,1,0,1,0.0,1,14.3,100,93,3.3,7.0,988.8
2427,4/10/2024 3:00,44,1,43,7.7,44,152.4,100,91,4.8,7.6,989.1
2428,4/10/2024 4:00,152,38,114,145.1,152,357.1,100,86,6.7,8.3,989.1
2429,4/10/2024 5:00,273,103,170,256.2,273,548.1,100,81,8.9,4.8,989.5
2430,4/10/2024 6:00,433,246,187,470.9,433,712.3,100,76,11.0,3.7,989.9
2431,4/10/2024 7:00,354,59,295,95.9,354,838.6,100,74,11.8,3.0,989.9
2432,4/10/2024 8:00,298,21,277,31.2,298,918.4,100,74,12.1,2.6,990.0
2433,4/10/2024 9:00,426,85,341,122.5,426,946.3,97,70,13.2,2.6,990.1
2434,4/10/2024 10:00,604,388,216,574.7,604,920.4,5,62,14.4,3.3,990.1
2435,4/10/2024 11:00,570,446,124,721.7,570,842.4,32,57,14.9,5.6,990.1
2436,4/10/2024 12:00,415,298,117,565.9,415,717.8,53,57,14.4,9.5,990.4
2437,4/10/2024 13:00,280,168,112,412.6,280,555.1,23,60,13.9,8.3,990.8
2438,4/10/2024 14:00,175,104,71,388.1,175,365.3,21,69,12.4,6.6,990.6
2439,4/10/2024 15:00,65,28,37,209.7,65,161.5,10,79,9.2,7.7,990.8
2440,4/10/2024 16:00,2,0,2,0.0,2,19.2,7,86,6.4,7.6,991.2
2441,4/10/2024 17:00,0,0,0,0.0,0,0.0,0,90,4.3,7.2,991.4
2442,4/10/2024 18:00,0,0,0,0.0,0,0.0,1,88,4.2,11.2,992.0
2443,4/10/2024 19:00,0,0,0,0.0,0,0.0,1,86,4.1,9.9,992.4
2444,4/10/2024 20:00,0,0,0,0.0,0,0.0,0,87,3.0,8.4,992.7
2445,4/10/2024 21:00,0,0,0,0.0,0,0.0,0,89,1.4,7.1,992.8
2446,4/10/2024 22:00,0,0,0,0.0,0,0.0,0,90,0.6,6.6,993.0
2447,4/10/2024 23:00,0,0,0,0.0,0,0.0,2,91,-0.1,6.3,993.2
2448,4/11/2024 0:00,0,0,0,0.0,0,0.0,0,92,-0.2,6.9,993.7
2449,4/11/2024 1:00,0,0,0,0.0,0,0.0,0,92,-0.6,5.9,993.8
2450,4/11/2024 2:00,2,0,2,0.0,2,18.4,0,93,-0.6,4.9,993.9
2451,4/11/2024 3:00,70,34,36,255.5,70,160.3,0,91,1.6,4.2,994.4
2452,4/11/2024 4:00,208,139,69,519.4,208,364.7,1,88,5.5,3.5,994.9
2453,4/11/2024 5:00,360,271,89,665.1,360,555.3,12,81,9.4,3.3,995.2
2454,4/11/2024 6:00,497,397,100,752.3,497,719.1,77,69,11.8,5.7,995.4
2455,4/11/2024 7:00,602,486,116,783.7,602,845.0,100,63,13.4,7.6,995.2
2456,4/11/2024 8:00,634,448,186,660.3,634,924.5,100,56,14.4,9.5,995.1
2457,4/11/2024 9:00,659,472,187,675.5,659,952.1,100,53,15.1,11.0,994.7
2458,4/11/2024 10:00,646,478,168,703.4,646,925.9,100,52,15.6,12.5,993.9
2459,4/11/2024 11:00,531,304,227,488.5,531,847.9,100,52,15.6,14.8,993.2
2460,4/11/2024 12:00,422,213,209,401.2,422,723.3,100,51,15.4,16.3,992.4
2461,4/11/2024 13:00,284,107,177,260.0,284,560.6,100,52,14.8,14.4,992.0
2462,4/11/2024 14:00,184,78,106,286.4,184,371.1,94,56,13.6,15.8,991.3
2463,4/11/2024 15:00,71,26,45,191.6,71,167.5,100,63,11.9,16.2,990.7
2464,4/11/2024 16:00,3,0,3,0.0,3,22.3,100,70,10.6,17.1,990.1
2465,4/11/2024 17:00,0,0,0,0.0,0,0.0,100,71,10.2,18.5,989.6
2466,4/11/2024 18:00,0,0,0,0.0,0,0.0,99,71,10.2,21.0,989.0
2467,4/11/2024 19:00,0,0,0,0.0,0,0.0,96,74,10.1,21.4,987.9
2468,4/11/2024 20:00,0,0,0,0.0,0,0.0,98,76,9.9,20.4,987.3
2469,4/11/2024 21:00,0,0,0,0.0,0,0.0,95,80,9.4,19.2,986.4
2470,4/11/2024 22:00,0,0,0,0.0,0,0.0,100,83,8.8,17.3,985.7
2471,4/11/2024 23:00,0,0,0,0.0,0,0.0,19,88,8.6,15.9,985.6
2472,4/12/2024 0:00,0,0,0,0.0,0,0.0,52,92,8.0,13.6,985.2
2473,4/12/2024 1:00,0,0,0,0.0,0,0.0,29,93,8.1,12.5,985.4
2474,4/12/2024 2:00,3,0,3,0.0,3,22.3,29,94,7.9,11.0,985.0
2475,4/12/2024 3:00,66,26,40,191.3,66,168.1,7,95,8.6,11.0,984.8
2476,4/12/2024 4:00,202,128,74,468.4,202,372.2,0,94,10.2,8.7,984.5
2477,4/12/2024 5:00,358,269,89,651.4,358,562.4,89,85,12.2,12.2,984.3
2478,4/12/2024 6:00,461,305,156,572.3,461,725.8,18,80,13.8,10.2,984.0
2479,4/12/2024 7:00,594,461,133,737.4,594,851.3,55,74,15.2,10.7,983.4
2480,4/12/2024 8:00,681,567,114,829.9,681,930.4,14,56,16.5,13.0,983.0
2481,4/12/2024 9:00,708,596,112,847.4,708,957.7,4,46,17.1,14.8,982.3
2482,4/12/2024 10:00,686,576,110,842.1,686,931.4,0,44,17.4,15.5,981.6
2483,4/12/2024 11:00,618,513,105,818.7,618,853.3,0,44,17.4,15.5,981.0
2484,4/12/2024 12:00,509,411,98,768.0,509,728.7,8,44,17.2,15.5,980.1
2485,4/12/2024 13:00,371,284,87,683.1,371,566.1,4,44,17.5,15.2,979.2
2486,4/12/2024 14:00,218,149,69,538.5,218,376.8,0,51,16.2,13.0,978.6
2487,4/12/2024 15:00,78,40,38,290.1,78,173.5,17,56,13.8,10.8,977.8
2488,4/12/2024 16:00,4,1,3,16.0,4,25.3,86,61,11.4,10.8,977.5
2489,4/12/2024 17:00,0,0,0,0.0,0,0.0,100,66,10.2,10.9,977.6
2490,4/12/2024 18:00,0,0,0,0.0,0,0.0,100,65,10.3,11.2,978.3
2491,4/12/2024 19:00,0,0,0,0.0,0,0.0,99,73,9.4,6.2,977.7
2492,4/12/2024 20:00,0,0,0,0.0,0,0.0,1,79,8.4,8.5,977.1
2493,4/12/2024 21:00,0,0,0,0.0,0,0.0,99,86,6.3,7.9,976.7
2494,4/12/2024 22:00,0,0,0,0.0,0,0.0,96,79,7.8,8.7,976.3
2495,4/12/2024 23:00,0,0,0,0.0,0,0.0,0,80,7.3,8.5,976.0
2496,4/13/2024 0:00,0,0,0,0.0,0,0.0,91,86,5.6,9.4,975.6
2497,4/13/2024 1:00,0,0,0,0.0,0,0.0,75,88,5.6,10.8,974.9
2498,4/13/2024 2:00,3,0,3,0.0,3,26.3,94,84,6.1,12.1,975.3
2499,4/13/2024 3:00,44,6,38,43.2,44,175.9,3,80,7.2,9.4,975.6
2500,4/13/2024 4:00,222,153,69,548.7,222,379.6,55,76,8.9,10.1,975.7
2501,4/13/2024 5:00,345,228,117,545.0,345,569.4,60,70,10.4,13.0,975.5
2502,4/13/2024 6:00,462,331,131,615.1,462,732.4,89,63,11.6,15.5,975.2
2503,4/13/2024 7:00,356,138,218,219.0,356,857.6,75,72,10.3,19.7,975.1
2504,4/13/2024 8:00,442,202,240,293.6,442,936.3,100,73,10.3,20.2,975.1
2505,4/13/2024 9:00,205,18,187,25.4,205,963.3,98,78,9.4,17.6,975.2
2506,4/13/2024 10:00,219,15,204,21.8,219,936.8,86,72,9.4,16.6,975.5
2507,4/13/2024 11:00,408,173,235,274.2,408,858.6,59,66,10.4,19.4,975.6
2508,4/13/2024 12:00,425,290,135,537.7,425,734.0,51,63,10.1,23.9,975.6
2509,4/13/2024 13:00,215,87,128,207.1,215,571.6,46,67,9.0,22.7,976.1
2510,4/13/2024 14:00,190,108,82,384.3,190,382.4,37,71,7.8,20.2,976.7
2511,4/13/2024 15:00,73,30,43,214.2,73,179.4,61,78,6.5,16.3,977.5
2512,4/13/2024 16:00,3,0,3,0.0,3,28.4,63,79,5.8,18.6,978.6
2513,4/13/2024 17:00,0,0,0,0.0,0,0.0,100,81,4.9,16.1,979.2
2514,4/13/2024 18:00,0,0,0,0.0,0,0.0,97,78,5.0,16.1,979.8
2515,4/13/2024 19:00,0,0,0,0.0,0,0.0,61,78,4.3,15.9,980.2
2516,4/13/2024 20:00,0,0,0,0.0,0,0.0,5,80,3.5,13.9,980.3
2517,4/13/2024 21:00,0,0,0,0.0,0,0.0,43,85,2.2,11.6,980.6
2518,4/13/2024 22:00,0,0,0,0.0,0,0.0,96,86,1.8,10.9,981.0
2519,4/13/2024 23:00,0,0,0,0.0,0,0.0,38,84,2.0,11.5,981.4
2520,4/14/2024 0:00,0,0,0,0.0,0,0.0,0,88,1.0,11.0,982.0
2521,4/14/2024 1:00,0,0,0,0.0,0,0.0,0,87,1.3,11.5,982.0
2522,4/14/2024 2:00,5,1,4,15.2,5,30.2,0,90,0.7,11.5,982.7
2523,4/14/2024 3:00,85,43,42,303.7,85,183.6,0,87,1.6,10.4,983.6
2524,4/14/2024 4:00,230,157,73,552.1,230,386.9,8,80,3.0,12.4,984.4
2525,4/14/2024 5:00,384,293,91,691.6,384,576.3,2,71,4.6,12.6,985.0
2526,4/14/2024 6:00,507,396,111,729.0,507,738.9,94,59,5.6,14.7,985.0
2527,4/14/2024 7:00,341,84,257,132.3,341,863.7,100,58,5.7,12.1,985.3
2528,4/14/2024 8:00,350,39,311,56.3,350,942.1,99,56,6.1,10.3,985.4
2529,4/14/2024 9:00,357,82,275,115.1,357,968.8,100,54,6.4,9.3,985.8
2530,4/14/2024 10:00,421,70,351,101.1,421,942.1,100,53,7.0,8.9,985.7
2531,4/14/2024 11:00,312,72,240,113.4,312,863.8,100,53,6.9,7.4,985.7
2532,4/14/2024 12:00,300,78,222,143.5,300,739.2,100,52,7.2,7.2,985.6
2533,4/14/2024 13:00,256,81,175,191.0,256,577.0,100,46,7.6,7.3,985.3
2534,4/14/2024 14:00,164,46,118,161.2,164,388.0,100,47,7.2,5.8,985.3
2535,4/14/2024 15:00,57,5,52,35.2,57,185.3,98,65,5.4,5.2,985.1
2536,4/14/2024 16:00,4,0,4,0.0,4,31.4,88,60,4.4,8.6,985.5
2537,4/14/2024 17:00,0,0,0,0.0,0,0.0,61,62,3.3,8.7,985.4
2538,4/14/2024 18:00,0,0,0,0.0,0,0.0,62,69,1.5,7.7,985.3
2539,4/14/2024 19:00,0,0,0,0.0,0,0.0,17,75,0.3,9.0,984.9
2540,4/14/2024 20:00,0,0,0,0.0,0,0.0,3,77,-0.2,9.0,984.7
2541,4/14/2024 21:00,0,0,0,0.0,0,0.0,0,77,0.1,7.9,984.6
2542,4/14/2024 22:00,0,0,0,0.0,0,0.0,0,80,-0.1,8.7,984.7
2543,4/14/2024 23:00,0,0,0,0.0,0,0.0,0,79,0.1,10.8,984.7
2544,4/15/2024 0:00,0,0,0,0.0,0,0.0,56,80,0.0,11.7,984.7
2545,4/15/2024 1:00,0,0,0,0.0,0,0.0,80,80,0.4,13.9,984.6
2546,4/15/2024 2:00,4,0,4,0.0,4,34.0,100,74,1.6,15.4,984.1
2547,4/15/2024 3:00,33,0,33,0.0,33,191.1,100,72,2.7,14.9,983.8
2548,4/15/2024 4:00,53,3,50,10.4,53,394.1,98,74,3.3,14.7,983.3
2549,4/15/2024 5:00,123,11,112,25.6,123,583.1,100,72,4.7,16.1,982.9
2550,4/15/2024 6:00,372,163,209,297.3,372,745.3,100,62,7.2,22.3,982.5
2551,4/15/2024 7:00,454,170,284,265.8,454,869.7,100,58,8.5,23.9,981.8
2552,4/15/2024 8:00,555,254,301,364.3,555,947.8,100,59,9.8,25.2,981.0
2553,4/15/2024 9:00,218,6,212,8.4,218,974.2,100,65,8.8,23.9,980.7
2554,4/15/2024 10:00,154,5,149,7.2,154,947.4,100,71,8.2,22.5,979.7
2555,4/15/2024 11:00,197,27,170,42.2,197,869.0,100,70,8.4,22.1,978.6
2556,4/15/2024 12:00,210,35,175,63.9,210,744.4,100,72,8.8,24.0,977.3
2557,4/15/2024 13:00,172,8,164,18.7,172,582.3,100,61,11.2,25.3,975.9
2558,4/15/2024 14:00,96,2,94,6.9,96,393.6,100,64,10.9,26.9,974.7
2559,4/15/2024 15:00,28,0,28,0.0,28,191.2,100,69,10.4,26.3,974.0
2560,4/15/2024 16:00,0,0,0,0.0,0,34.4,100,86,8.9,24.8,973.5
2561,4/15/2024 17:00,0,0,0,0.0,0,0.0,100,91,8.4,18.4,972.8
2562,4/15/2024 18:00,0,0,0,0.0,0,0.0,88,95,8.6,21.1,972.8
2563,4/15/2024 19:00,0,0,0,0.0,0,0.0,100,97,8.0,19.9,972.9
2564,4/15/2024 20:00,0,0,0,0.0,0,0.0,98,97,8.0,17.1,972.7
2565,4/15/2024 21:00,0,0,0,0.0,0,0.0,100,97,7.6,16.1,973.0
2566,4/15/2024 22:00,0,0,0,0.0,0,0.0,100,97,6.7,12.3,972.6
2567,4/15/2024 23:00,0,0,0,0.0,0,0.0,100,97,5.9,11.1,972.6
2568,4/16/2024 0:00,0,0,0,0.0,0,0.0,100,97,5.4,10.7,972.1
2569,4/16/2024 1:00,0,0,0,0.0,0,0.0,100,98,5.9,11.2,971.2
2570,4/16/2024 2:00,5,0,5,0.0,5,37.8,99,96,6.1,13.5,971.5
2571,4/16/2024 3:00,66,17,49,115.6,66,198.6,68,95,6.5,13.8,972.1
2572,4/16/2024 4:00,207,112,95,379.4,207,401.2,14,90,7.8,11.5,972.4
2573,4/16/2024 5:00,384,283,101,652.0,384,589.8,1,80,9.4,13.0,972.2
2574,4/16/2024 6:00,525,420,105,759.3,525,751.6,31,65,11.1,17.8,972.4
2575,4/16/2024 7:00,543,390,153,605.2,543,875.6,40,59,10.2,24.6,972.8
2576,4/16/2024 8:00,608,441,167,628.5,608,953.3,23,56,11.6,23.1,972.9
2577,4/16/2024 9:00,647,497,150,689.4,647,979.6,17,46,12.4,26.5,973.0
2578,4/16/2024 10:00,666,531,135,757.4,666,952.5,93,42,12.9,30.9,973.5
2579,4/16/2024 11:00,382,177,205,275.1,382,874.0,24,46,12.2,30.2,974.1
2580,4/16/2024 12:00,415,265,150,480.3,415,749.5,21,48,12.1,28.4,974.9
2581,4/16/2024 13:00,307,160,147,370.0,307,587.5,12,45,11.9,25.8,975.4
2582,4/16/2024 14:00,213,129,84,439.2,213,399.0,89,49,11.4,17.9,976.1
2583,4/16/2024 15:00,65,16,49,109.2,65,197.0,50,53,10.4,11.4,976.3
2584,4/16/2024 16:00,6,1,5,14.0,6,37.3,4,64,7.9,6.9,976.7
2585,4/16/2024 17:00,0,0,0,0.0,0,0.0,58,77,5.1,8.5,977.1
2586,4/16/2024 18:00,0,0,0,0.0,0,0.0,94,78,4.7,7.2,977.5
2587,4/16/2024 19:00,0,0,0,0.0,0,0.0,100,76,5.2,9.7,977.7
2588,4/16/2024 20:00,0,0,0,0.0,0,0.0,100,75,5.2,10.0,978.2
2589,4/16/2024 21:00,0,0,0,0.0,0,0.0,100,75,5.2,9.8,978.5
2590,4/16/2024 22:00,0,0,0,0.0,0,0.0,96,79,4.5,8.4,978.9
2591,4/16/2024 23:00,0,0,0,0.0,0,0.0,94,83,4.0,8.6,979.4
2592,4/17/2024 0:00,0,0,0,0.0,0,0.0,100,86,3.5,8.9,979.9
2593,4/17/2024 1:00,0,0,0,0.0,0,0.0,93,85,4.4,6.6,980.0
2594,4/17/2024 2:00,7,1,6,13.4,7,41.5,100,88,4.0,8.3,980.5
2595,4/17/2024 3:00,73,10,63,65.9,73,206.0,17,84,5.6,10.5,981.0
2596,4/17/2024 4:00,239,164,75,545.7,239,408.2,100,80,8.0,10.1,981.6
2597,4/17/2024 5:00,369,243,126,553.4,369,596.4,100,74,10.1,11.9,981.8
2598,4/17/2024 6:00,459,258,201,462.4,459,757.8,100,70,12.1,14.8,981.6
2599,4/17/2024 7:00,551,316,235,486.9,551,881.4,100,65,13.7,17.4,981.3
2600,4/17/2024 8:00,662,477,185,675.6,662,958.8,100,58,15.1,18.4,981.4
2601,4/17/2024 9:00,654,431,223,594.3,654,984.8,100,57,16.1,18.4,981.2
2602,4/17/2024 10:00,558,263,295,373.0,558,957.5,98,59,16.5,19.8,980.8
2603,4/17/2024 11:00,582,435,147,672.0,582,879.0,100,59,18.3,24.8,979.8
2604,4/17/2024 12:00,292,80,212,144.0,292,754.6,100,63,18.7,18.9,979.6
2605,4/17/2024 13:00,365,260,105,595.6,365,592.7,100,63,19.1,22.0,979.3
2606,4/17/2024 14:00,211,114,97,382.7,211,404.5,100,71,18.2,19.9,978.9
2607,4/17/2024 15:00,77,16,61,107.2,77,202.7,99,74,17.4,18.1,978.1
2608,4/17/2024 16:00,8,1,7,13.6,8,40.2,99,69,16.8,20.3,977.9
2609,4/17/2024 17:00,0,0,0,0.0,0,0.0,93,64,16.8,22.9,977.8
2610,4/17/2024 18:00,0,0,0,0.0,0,0.0,100,60,17.0,25.3,977.6
2611,4/17/2024 19:00,0,0,0,0.0,0,0.0,100,60,17.2,27.7,977.6
2612,4/17/2024 20:00,0,0,0,0.0,0,0.0,100,60,17.3,28.2,977.7
2613,4/17/2024 21:00,0,0,0,0.0,0,0.0,100,61,17.0,26.3,978.1
2614,4/17/2024 22:00,0,0,0,0.0,0,0.0,100,61,16.9,22.8,978.4
2615,4/17/2024 23:00,0,0,0,0.0,0,0.0,100,63,16.4,22.8,978.8
2616,4/18/2024 0:00,0,0,0,0.0,0,0.0,100,62,16.0,23.8,979.0
2617,4/18/2024 1:00,0,0,0,0.0,0,0.0,93,70,15.4,23.4,979.2
2618,4/18/2024 2:00,6,0,6,0.0,6,45.2,54,68,15.2,23.5,979.4
2619,4/18/2024 3:00,81,36,45,229.2,81,213.2,55,68,14.9,23.4,979.9
2620,4/18/2024 4:00,211,117,94,382.6,211,415.0,100,67,15.6,18.5,980.5
2621,4/18/2024 5:00,218,52,166,117.1,218,602.8,50,66,15.8,19.3,981.0
2622,4/18/2024 6:00,510,400,110,710.8,510,763.8,99,62,17.2,20.8,981.6
2623,4/18/2024 7:00,551,336,215,514.1,551,887.1,100,60,17.9,20.3,982.2
2624,4/18/2024 8:00,563,267,296,375.9,563,964.1,100,59,18.5,18.8,982.6
2625,4/18/2024 9:00,663,453,210,621.1,663,989.9,100,57,19.7,18.2,982.8
2626,4/18/2024 10:00,576,298,278,420.2,576,962.5,99,56,19.9,17.7,982.9
2627,4/18/2024 11:00,569,369,200,566.5,569,883.9,100,57,20.3,17.3,982.8
2628,4/18/2024 12:00,446,242,204,432.4,446,759.5,97,57,20.3,18.5,983.0
2629,4/18/2024 13:00,324,166,158,376.8,324,597.8,16,51,21.2,17.1,983.1
2630,4/18/2024 14:00,231,149,82,493.4,231,409.8,16,58,20.2,15.8,983.1
2631,4/18/2024 15:00,97,50,47,325.6,97,208.4,3,62,18.5,15.2,983.2
2632,4/18/2024 16:00,9,2,7,26.4,9,43.1,78,66,16.7,15.1,983.4
2633,4/18/2024 17:00,0,0,0,0.0,0,0.0,100,64,16.0,15.8,983.6
2634,4/18/2024 18:00,0,0,0,0.0,0,0.0,78,64,15.2,15.5,983.7
2635,4/18/2024 19:00,0,0,0,0.0,0,0.0,6,67,14.5,15.9,983.8
2636,4/18/2024 20:00,0,0,0,0.0,0,0.0,100,72,14.0,15.5,983.8
2637,4/18/2024 21:00,0,0,0,0.0,0,0.0,98,73,13.9,15.9,983.8
2638,4/18/2024 22:00,0,0,0,0.0,0,0.0,100,74,13.6,15.9,983.9
2639,4/18/2024 23:00,0,0,0,0.0,0,0.0,98,72,13.6,16.2,984.1
2640,4/19/2024 0:00,0,0,0,0.0,0,0.0,100,71,13.1,15.8,984.3
2641,4/19/2024 1:00,0,0,0,0.0,0,0.0,100,68,13.3,15.5,984.5
2642,4/19/2024 2:00,9,0,9,0.0,9,48.8,98,66,13.5,16.3,984.6
2643,4/19/2024 3:00,93,32,61,197.0,93,220.3,88,66,14.2,16.7,984.8
2644,4/19/2024 4:00,241,155,86,498.5,241,421.8,92,67,15.8,16.3,984.8
2645,4/19/2024 5:00,377,253,124,563.4,377,609.2,96,62,17.5,16.5,984.8
2646,4/19/2024 6:00,516,384,132,676.7,516,769.7,86,56,19.4,18.2,984.9
2647,4/19/2024 7:00,620,468,152,711.2,620,892.6,84,54,20.8,19.6,984.9
2648,4/19/2024 8:00,704,580,124,811.6,704,969.4,82,52,22.1,21.0,984.7
2649,4/19/2024 9:00,730,614,116,837.2,730,994.9,0,50,23.2,21.7,984.5
2650,4/19/2024 10:00,707,595,112,834.3,707,967.3,0,49,23.9,23.0,984.3
2651,4/19/2024 11:00,637,530,107,808.9,637,888.7,0,49,24.1,23.4,984.5
2652,4/19/2024 12:00,529,429,100,761.2,529,764.4,0,50,24.0,23.0,984.5
2653,4/19/2024 13:00,397,308,89,693.0,397,602.8,0,40,24.5,21.8,984.4
2654,4/19/2024 14:00,245,172,73,562.0,245,415.1,0,44,23.2,21.7,984.4
2655,4/19/2024 15:00,102,56,46,354.9,102,214.0,2,46,21.6,20.6,984.5
2656,4/19/2024 16:00,10,3,7,38.5,10,46.0,1,49,20.4,20.5,985.0
2657,4/19/2024 17:00,0,0,0,0.0,0,0.0,1,53,19.5,20.9,985.3
2658,4/19/2024 18:00,0,0,0,0.0,0,0.0,2,55,18.8,20.5,985.2
2659,4/19/2024 19:00,0,0,0,0.0,0,0.0,21,56,18.2,19.9,985.4
2660,4/19/2024 20:00,0,0,0,0.0,0,0.0,69,54,18.2,22.4,985.6
2661,4/19/2024 21:00,0,0,0,0.0,0,0.0,100,55,17.8,22.0,985.8
2662,4/19/2024 22:00,0,0,0,0.0,0,0.0,95,56,17.5,21.6,985.9
2663,4/19/2024 23:00,0,0,0,0.0,0,0.0,96,61,16.5,17.8,986.6
2664,4/20/2024 0:00,0,0,0,0.0,0,0.0,91,64,15.9,18.4,986.9
2665,4/20/2024 1:00,0,0,0,0.0,0,0.0,96,63,16.3,18.2,987.7
2666,4/20/2024 2:00,12,2,10,24.2,12,52.3,100,68,15.5,14.6,988.6
2667,4/20/2024 3:00,79,16,63,95.4,79,227.3,91,72,15.6,11.3,989.4
2668,4/20/2024 4:00,206,111,95,351.3,206,428.4,21,71,17.0,8.8,990.1
2669,4/20/2024 5:00,348,244,104,537.6,348,615.3,49,66,18.2,8.2,990.4
2670,4/20/2024 6:00,423,280,143,489.5,423,775.5,71,63,19.2,6.9,990.9
2671,4/20/2024 7:00,431,244,187,368.4,431,898.0,24,64,19.4,6.4,991.0
2672,4/20/2024 8:00,575,394,181,548.1,575,974.5,89,65,20.0,5.9,991.5
2673,4/20/2024 9:00,471,223,248,302.4,471,999.7,77,66,19.9,4.4,991.7
2674,4/20/2024 10:00,440,242,198,337.5,440,972.1,82,64,20.3,3.2,991.5
2675,4/20/2024 11:00,522,363,159,550.8,522,893.4,75,64,21.0,0.4,991.8
2676,4/20/2024 12:00,372,178,194,313.7,372,769.2,57,62,21.6,3.1,991.7
2677,4/20/2024 13:00,290,181,109,403.7,290,607.8,50,55,22.4,6.5,991.8
2678,4/20/2024 14:00,187,89,98,287.0,187,420.3,63,63,21.2,4.6,991.9
2679,4/20/2024 15:00,87,37,50,228.4,87,219.6,37,73,18.6,7.9,991.8
2680,4/20/2024 16:00,11,2,9,25.0,11,48.8,92,88,15.8,8.4,992.1
2681,4/20/2024 17:00,0,0,0,0.0,0,0.0,100,92,14.6,7.6,992.4
2682,4/20/2024 18:00,0,0,0,0.0,0,0.0,100,93,13.9,7.8,992.3
2683,4/20/2024 19:00,0,0,0,0.0,0,0.0,100,94,13.4,7.5,992.5
2684,4/20/2024 20:00,0,0,0,0.0,0,0.0,100,95,13.2,16.5,993.7
2685,4/20/2024 21:00,0,0,0,0.0,0,0.0,99,93,13.8,13.7,993.0
2686,4/20/2024 22:00,0,0,0,0.0,0,0.0,34,93,13.1,10.6,993.3
2687,4/20/2024 23:00,0,0,0,0.0,0,0.0,64,95,12.4,11.8,994.0
2688,4/21/2024 0:00,0,0,0,0.0,0,0.0,31,95,12.3,13.5,994.3
2689,4/21/2024 1:00,0,0,0,0.0,0,0.0,1,95,12.8,14.1,994.7
2690,4/21/2024 2:00,14,4,10,47.0,14,55.7,0,95,12.9,16.5,995.0
2691,4/21/2024 3:00,110,60,50,347.3,110,234.1,0,93,13.6,18.3,995.4
2692,4/21/2024 4:00,251,175,76,545.4,251,434.8,0,89,14.6,17.6,995.6
2693,4/21/2024 5:00,400,307,93,669.5,400,621.4,0,83,16.2,17.9,995.5
2694,4/21/2024 6:00,532,428,104,742.4,532,781.2,0,76,18.4,18.4,995.5
2695,4/21/2024 7:00,636,525,111,787.5,636,903.3,71,69,20.5,17.6,995.5
2696,4/21/2024 8:00,681,542,139,749.8,681,979.5,93,64,22.1,16.7,995.4
2697,4/21/2024 9:00,707,575,132,775.6,707,1004.5,71,60,23.4,17.1,995.4
2698,4/21/2024 10:00,693,575,118,797.6,693,976.7,79,59,24.0,15.5,995.4
2699,4/21/2024 11:00,490,282,208,425.4,490,898.1,67,64,22.3,17.5,995.5
2700,4/21/2024 12:00,334,186,148,325.6,334,773.9,27,68,21.1,17.4,995.2
2701,4/21/2024 13:00,329,219,110,484.3,329,612.7,54,53,23.5,16.4,994.6
2702,4/21/2024 14:00,208,124,84,394.8,208,425.5,66,58,22.3,17.3,994.3
2703,4/21/2024 15:00,97,46,51,276.9,97,225.1,45,59,20.9,17.2,994.1
2704,4/21/2024 16:00,12,3,9,36.5,12,51.6,33,62,19.0,19.1,994.3
2705,4/21/2024 17:00,0,0,0,0.0,0,0.0,16,63,17.8,19.0,994.3
2706,4/21/2024 18:00,0,0,0,0.0,0,0.0,36,64,16.8,17.7,994.3
2707,4/21/2024 19:00,0,0,0,0.0,0,0.0,56,62,15.9,16.6,994.2
2708,4/21/2024 20:00,0,0,0,0.0,0,0.0,97,61,15.5,16.1,994.1
2709,4/21/2024 21:00,0,0,0,0.0,0,0.0,86,63,14.9,14.7,993.6
2710,4/21/2024 22:00,0,0,0,0.0,0,0.0,55,67,14.2,13.8,993.3
2711,4/21/2024 23:00,0,0,0,0.0,0,0.0,7,71,13.4,12.2,993.2
2712,4/22/2024 0:00,0,0,0,0.0,0,0.0,15,75,12.8,11.5,993.1
2713,4/22/2024 1:00,0,0,0,0.0,0,0.0,2,75,13.1,10.1,992.9
2714,4/22/2024 2:00,16,5,11,57.0,16,59.1,71,77,13.1,9.4,992.9
2715,4/22/2024 3:00,115,63,52,354.3,115,240.8,96,73,15.2,10.8,993.0
2716,4/22/2024 4:00,256,178,78,546.5,256,441.1,100,70,17.9,10.0,993.1
2717,4/22/2024 5:00,352,191,161,412.4,352,627.3,100,65,19.8,10.0,993.1
2718,4/22/2024 6:00,498,337,161,580.1,498,786.7,100,59,21.6,12.0,993.1
2719,4/22/2024 7:00,632,502,130,748.3,632,908.5,99,54,23.1,13.7,992.8
2720,4/22/2024 8:00,698,563,135,774.6,698,984.3,100,48,24.0,16.2,992.5
2721,4/22/2024 9:00,698,515,183,691.1,698,1009.2,78,46,24.5,16.6,992.5
2722,4/22/2024 10:00,702,570,132,786.6,702,981.3,25,43,24.9,16.8,992.0
2723,4/22/2024 11:00,644,534,110,801.1,644,902.6,73,40,25.0,16.9,991.7
2724,4/22/2024 12:00,534,424,110,737.5,534,778.5,58,42,24.8,15.8,991.5
2725,4/22/2024 13:00,403,308,95,675.4,403,617.5,76,37,25.0,11.7,991.2
2726,4/22/2024 14:00,252,172,80,540.9,252,430.6,87,46,23.3,8.7,990.9
2727,4/22/2024 15:00,108,54,54,317.2,108,230.5,96,55,20.5,8.2,990.3
2728,4/22/2024 16:00,14,3,11,35.6,14,54.4,90,58,18.7,10.3,990.4
2729,4/22/2024 17:00,0,0,0,0.0,0,0.0,1,60,17.9,11.5,990.4
2730,4/22/2024 18:00,0,0,0,0.0,0,0.0,0,61,17.1,12.0,990.2
2731,4/22/2024 19:00,0,0,0,0.0,0,0.0,0,58,16.5,11.7,990.0
2732,4/22/2024 20:00,0,0,0,0.0,0,0.0,0,56,15.7,10.8,989.9
2733,4/22/2024 21:00,0,0,0,0.0,0,0.0,0,57,14.9,11.0,989.7
2734,4/22/2024 22:00,0,0,0,0.0,0,0.0,0,62,14.1,11.2,989.5
2735,4/22/2024 23:00,0,0,0,0.0,0,0.0,0,66,13.8,11.7,989.3
2736,4/23/2024 0:00,0,0,0,0.0,0,0.0,0,70,13.2,11.5,989.1
2737,4/23/2024 1:00,0,0,0,0.0,0,0.0,0,70,13.5,11.5,988.9
2738,4/23/2024 2:00,19,6,13,66.5,19,62.4,0,71,13.6,11.8,989.0
2739,4/23/2024 3:00,122,70,52,383.0,122,247.4,0,67,15.3,12.8,989.0
2740,4/23/2024 4:00,266,189,77,571.9,266,447.3,0,64,17.4,11.8,989.0
2741,4/23/2024 5:00,413,321,92,686.3,413,633.1,16,59,19.2,12.4,988.9
2742,4/23/2024 6:00,528,400,128,683.5,528,792.1,0,55,21.0,12.6,988.7
2743,4/23/2024 7:00,634,518,116,767.5,634,913.5,2,53,22.5,13.0,988.6
2744,4/23/2024 8:00,704,584,120,799.1,704,989.1,18,46,23.7,15.6,988.4
2745,4/23/2024 9:00,668,523,145,698.3,668,1013.7,21,40,24.1,19.3,988.1
2746,4/23/2024 10:00,676,540,136,741.4,676,985.8,17,42,24.1,18.9,987.6
2747,4/23/2024 11:00,605,475,130,708.7,605,907.1,75,42,23.6,20.0,987.2
2748,4/23/2024 12:00,422,258,164,445.9,422,783.1,43,42,23.0,15.6,986.6
2749,4/23/2024 13:00,296,200,96,434.9,296,622.3,18,48,22.4,8.3,986.0
2750,4/23/2024 14:00,230,150,80,465.9,230,435.7,66,56,22.0,4.8,985.6
2751,4/23/2024 15:00,89,38,51,218.0,89,235.9,38,56,19.9,7.0,985.0
2752,4/23/2024 16:00,15,4,11,46.4,15,57.1,44,60,17.2,8.2,984.6
2753,4/23/2024 17:00,0,0,0,0.0,0,0.0,32,64,16.1,7.9,984.4
2754,4/23/2024 18:00,0,0,0,0.0,0,0.0,99,67,15.4,9.2,984.0
2755,4/23/2024 19:00,0,0,0,0.0,0,0.0,98,65,15.6,10.6,983.9
2756,4/23/2024 20:00,0,0,0,0.0,0,0.0,97,69,15.1,9.4,984.1
2757,4/23/2024 21:00,0,0,0,0.0,0,0.0,64,82,13.7,7.0,984.1
2758,4/23/2024 22:00,0,0,0,0.0,0,0.0,100,86,12.4,4.0,983.5
2759,4/23/2024 23:00,0,0,0,0.0,0,0.0,100,91,11.9,12.0,983.8
2760,4/24/2024 0:00,0,0,0,0.0,0,0.0,100,96,11.9,9.1,984.2
2761,4/24/2024 1:00,0,0,0,0.0,0,0.0,100,95,12.4,3.0,983.4
2762,4/24/2024 2:00,5,0,5,0.0,5,65.7,100,97,12.1,9.2,983.4
2763,4/24/2024 3:00,36,0,36,0.0,36,253.9,100,98,12.2,10.2,983.9
2764,4/24/2024 4:00,57,13,44,38.8,57,453.4,100,97,11.9,11.2,984.3
2765,4/24/2024 5:00,142,3,139,6.4,142,638.8,100,94,11.9,14.4,984.0
2766,4/24/2024 6:00,213,8,205,13.6,213,797.4,100,89,12.5,15.5,984.3
2767,4/24/2024 7:00,381,109,272,160.5,381,918.5,100,84,13.8,14.6,984.8
2768,4/24/2024 8:00,204,4,200,5.4,204,993.8,100,85,13.3,14.3,984.7
2769,4/24/2024 9:00,410,115,295,152.8,410,1018.3,100,79,14.4,18.1,985.0
2770,4/24/2024 10:00,324,40,284,54.6,324,990.2,100,75,14.9,20.6,985.4
2771,4/24/2024 11:00,249,13,236,19.3,249,911.5,90,72,15.2,22.6,985.6
2772,4/24/2024 12:00,317,104,213,178.6,317,787.6,71,70,15.6,21.9,986.1
2773,4/24/2024 13:00,282,102,180,220.0,282,627.0,95,66,15.6,19.4,986.9
2774,4/24/2024 14:00,150,39,111,119.7,150,440.7,0,66,15.1,14.8,987.3
2775,4/24/2024 15:00,107,53,54,297.1,107,241.3,0,68,14.1,11.5,987.6
2776,4/24/2024 16:00,18,6,12,67.9,18,59.8,1,76,11.8,8.8,988.2
2777,4/24/2024 17:00,0,0,0,0.0,0,0.0,0,82,10.3,8.7,988.5
2778,4/24/2024 18:00,0,0,0,0.0,0,0.0,0,86,9.3,8.6,988.7
2779,4/24/2024 19:00,0,0,0,0.0,0,0.0,0,88,8.4,7.8,989.1
2780,4/24/2024 20:00,0,0,0,0.0,0,0.0,2,90,7.7,6.8,989.7
2781,4/24/2024 21:00,0,0,0,0.0,0,0.0,15,91,6.8,6.3,990.1
2782,4/24/2024 22:00,0,0,0,0.0,0,0.0,95,92,6.2,6.4,990.3
2783,4/24/2024 23:00,0,0,0,0.0,0,0.0,6,93,5.8,6.5,990.8
2784,4/25/2024 0:00,0,0,0,0.0,0,0.0,98,95,4.8,6.2,991.2
2785,4/25/2024 1:00,0,0,0,0.0,0,0.0,57,99,5.3,6.9,992.2
2786,4/25/2024 2:00,23,7,16,73.5,23,69.0,70,98,5.9,9.2,992.5
2787,4/25/2024 3:00,130,68,62,353.1,130,260.4,91,91,8.2,9.1,993.4
2788,4/25/2024 4:00,269,170,99,500.3,269,459.5,94,83,10.5,9.2,994.0
2789,4/25/2024 5:00,428,318,110,667.2,428,644.5,98,73,12.1,12.1,993.9
2790,4/25/2024 6:00,528,348,180,586.2,528,802.7,30,64,13.3,12.0,994.0
2791,4/25/2024 7:00,674,548,126,802.4,674,923.4,0,57,14.4,11.2,994.5
2792,4/25/2024 8:00,748,633,115,857.1,748,998.5,0,54,15.1,8.4,994.7
2793,4/25/2024 9:00,767,650,117,859.3,767,1022.7,29,52,15.8,7.4,994.7
2794,4/25/2024 10:00,739,622,117,845.5,739,994.5,64,52,16.2,7.5,994.4
2795,4/25/2024 11:00,666,550,116,811.9,666,915.9,8,51,16.5,6.4,994.4
2796,4/25/2024 12:00,557,449,108,766.3,557,792.1,0,50,16.6,6.1,994.6
2797,4/25/2024 13:00,424,331,93,708.3,424,631.7,2,43,16.9,7.0,995.2
2798,4/25/2024 14:00,272,195,77,591.5,272,445.7,6,51,15.9,6.5,995.1
2799,4/25/2024 15:00,125,72,53,394.6,125,246.7,11,64,13.6,6.3,994.8
2800,4/25/2024 16:00,19,6,13,66.4,19,62.5,65,71,10.9,7.6,995.2
2801,4/25/2024 17:00,0,0,0,0.0,0,0.0,22,73,10.0,10.2,995.0
2802,4/25/2024 18:00,0,0,0,0.0,0,0.0,0,71,9.4,10.5,995.2
2803,4/25/2024 19:00,0,0,0,0.0,0,0.0,91,69,8.8,10.6,995.8
2804,4/25/2024 20:00,0,0,0,0.0,0,0.0,100,72,8.1,11.0,995.9
2805,4/25/2024 21:00,0,0,0,0.0,0,0.0,55,73,7.8,10.9,996.1
2806,4/25/2024 22:00,0,0,0,0.0,0,0.0,31,74,7.2,12.1,996.0
2807,4/25/2024 23:00,0,0,0,0.0,0,0.0,100,76,6.6,11.8,996.5
2808,4/26/2024 0:00,0,0,0,0.0,0,0.0,100,76,6.3,11.7,996.6
2809,4/26/2024 1:00,0,0,0,0.0,0,0.0,81,79,6.2,10.8,997.1
2810,4/26/2024 2:00,25,8,17,81.9,25,72.2,1,80,6.3,10.7,997.5
2811,4/26/2024 3:00,138,82,56,415.5,138,266.7,48,78,8.1,12.6,997.5
2812,4/26/2024 4:00,282,196,86,569.1,282,465.4,92,73,10.6,7.2,998.1
2813,4/26/2024 5:00,430,318,112,661.1,430,650.0,100,62,13.1,9.5,998.1
2814,4/26/2024 6:00,464,225,239,376.4,464,807.9,100,54,14.4,9.7,998.3
2815,4/26/2024 7:00,361,58,303,84.4,361,928.3,100,52,14.8,8.4,998.4
2816,4/26/2024 8:00,309,15,294,20.2,309,1003.0,100,51,15.1,8.7,997.9
2817,4/26/2024 9:00,318,28,290,36.8,318,1027.1,100,49,15.7,8.7,997.9
2818,4/26/2024 10:00,278,10,268,13.5,278,998.8,100,50,15.9,10.4,997.5
2819,4/26/2024 11:00,185,52,133,76.4,185,920.2,100,52,15.6,9.9,997.1
2820,4/26/2024 12:00,136,0,136,0.0,136,796.6,100,56,15.5,9.2,996.7
2821,4/26/2024 13:00,93,1,92,2.1,93,636.4,100,52,15.2,8.9,996.8
2822,4/26/2024 14:00,62,3,59,9.0,62,450.6,100,56,14.6,7.6,996.5
2823,4/26/2024 15:00,47,2,45,10.7,47,252.0,100,57,14.2,7.4,996.6
2824,4/26/2024 16:00,4,0,4,0.0,4,65.2,100,56,13.9,9.3,996.6
2825,4/26/2024 17:00,0,0,0,0.0,0,0.0,100,57,13.7,9.0,996.3
2826,4/26/2024 18:00,0,0,0,0.0,0,0.0,100,59,13.2,9.2,995.9
2827,4/26/2024 19:00,0,0,0,0.0,0,0.0,100,64,12.2,9.8,995.6
2828,4/26/2024 20:00,0,0,0,0.0,0,0.0,87,67,12.1,10.0,995.8
2829,4/26/2024 21:00,0,0,0,0.0,0,0.0,100,70,11.9,10.5,995.4
2830,4/26/2024 22:00,0,0,0,0.0,0,0.0,82,73,11.8,10.4,995.3
2831,4/26/2024 23:00,0,0,0,0.0,0,0.0,99,76,11.5,10.6,995.3
2832,4/27/2024 0:00,0,0,0,0.0,0,0.0,99,81,11.4,12.0,995.3
2833,4/27/2024 1:00,0,0,0,0.0,0,0.0,100,83,13.3,10.8,995.8
2834,4/27/2024 2:00,14,1,13,10.0,14,75.3,100,84,13.8,11.2,995.7
2835,4/27/2024 3:00,64,6,58,29.7,64,273.0,100,84,14.8,13.0,996.0
2836,4/27/2024 4:00,170,28,142,80.2,170,471.3,96,81,16.4,11.9,996.2
2837,4/27/2024 5:00,323,141,182,290.5,323,655.5,94,74,18.0,14.3,996.1
2838,4/27/2024 6:00,417,208,209,345.6,417,812.9,85,69,19.2,15.0,996.3
2839,4/27/2024 7:00,611,436,175,631.2,611,933.0,100,63,20.9,17.1,996.0
2840,4/27/2024 8:00,667,459,208,615.3,667,1007.5,85,58,21.9,18.6,995.6
2841,4/27/2024 9:00,715,540,175,707.1,715,1031.4,92,53,22.9,19.9,995.3
2842,4/27/2024 10:00,710,575,135,774.2,710,1003.0,82,51,23.4,22.9,995.0
2843,4/27/2024 11:00,651,535,116,781.6,651,924.4,94,49,23.5,24.0,994.6
2844,4/27/2024 12:00,545,436,109,735.1,545,800.9,83,46,23.5,24.6,994.1
2845,4/27/2024 13:00,410,303,107,638.4,410,641.0,54,38,23.6,21.8,994.0
2846,4/27/2024 14:00,270,191,79,566.2,270,455.5,97,43,22.5,20.0,993.7
2847,4/27/2024 15:00,126,69,57,362.2,126,257.2,100,48,21.0,18.5,993.3
2848,4/27/2024 16:00,21,3,18,31.7,21,67.9,100,51,19.8,20.3,993.4
2849,4/27/2024 17:00,0,0,0,0.0,0,0.0,82,54,19.0,22.1,993.4
2850,4/27/2024 18:00,0,0,0,0.0,0,0.0,80,58,18.3,23.3,993.5
2851,4/27/2024 19:00,0,0,0,0.0,0,0.0,22,60,17.7,23.0,993.4
2852,4/27/2024 20:00,0,0,0,0.0,0,0.0,9,62,17.1,22.6,993.0
2853,4/27/2024 21:00,0,0,0,0.0,0,0.0,18,63,16.8,22.7,992.9
2854,4/27/2024 22:00,0,0,0,0.0,0,0.0,77,63,16.4,21.7,992.5
2855,4/27/2024 23:00,0,0,0,0.0,0,0.0,67,63,16.0,19.5,992.5
2856,4/28/2024 0:00,0,0,0,0.0,0,0.0,79,64,15.6,18.5,992.5
2857,4/28/2024 1:00,0,0,0,0.0,0,0.0,81,62,16.2,18.6,992.1
2858,4/28/2024 2:00,26,8,18,78.1,26,80.6,94,66,16.0,19.7,991.9
2859,4/28/2024 3:00,74,17,57,82.2,74,279.2,100,69,16.3,17.8,992.2
2860,4/28/2024 4:00,208,84,124,237.7,208,477.1,99,70,17.2,16.1,992.3
2861,4/28/2024 5:00,408,269,139,549.5,408,660.8,96,65,19.0,17.3,992.3
2862,4/28/2024 6:00,527,364,163,600.8,527,817.9,99,62,20.3,17.7,992.5
2863,4/28/2024 7:00,488,265,223,381.5,488,937.7,100,62,20.9,16.6,992.4
2864,4/28/2024 8:00,658,423,235,564.3,658,1011.9,100,60,21.6,17.7,992.4
2865,4/28/2024 9:00,654,423,231,551.4,654,1035.6,100,57,21.6,18.8,992.7
2866,4/28/2024 10:00,611,367,244,491.9,611,1007.2,99,53,22.1,18.4,992.5
2867,4/28/2024 11:00,599,410,189,596.0,599,928.6,73,49,22.0,21.2,992.6
2868,4/28/2024 12:00,449,308,141,516.3,449,805.2,83,48,21.5,18.2,992.6
2869,4/28/2024 13:00,397,272,125,568.7,397,645.5,1,42,21.1,16.9,993.0
2870,4/28/2024 14:00,276,197,79,577.5,276,460.4,76,51,19.7,14.3,993.0
2871,4/28/2024 15:00,131,74,57,380.6,131,262.4,100,58,17.6,12.8,993.4
2872,4/28/2024 16:00,24,6,18,62.2,24,70.5,100,63,15.5,11.7,993.8
2873,4/28/2024 17:00,0,0,0,0.0,0,0.0,10,69,13.9,10.4,993.9
2874,4/28/2024 18:00,0,0,0,0.0,0,0.0,9,75,12.9,13.9,994.2
2875,4/28/2024 19:00,0,0,0,0.0,0,0.0,88,77,11.6,14.3,994.4
2876,4/28/2024 20:00,0,0,0,0.0,0,0.0,97,81,10.3,11.7,994.4
2877,4/28/2024 21:00,0,0,0,0.0,0,0.0,69,84,9.5,10.1,994.4
2878,4/28/2024 22:00,0,0,0,0.0,0,0.0,93,88,8.7,9.8,994.1
2879,4/28/2024 23:00,0,0,0,0.0,0,0.0,94,91,8.1,8.3,993.8
2880,4/29/2024 0:00,0,0,0,0.0,0,0.0,100,92,7.8,7.9,994.0
2881,4/29/2024 1:00,0,0,0,0.0,0,0.0,100,89,8.6,10.2,994.0
2882,4/29/2024 2:00,8,0,8,0.0,8,87.0,96,88,9.1,10.9,994.3
2883,4/29/2024 3:00,61,6,55,28.4,61,285.2,100,89,9.9,10.3,994.1
2884,4/29/2024 4:00,29,0,29,0.0,29,482.8,100,87,10.1,15.2,994.1
2885,4/29/2024 5:00,45,0,45,0.0,45,666.1,100,87,9.8,17.8,994.3
2886,4/29/2024 6:00,89,0,89,0.0,89,822.8,100,88,8.9,18.4,994.4
2887,4/29/2024 7:00,118,2,116,2.9,118,942.2,100,90,8.6,15.3,994.9
2888,4/29/2024 8:00,112,0,112,0.0,112,1016.2,100,92,8.2,16.2,995.1
2889,4/29/2024 9:00,112,0,112,0.0,112,1039.7,100,93,8.1,15.6,995.8
2890,4/29/2024 10:00,85,0,85,0.0,85,1011.3,100,93,8.0,14.2,996.0
2891,4/29/2024 11:00,80,0,80,0.0,80,932.7,100,94,7.8,13.7,996.1
2892,4/29/2024 12:00,92,0,92,0.0,92,809.5,100,92,7.8,15.1,996.2
2893,4/29/2024 13:00,68,0,68,0.0,68,650.0,100,90,7.6,15.4,996.8
2894,4/29/2024 14:00,49,0,49,0.0,49,465.2,100,89,7.2,16.3,996.3
2895,4/29/2024 15:00,45,0,45,0.0,45,267.6,100,85,7.2,14.8,996.0
2896,4/29/2024 16:00,12,0,12,0.0,12,73.1,100,83,6.9,12.2,996.3
2897,4/29/2024 17:00,0,0,0,0.0,0,0.0,100,78,6.6,15.5,996.6
2898,4/29/2024 18:00,0,0,0,0.0,0,0.0,99,78,5.8,14.9,997.0
2899,4/29/2024 19:00,0,0,0,0.0,0,0.0,46,80,5.1,13.8,997.1
2900,4/29/2024 20:00,0,0,0,0.0,0,0.0,0,81,4.3,13.2,997.0
2901,4/29/2024 21:00,0,0,0,0.0,0,0.0,0,82,3.5,11.5,997.0
2902,4/29/2024 22:00,0,0,0,0.0,0,0.0,0,82,3.0,10.9,997.1
2903,4/29/2024 23:00,0,0,0,0.0,0,0.0,0,82,2.6,9.5,996.8
2904,4/30/2024 0:00,0,0,0,0.0,0,0.0,0,83,2.3,10.1,997.2
2905,4/30/2024 1:00,0,0,0,0.0,0,0.0,3,88,1.5,8.3,997.4
2906,4/30/2024 2:00,36,14,22,130.8,36,93.4,0,85,2.5,9.4,997.7
2907,4/30/2024 3:00,154,94,60,435.3,154,291.2,0,82,4.9,9.8,998.0
2908,4/30/2024 4:00,305,223,82,615.8,305,488.3,2,73,7.8,7.2,998.1
2909,4/30/2024 5:00,455,355,100,713.2,455,671.3,15,59,9.9,10.5,998.2
2910,4/30/2024 6:00,583,464,119,756.1,583,827.6,1,55,11.4,12.1,997.9
2911,4/30/2024 7:00,695,579,116,824.8,695,946.7,1,51,12.6,12.1,997.8
2912,4/30/2024 8:00,760,641,119,847.1,760,1020.4,100,46,13.8,17.7,997.1
2913,4/30/2024 9:00,462,118,344,152.4,462,1043.8,98,47,13.6,18.2,997.2
2914,4/30/2024 10:00,335,60,275,79.7,335,1015.2,66,47,13.7,17.7,997.0
2915,4/30/2024 11:00,524,295,229,424.6,524,936.8,70,42,14.8,19.1,996.4
2916,4/30/2024 12:00,334,119,215,197.2,334,813.7,100,41,14.6,19.5,996.0
2917,4/30/2024 13:00,281,109,172,224.6,281,654.5,25,40,15.6,15.0,994.9
2918,4/30/2024 14:00,277,187,90,536.5,277,470.0,18,42,15.5,14.2,994.3
2919,4/30/2024 15:00,140,83,57,410.3,140,272.7,6,50,13.6,10.3,993.5
2920,4/30/2024 16:00,29,11,18,109.4,29,76.3,1,57,11.6,12.6,993.2
2921,4/30/2024 17:00,0,0,0,0.0,0,0.0,62,60,10.9,13.7,993.1
2922,4/30/2024 18:00,0,0,0,0.0,0,0.0,92,63,9.7,11.5,991.8
2923,4/30/2024 19:00,0,0,0,0.0,0,0.0,77,62,9.8,15.1,990.7
2924,4/30/2024 20:00,0,0,0,0.0,0,0.0,100,62,10.1,17.5,989.8
2925,4/30/2024 21:00,0,0,0,0.0,0,0.0,100,57,11.3,20.2,988.7
2926,4/30/2024 22:00,0,0,0,0.0,0,0.0,100,54,12.0,21.4,987.4
2927,4/30/2024 23:00,0,0,0,0.0,0,0.0,100,56,11.8,21.6,986.6
2928,5/1/2024 0:00,0,0,0,0.0,0,0.0,100,57,11.9,20.5,985.9
2929,5/1/2024 1:00,0,0,0,0.0,0,0.0,8,71,11.3,17.1,985.3
2930,5/1/2024 2:00,38,15,23,137.2,38,99.6,2,68,11.1,18.4,984.6
2931,5/1/2024 3:00,158,98,60,444.6,158,297.1,2,65,12.2,21.7,984.3
2932,5/1/2024 4:00,309,225,84,614.2,309,493.8,20,67,13.2,25.8,983.7
2933,5/1/2024 5:00,443,332,111,661.6,443,676.3,22,64,13.9,28.2,983.1
2934,5/1/2024 6:00,563,427,136,691.5,563,832.3,27,60,14.3,29.5,983.0
2935,5/1/2024 7:00,617,466,151,660.4,617,951.0,29,58,14.3,28.7,983.1
2936,5/1/2024 8:00,719,572,147,752.5,719,1024.5,50,54,14.6,28.0,983.0
2937,5/1/2024 9:00,719,519,200,667.6,719,1047.8,50,52,14.6,27.6,983.1
2938,5/1/2024 10:00,682,512,170,677.1,682,1019.2,85,49,14.8,26.4,983.1
2939,5/1/2024 11:00,601,417,184,597.4,601,940.7,90,50,14.4,25.5,983.0
2940,5/1/2024 12:00,527,369,158,608.1,527,817.8,16,50,13.9,24.0,982.7
2941,5/1/2024 13:00,403,281,122,574.8,403,658.8,57,45,13.9,22.0,982.2
2942,5/1/2024 14:00,235,121,114,343.5,235,474.6,63,48,13.1,18.0,982.1
2943,5/1/2024 15:00,110,51,59,247.4,110,277.8,20,67,10.8,15.5,982.4
2944,5/1/2024 16:00,28,10,18,97.6,28,81.7,29,73,9.3,11.4,982.7
2945,5/1/2024 17:00,0,0,0,0.0,0,0.0,30,78,8.5,13.0,983.2
2946,5/1/2024 18:00,0,0,0,0.0,0,0.0,64,83,7.5,12.7,983.3
2947,5/1/2024 19:00,0,0,0,0.0,0,0.0,73,86,7.2,11.9,983.5
2948,5/1/2024 20:00,0,0,0,0.0,0,0.0,67,84,7.1,12.3,983.7
2949,5/1/2024 21:00,0,0,0,0.0,0,0.0,10,87,5.9,10.9,983.6
2950,5/1/2024 22:00,0,0,0,0.0,0,0.0,13,91,4.8,9.4,983.3
2951,5/1/2024 23:00,0,0,0,0.0,0,0.0,91,92,4.6,8.0,983.2
2952,5/2/2024 0:00,0,0,0,0.0,0,0.0,100,85,5.6,8.6,983.3
2953,5/2/2024 1:00,0,0,0,0.0,0,0.0,100,82,5.7,8.9,983.5
2954,5/2/2024 2:00,22,1,21,9.0,22,105.7,100,76,6.2,9.2,983.5
2955,5/2/2024 3:00,82,9,73,40.0,82,302.8,98,70,6.8,10.4,983.8
2956,5/2/2024 4:00,159,18,141,48.6,159,499.1,85,66,7.3,10.6,983.5
2957,5/2/2024 5:00,318,110,208,217.5,318,681.3,95,55,8.4,13.5,983.2
2958,5/2/2024 6:00,390,153,237,246.3,390,836.9,100,52,8.6,12.9,982.9
2959,5/2/2024 7:00,358,93,265,131.1,358,955.3,99,53,8.6,11.9,982.8
2960,5/2/2024 8:00,335,25,310,32.7,335,1028.5,100,52,8.9,11.8,982.2
2961,5/2/2024 9:00,331,37,294,47.4,331,1051.6,100,51,9.1,12.0,981.9
2962,5/2/2024 10:00,283,36,247,47.4,283,1023.0,100,50,9.1,11.9,981.5
2963,5/2/2024 11:00,303,30,273,42.8,303,944.6,100,50,9.4,12.9,981.1
2964,5/2/2024 12:00,288,87,201,142.6,288,821.9,98,51,9.4,14.3,980.8
2965,5/2/2024 13:00,257,107,150,217.3,257,663.2,76,55,9.1,14.5,980.7
2966,5/2/2024 14:00,156,57,99,160.2,156,479.3,86,56,8.9,11.8,980.1
2967,5/2/2024 15:00,93,32,61,152.4,93,282.8,58,58,8.2,11.5,979.7
2968,5/2/2024 16:00,24,6,18,57.4,24,87.1,20,59,7.1,9.5,979.6
2969,5/2/2024 17:00,0,0,0,0.0,0,0.0,100,61,5.7,11.2,979.7
2970,5/2/2024 18:00,0,0,0,0.0,0,0.0,100,57,6.1,13.5,979.7
2971,5/2/2024 19:00,0,0,0,0.0,0,0.0,100,54,5.5,12.7,979.3
2972,5/2/2024 20:00,0,0,0,0.0,0,0.0,100,54,5.1,13.3,979.0
2973,5/2/2024 21:00,0,0,0,0.0,0,0.0,89,58,4.3,11.0,978.6
2974,5/2/2024 22:00,0,0,0,0.0,0,0.0,84,61,3.8,6.9,977.7
2975,5/2/2024 23:00,0,0,0,0.0,0,0.0,95,67,3.3,2.8,977.3
2976,5/3/2024 0:00,0,0,0,0.0,0,0.0,100,72,2.5,7.4,977.0
2977,5/3/2024 1:00,0,0,0,0.0,0,0.0,100,72,2.5,9.7,976.6
2978,5/3/2024 2:00,16,5,11,44.0,16,111.7,1,72,2.3,9.7,976.1
2979,5/3/2024 3:00,160,88,72,384.1,160,308.5,51,69,2.8,11.6,976.0
2980,5/3/2024 4:00,271,157,114,419.1,271,504.4,80,66,3.3,13.9,975.6
2981,5/3/2024 5:00,342,174,168,341.5,342,686.1,91,69,3.7,13.1,975.0
2982,5/3/2024 6:00,443,195,248,312.1,443,841.3,55,68,4.8,11.6,974.6
2983,5/3/2024 7:00,648,429,219,602.0,648,959.5,49,62,6.2,11.4,974.5
2984,5/3/2024 8:00,722,529,193,689.8,722,1032.5,86,55,7.1,11.7,974.0
2985,5/3/2024 9:00,591,296,295,377.6,591,1055.4,100,53,7.1,10.5,973.7
2986,5/3/2024 10:00,258,4,254,5.2,258,1026.7,100,54,6.2,11.3,973.2
2987,5/3/2024 11:00,164,1,163,1.4,164,948.4,100,80,3.5,10.5,973.8
2988,5/3/2024 12:00,212,16,196,26.1,212,825.9,98,85,3.3,4.0,973.5
2989,5/3/2024 13:00,261,65,196,131.1,261,667.4,100,65,4.9,8.8,973.8
2990,5/3/2024 14:00,177,19,158,52.9,177,483.8,100,63,4.8,9.4,973.8
2991,5/3/2024 15:00,69,3,66,14.0,69,287.7,100,63,4.2,10.9,973.8
2992,5/3/2024 16:00,15,0,15,0.0,15,92.5,100,72,2.5,14.1,974.2
2993,5/3/2024 17:00,0,0,0,0.0,0,0.0,100,77,2.2,15.1,974.7
2994,5/3/2024 18:00,0,0,0,0.0,0,0.0,100,77,2.0,18.2,975.0
2995,5/3/2024 19:00,0,0,0,0.0,0,0.0,100,81,1.1,19.1,975.2
2996,5/3/2024 20:00,0,0,0,0.0,0,0.0,58,83,0.6,19.8,975.5
2997,5/3/2024 21:00,0,0,0,0.0,0,0.0,0,86,0.2,18.1,975.8
2998,5/3/2024 22:00,0,0,0,0.0,0,0.0,3,83,-0.2,18.7,975.9
2999,5/3/2024 23:00,0,0,0,0.0,0,0.0,0,80,-0.6,18.7,976.3
3000,5/4/2024 0:00,0,0,0,0.0,0,0.0,0,73,-1.1,17.6,976.7
3001,5/4/2024 1:00,0,0,0,0.0,0,1.3,0,75,-1.9,14.8,976.9
3002,5/4/2024 2:00,50,23,27,198.5,50,117.6,0,72,-1.5,15.0,977.6
3003,5/4/2024 3:00,180,117,63,501.5,180,314.0,4,68,-0.7,16.4,978.0
3004,5/4/2024 4:00,337,251,86,663.0,337,509.5,5,63,0.3,16.1,978.1
3005,5/4/2024 5:00,493,392,101,763.7,493,690.8,36,56,1.7,19.0,978.4
3006,5/4/2024 6:00,608,474,134,754.3,608,845.7,77,50,2.7,20.5,978.9
3007,5/4/2024 7:00,540,268,272,374.3,540,963.5,56,46,3.0,20.3,979.4
3008,5/4/2024 8:00,632,333,299,432.4,632,1036.3,72,43,4.0,20.4,979.6
3009,5/4/2024 9:00,640,326,314,414.2,640,1059.1,74,43,4.3,20.2,979.9
3010,5/4/2024 10:00,622,313,309,408.8,622,1030.4,90,42,4.8,18.8,980.1
3011,5/4/2024 11:00,545,284,261,401.4,545,952.2,92,42,4.9,17.9,980.2
3012,5/4/2024 12:00,393,105,288,170.3,393,829.8,100,42,4.8,18.2,980.3
3013,5/4/2024 13:00,277,67,210,134.2,277,671.6,97,38,5.2,18.7,980.1
3014,5/4/2024 14:00,155,22,133,60.6,155,488.3,98,39,4.5,17.4,980.1
3015,5/4/2024 15:00,88,12,76,55.2,88,292.6,90,43,4.0,15.3,980.3
3016,5/4/2024 16:00,25,5,20,46.2,25,97.7,94,45,3.0,11.3,980.8
3017,5/4/2024 17:00,0,0,0,0.0,0,0.0,89,49,2.4,7.2,980.9
3018,5/4/2024 18:00,0,0,0,0.0,0,0.0,17,58,1.5,4.2,980.8
3019,5/4/2024 19:00,0,0,0,0.0,0,0.0,0,69,-0.8,6.7,980.8
3020,5/4/2024 20:00,0,0,0,0.0,0,0.0,0,77,-2.3,7.7,980.9
3021,5/4/2024 21:00,0,0,0,0.0,0,0.0,4,75,-2.3,6.9,981.0
3022,5/4/2024 22:00,0,0,0,0.0,0,0.0,22,67,-1.1,4.2,980.9
3023,5/4/2024 23:00,0,0,0,0.0,0,0.0,0,68,-1.4,2.9,981.0
3024,5/5/2024 0:00,0,0,0,0.0,0,0.0,0,70,-1.8,5.1,980.9
3025,5/5/2024 1:00,1,0,1,0.0,1,4.3,14,81,-3.8,7.1,980.7
3026,5/5/2024 2:00,51,21,30,178.0,51,123.4,5,70,-1.8,6.1,981.2
3027,5/5/2024 3:00,177,110,67,463.3,177,319.4,3,54,1.4,5.5,981.5
3028,5/5/2024 4:00,332,242,90,632.8,332,514.5,10,43,4.0,7.4,981.5
3029,5/5/2024 5:00,486,377,109,729.2,486,695.4,4,45,5.8,10.0,981.3
3030,5/5/2024 6:00,632,525,107,830.9,632,849.9,94,40,6.8,13.4,981.3
3031,5/5/2024 7:00,706,556,150,773.0,706,967.5,100,39,7.7,14.5,981.3
3032,5/5/2024 8:00,534,207,327,267.7,534,1040.0,88,38,7.8,15.9,981.2
3033,5/5/2024 9:00,614,331,283,418.9,614,1062.7,100,38,8.6,16.8,981.1
3034,5/5/2024 10:00,419,117,302,152.2,419,1034.0,100,39,8.3,17.9,980.8
3035,5/5/2024 11:00,290,43,247,60.5,290,955.8,100,40,8.3,16.8,980.4
3036,5/5/2024 12:00,289,48,241,77.4,289,833.6,100,40,8.8,17.8,979.8
3037,5/5/2024 13:00,335,114,221,226.9,335,675.7,100,30,10.8,18.6,978.5
3038,5/5/2024 14:00,231,67,164,182.9,231,492.8,100,34,10.7,15.6,978.2
3039,5/5/2024 15:00,104,10,94,45.2,104,297.4,100,37,9.8,14.8,978.0
3040,5/5/2024 16:00,32,1,31,9.1,32,102.9,100,41,8.2,14.4,977.5
3041,5/5/2024 17:00,0,0,0,0.0,0,0.0,100,41,7.6,17.7,977.3
3042,5/5/2024 18:00,0,0,0,0.0,0,0.0,100,36,8.3,21.8,977.0
3043,5/5/2024 19:00,0,0,0,0.0,0,0.0,100,44,7.7,24.0,976.7
3044,5/5/2024 20:00,0,0,0,0.0,0,0.0,100,58,6.6,29.1,975.7
3045,5/5/2024 21:00,0,0,0,0.0,0,0.0,100,54,6.4,31.0,974.8
3046,5/5/2024 22:00,0,0,0,0.0,0,0.0,100,50,6.7,33.2,974.3
3047,5/5/2024 23:00,0,0,0,0.0,0,0.0,100,49,6.6,30.3,973.9
3048,5/6/2024 0:00,0,0,0,0.0,0,0.0,100,48,6.9,30.0,973.5
3049,5/6/2024 1:00,0,0,0,0.0,0,7.2,100,63,6.0,29.6,973.5
3050,5/6/2024 2:00,4,0,4,0.0,4,129.0,100,78,5.1,29.3,973.8
3051,5/6/2024 3:00,20,0,20,0.0,20,324.6,100,85,5.2,25.1,974.0
3052,5/6/2024 4:00,170,34,136,88.0,170,519.3,100,84,6.5,22.6,974.2
3053,5/6/2024 5:00,221,27,194,51.9,221,699.9,97,81,7.5,25.2,974.4
3054,5/6/2024 6:00,276,68,208,107.0,276,854.0,70,71,7.8,25.8,975.1
3055,5/6/2024 7:00,477,238,239,329.4,477,971.3,33,67,8.2,25.2,975.7
3056,5/6/2024 8:00,599,392,207,505.0,599,1043.6,97,60,8.8,26.6,976.3
3057,5/6/2024 9:00,463,128,335,161.4,463,1066.2,100,58,8.6,28.5,976.9
3058,5/6/2024 10:00,273,33,240,42.8,273,1037.5,95,65,7.6,24.1,977.6
3059,5/6/2024 11:00,390,121,269,169.5,390,959.4,74,65,8.0,23.6,978.4
3060,5/6/2024 12:00,421,224,197,359.6,421,837.4,65,60,8.3,24.8,978.8
3061,5/6/2024 13:00,373,242,131,478.6,373,679.7,57,66,7.3,25.3,979.9
3062,5/6/2024 14:00,195,100,95,270.4,195,497.1,45,65,7.2,20.7,980.3
3063,5/6/2024 15:00,130,67,63,298.1,130,302.1,33,68,6.6,16.3,981.1
3064,5/6/2024 16:00,37,14,23,125.0,37,108.0,38,72,5.5,13.7,981.8
3065,5/6/2024 17:00,0,0,0,0.0,0,0.0,3,76,4.8,11.4,982.6
3066,5/6/2024 18:00,0,0,0,0.0,0,0.0,0,85,3.3,8.4,982.9
3067,5/6/2024 19:00,0,0,0,0.0,0,0.0,0,89,2.5,9.0,983.5
3068,5/6/2024 20:00,0,0,0,0.0,0,0.0,0,91,1.8,6.9,983.7
3069,5/6/2024 21:00,0,0,0,0.0,0,0.0,17,93,0.4,6.5,983.8
3070,5/6/2024 22:00,0,0,0,0.0,0,0.0,34,93,-0.2,8.0,984.1
3071,5/6/2024 23:00,0,0,0,0.0,0,0.0,1,92,0.6,6.0,984.4
3072,5/7/2024 0:00,0,0,0,0.0,0,0.0,99,90,0.4,7.9,984.7
3073,5/7/2024 1:00,1,0,1,0.0,1,10.0,55,90,1.2,9.4,985.1
3074,5/7/2024 2:00,58,25,33,205.0,58,134.5,100,86,2.2,9.8,986.2
3075,5/7/2024 3:00,160,66,94,269.0,160,329.7,100,80,4.4,7.6,986.7
3076,5/7/2024 4:00,252,80,172,205.2,252,524.0,100,72,6.3,9.2,986.9
3077,5/7/2024 5:00,320,76,244,145.0,320,704.2,100,65,7.6,12.4,987.2
3078,5/7/2024 6:00,136,0,136,0.0,136,858.0,100,69,6.2,15.5,987.4
3079,5/7/2024 7:00,162,1,161,1.4,162,975.0,100,77,5.8,12.2,987.7
3080,5/7/2024 8:00,154,1,153,1.3,154,1047.2,100,83,5.7,13.9,987.0
3081,5/7/2024 9:00,112,1,111,1.3,112,1069.6,100,84,6.1,15.7,985.9
3082,5/7/2024 10:00,81,0,81,0.0,81,1040.9,100,84,6.4,18.8,984.6
3083,5/7/2024 11:00,92,0,92,0.0,92,962.9,100,82,7.3,15.3,984.1
3084,5/7/2024 12:00,82,0,82,0.0,82,841.1,100,84,7.9,16.0,982.9
3085,5/7/2024 13:00,84,1,83,2.0,84,683.6,100,82,9.0,16.0,981.0
3086,5/7/2024 14:00,84,0,84,0.0,84,501.4,100,82,9.8,6.4,980.6
3087,5/7/2024 15:00,56,10,46,43.8,56,306.8,87,83,11.4,10.8,979.4
3088,5/7/2024 16:00,34,10,24,87.9,34,113.1,84,82,12.3,10.1,979.4
3089,5/7/2024 17:00,0,0,0,0.0,0,0.1,35,73,13.4,22.0,978.9
3090,5/7/2024 18:00,0,0,0,0.0,0,0.0,2,64,14.3,27.4,978.8
3091,5/7/2024 19:00,0,0,0,0.0,0,0.0,0,57,14.4,27.2,979.0
3092,5/7/2024 20:00,0,0,0,0.0,0,0.0,0,52,14.4,27.9,978.9
3093,5/7/2024 21:00,0,0,0,0.0,0,0.0,0,50,14.1,28.1,978.5
3094,5/7/2024 22:00,0,0,0,0.0,0,0.0,0,49,13.6,27.2,977.9
3095,5/7/2024 23:00,0,0,0,0.0,0,0.0,0,48,12.9,26.7,977.3
3096,5/8/2024 0:00,0,0,0,0.0,0,0.0,0,48,12.4,26.2,976.8
3097,5/8/2024 1:00,2,0,2,0.0,2,12.7,89,49,12.5,27.2,976.7
3098,5/8/2024 2:00,55,17,38,137.2,55,139.9,92,50,12.6,26.8,976.1
3099,5/8/2024 3:00,178,100,78,401.3,178,334.7,89,50,13.4,27.2,975.6
3100,5/8/2024 4:00,340,258,82,655.6,340,528.6,97,54,14.6,22.3,975.3
3101,5/8/2024 5:00,476,365,111,692.0,476,708.4,100,51,15.9,26.7,974.7
3102,5/8/2024 6:00,507,267,240,416.1,507,861.9,100,52,16.7,27.0,974.3
3103,5/8/2024 7:00,590,303,287,415.9,590,978.6,100,49,17.5,30.0,974.1
3104,5/8/2024 8:00,541,206,335,263.4,541,1050.6,100,50,17.7,29.6,973.8
3105,5/8/2024 9:00,424,107,317,133.9,424,1072.9,100,72,14.1,22.0,974.1
3106,5/8/2024 10:00,137,0,137,0.0,137,1044.2,100,86,11.0,16.0,974.5
3107,5/8/2024 11:00,186,1,185,1.4,186,966.3,100,82,8.9,18.2,975.1
3108,5/8/2024 12:00,49,0,49,0.0,49,844.7,100,90,7.5,15.0,975.1
3109,5/8/2024 13:00,30,0,30,0.0,30,687.5,100,90,6.8,14.5,975.3
3110,5/8/2024 14:00,44,0,44,0.0,44,505.6,100,86,6.8,13.3,975.2
3111,5/8/2024 15:00,57,10,47,43.1,57,311.4,100,80,7.1,16.3,975.4
3112,5/8/2024 16:00,40,6,34,51.9,40,118.0,100,73,5.8,18.4,976.4
3113,5/8/2024 17:00,0,0,0,0.0,0,2.7,86,69,5.2,15.9,976.7
3114,5/8/2024 18:00,0,0,0,0.0,0,0.0,36,68,4.5,14.6,976.7
3115,5/8/2024 19:00,0,0,0,0.0,0,0.0,40,70,3.4,14.5,977.2
3116,5/8/2024 20:00,0,0,0,0.0,0,0.0,0,73,2.7,14.5,977.6
3117,5/8/2024 21:00,0,0,0,0.0,0,0.0,0,78,1.8,12.1,977.6
3118,5/8/2024 22:00,0,0,0,0.0,0,0.0,0,82,0.9,10.8,977.7
3119,5/8/2024 23:00,0,0,0,0.0,0,0.0,0,87,0.2,10.2,978.1
3120,5/9/2024 0:00,0,0,0,0.0,0,0.0,88,90,-0.4,9.8,978.6
3121,5/9/2024 1:00,1,0,1,0.0,1,15.3,100,85,0.8,11.8,979.2
3122,5/9/2024 2:00,32,0,32,0.0,32,145.1,100,83,0.9,12.4,979.8
3123,5/9/2024 3:00,100,4,96,15.8,100,339.5,98,78,1.4,11.3,980.2
3124,5/9/2024 4:00,226,53,173,133.5,226,533.0,70,72,2.1,9.3,980.3
3125,5/9/2024 5:00,396,231,165,435.3,396,712.5,48,65,3.0,9.7,980.2
3126,5/9/2024 6:00,536,361,175,559.9,536,865.6,36,62,4.0,11.7,980.2
3127,5/9/2024 7:00,640,455,185,622.0,640,982.1,91,59,5.0,13.1,980.3
3128,5/9/2024 8:00,503,151,352,192.4,503,1053.8,100,54,5.2,13.5,980.2
3129,5/9/2024 9:00,293,41,252,51.1,293,1076.1,100,61,3.8,11.5,979.8
3130,5/9/2024 10:00,533,171,362,219.2,533,1047.4,100,61,5.0,11.7,980.2
3131,5/9/2024 11:00,458,135,323,186.9,458,969.6,100,63,4.8,11.7,980.2
3132,5/9/2024 12:00,268,14,254,22.2,268,848.2,100,68,3.5,15.6,980.1
3133,5/9/2024 13:00,235,36,199,69.9,235,691.3,97,61,3.4,7.5,981.6
3134,5/9/2024 14:00,253,100,153,263.3,253,509.7,60,58,4.0,10.6,981.4
3135,5/9/2024 15:00,160,91,69,386.7,160,315.9,27,57,3.8,12.3,981.7
3136,5/9/2024 16:00,49,20,29,170.5,49,122.9,23,49,2.8,13.7,982.2
3137,5/9/2024 17:00,1,0,1,0.0,1,5.2,16,52,1.5,11.9,983.3
3138,5/9/2024 18:00,0,0,0,0.0,0,0.0,0,59,0.4,10.1,983.6
3139,5/9/2024 19:00,0,0,0,0.0,0,0.0,0,61,-0.1,12.0,984.1
3140,5/9/2024 20:00,0,0,0,0.0,0,0.0,0,61,-0.2,13.8,985.0
3141,5/9/2024 21:00,0,0,0,0.0,0,0.0,3,65,-0.8,12.4,984.9
3142,5/9/2024 22:00,0,0,0,0.0,0,0.0,1,69,-1.2,12.4,985.2
3143,5/9/2024 23:00,0,0,0,0.0,0,0.0,20,72,-1.7,12.5,985.2
3144,5/10/2024 0:00,0,0,0,0.0,0,0.0,29,76,-2.1,12.8,985.6
3145,5/10/2024 1:00,3,0,3,0.0,3,17.9,0,90,-2.3,13.8,985.8
3146,5/10/2024 2:00,67,32,35,250.8,67,150.1,15,88,-1.5,13.0,986.5
3147,5/10/2024 3:00,200,131,69,510.8,200,344.2,5,82,0.1,16.0,986.7
3148,5/10/2024 4:00,357,269,88,671.8,357,537.3,11,73,1.6,19.8,986.8
3149,5/10/2024 5:00,496,389,107,728.6,496,716.4,45,65,2.8,22.9,986.6
3150,5/10/2024 6:00,549,375,174,578.9,549,869.2,86,58,3.6,25.8,986.3
3151,5/10/2024 7:00,375,110,265,149.8,375,985.4,66,56,3.3,26.6,986.3
3152,5/10/2024 8:00,641,388,253,492.5,641,1057.0,31,53,4.5,28.5,986.0
3153,5/10/2024 9:00,703,503,200,625.4,703,1079.2,52,45,5.7,29.7,986.1
3154,5/10/2024 10:00,646,424,222,541.6,646,1050.5,40,46,5.7,26.9,986.1
3155,5/10/2024 11:00,682,510,172,703.4,682,972.9,87,43,6.7,28.6,986.0
3156,5/10/2024 12:00,466,295,171,464.8,466,851.6,54,46,6.4,28.8,986.2
3157,5/10/2024 13:00,251,64,187,123.5,251,695.0,96,42,6.7,29.3,986.2
3158,5/10/2024 14:00,161,29,132,75.7,161,513.8,77,43,6.8,22.7,985.4
3159,5/10/2024 15:00,140,52,88,217.8,140,320.3,98,41,6.8,21.1,984.3
3160,5/10/2024 16:00,46,11,35,92.4,46,127.7,99,42,5.9,19.2,984.9
3161,5/10/2024 17:00,1,0,1,0.0,1,7.6,100,39,5.9,22.7,985.1
3162,5/10/2024 18:00,0,0,0,0.0,0,0.0,83,38,6.1,24.1,984.9
3163,5/10/2024 19:00,0,0,0,0.0,0,0.0,0,42,4.9,24.0,984.6
3164,5/10/2024 20:00,0,0,0,0.0,0,0.0,14,44,4.1,23.9,984.6
3165,5/10/2024 21:00,0,0,0,0.0,0,0.0,89,44,3.7,24.0,983.8
3166,5/10/2024 22:00,0,0,0,0.0,0,0.0,100,42,4.1,24.4,983.6
3167,5/10/2024 23:00,0,0,0,0.0,0,0.0,100,40,4.8,26.6,983.3
3168,5/11/2024 0:00,0,0,0,0.0,0,0.0,100,42,4.1,26.8,982.9
3169,5/11/2024 1:00,2,0,2,0.0,2,20.4,100,40,5.6,26.8,982.3
3170,5/11/2024 2:00,16,0,16,0.0,16,155.0,100,40,6.2,26.4,982.3
3171,5/11/2024 3:00,89,6,83,23.1,89,348.7,100,44,6.7,26.6,982.0
3172,5/11/2024 4:00,267,91,176,225.4,267,541.5,100,48,7.7,26.1,982.3
3173,5/11/2024 5:00,117,4,113,7.4,117,720.2,100,54,7.1,20.8,982.0
3174,5/11/2024 6:00,131,2,129,3.1,131,872.7,100,58,7.2,22.9,981.8
3175,5/11/2024 7:00,100,0,100,0.0,100,988.6,100,69,6.7,22.7,982.1
3176,5/11/2024 8:00,97,0,97,0.0,97,1060.1,100,69,7.0,23.4,981.7
3177,5/11/2024 9:00,95,0,95,0.0,95,1082.2,100,77,6.8,28.9,981.7
3178,5/11/2024 10:00,111,1,110,1.3,111,1053.5,100,72,7.3,19.7,981.4
3179,5/11/2024 11:00,172,6,166,8.2,172,976.0,100,67,8.9,14.0,980.7
3180,5/11/2024 12:00,166,4,162,6.3,166,855.0,100,62,10.8,14.0,979.9
3181,5/11/2024 13:00,156,4,152,7.7,156,698.6,100,57,11.4,31.6,980.4
3182,5/11/2024 14:00,111,0,111,0.0,111,517.7,100,72,10.4,31.1,980.2
3183,5/11/2024 15:00,38,0,38,0.0,38,324.6,100,77,9.4,26.3,979.9
3184,5/11/2024 16:00,5,0,5,0.0,5,132.3,100,83,8.9,24.7,979.9
3185,5/11/2024 17:00,0,0,0,0.0,0,10.0,100,81,8.7,24.5,979.5
3186,5/11/2024 18:00,0,0,0,0.0,0,0.0,100,77,8.7,24.6,978.4
3187,5/11/2024 19:00,0,0,0,0.0,0,0.0,100,72,8.9,24.2,978.2
3188,5/11/2024 20:00,0,0,0,0.0,0,0.0,100,62,9.4,26.7,977.7
3189,5/11/2024 21:00,0,0,0,0.0,0,0.0,99,53,9.8,25.3,977.0
3190,5/11/2024 22:00,0,0,0,0.0,0,0.0,100,51,9.2,21.2,976.6
3191,5/11/2024 23:00,0,0,0,0.0,0,0.0,100,53,8.8,18.0,976.6
3192,5/12/2024 0:00,0,0,0,0.0,0,0.0,100,55,8.6,16.4,976.5
3193,5/12/2024 1:00,2,0,2,0.0,2,22.8,98,69,7.9,14.0,976.8
3194,5/12/2024 2:00,38,10,28,76.3,38,159.7,100,77,7.8,14.0,976.8
3195,5/12/2024 3:00,78,4,74,15.2,78,353.0,100,80,8.1,13.7,977.1
3196,5/12/2024 4:00,78,0,78,0.0,78,545.4,100,89,7.9,11.5,977.4
3197,5/12/2024 5:00,112,0,112,0.0,112,723.8,100,89,7.2,12.6,978.3
3198,5/12/2024 6:00,228,21,207,32.1,228,876.0,100,85,7.1,14.7,979.1
3199,5/12/2024 7:00,171,0,171,0.0,171,991.7,100,84,5.9,14.9,980.1
3200,5/12/2024 8:00,184,1,183,1.3,184,1063.0,100,82,5.4,14.1,980.3
3201,5/12/2024 9:00,322,24,298,29.7,322,1085.1,100,79,5.9,16.6,980.5
3202,5/12/2024 10:00,275,46,229,58.4,275,1056.4,100,75,5.9,15.1,981.0
3203,5/12/2024 11:00,342,47,295,64.4,342,979.1,100,70,6.1,18.7,981.0
3204,5/12/2024 12:00,340,86,254,134.3,340,858.2,100,60,6.8,18.5,980.6
3205,5/12/2024 13:00,323,105,218,200.4,323,702.2,99,57,7.5,17.1,981.1
3206,5/12/2024 14:00,273,118,155,303.2,273,521.6,94,48,7.6,18.9,980.7
3207,5/12/2024 15:00,146,48,98,195.7,146,328.8,100,48,7.1,15.5,981.0
3208,5/12/2024 16:00,24,4,20,32.7,24,136.9,66,47,6.5,16.6,981.4
3209,5/12/2024 17:00,1,0,1,0.0,1,12.3,1,50,5.2,17.5,981.7
3210,5/12/2024 18:00,0,0,0,0.0,0,0.0,52,53,4.0,15.6,981.6
3211,5/12/2024 19:00,0,0,0,0.0,0,0.0,80,53,3.5,15.5,981.6
3212,5/12/2024 20:00,0,0,0,0.0,0,0.0,79,53,3.3,15.5,981.6
3213,5/12/2024 21:00,0,0,0,0.0,0,0.0,69,57,2.6,15.4,981.2
3214,5/12/2024 22:00,0,0,0,0.0,0,0.0,85,60,2.0,16.2,981.5
3215,5/12/2024 23:00,0,0,0,0.0,0,0.0,0,60,1.8,16.7,981.5
3216,5/13/2024 0:00,0,0,0,0.0,0,0.0,0,63,1.0,16.4,981.6
3217,5/13/2024 1:00,4,1,3,16.0,4,25.1,93,66,1.1,17.7,981.0
3218,5/13/2024 2:00,61,16,45,120.6,61,164.3,95,67,2.0,17.8,980.8
3219,5/13/2024 3:00,142,42,100,157.6,142,357.2,63,67,3.1,17.8,981.2
3220,5/13/2024 4:00,309,175,134,426.9,309,549.3,13,63,4.7,20.5,982.1
3221,5/13/2024 5:00,496,367,129,676.2,496,727.3,0,54,6.1,24.8,981.9
3222,5/13/2024 6:00,657,552,105,841.3,657,879.3,0,50,7.3,24.6,982.1
3223,5/13/2024 7:00,761,651,110,877.0,761,994.7,0,46,8.4,23.2,982.7
3224,5/13/2024 8:00,826,713,113,896.4,826,1065.9,29,41,9.2,23.4,983.0
3225,5/13/2024 9:00,764,574,190,707.0,764,1087.9,81,37,9.8,24.1,983.0
3226,5/13/2024 10:00,648,350,298,442.7,648,1059.3,100,38,9.8,22.4,983.3
3227,5/13/2024 11:00,493,147,346,200.6,493,982.0,99,39,9.4,21.6,983.5
3228,5/13/2024 12:00,428,168,260,261.3,428,861.4,100,40,9.2,20.2,984.0
3229,5/13/2024 13:00,443,295,148,560.1,443,705.7,92,38,9.9,21.6,984.2
3230,5/13/2024 14:00,224,95,129,242.3,224,525.4,10,40,8.8,19.1,984.3
3231,5/13/2024 15:00,176,108,68,434.6,176,333.0,49,46,7.9,14.8,984.6
3232,5/13/2024 16:00,56,20,36,161.3,56,141.5,87,50,6.7,12.3,985.3
3233,5/13/2024 17:00,2,0,2,0.0,2,14.7,68,54,5.7,10.3,986.2
3234,5/13/2024 18:00,0,0,0,0.0,0,0.0,69,60,4.3,8.8,986.6
3235,5/13/2024 19:00,0,0,0,0.0,0,0.0,42,65,3.4,8.6,987.0
3236,5/13/2024 20:00,0,0,0,0.0,0,0.0,34,68,2.7,12.0,987.5
3237,5/13/2024 21:00,0,0,0,0.0,0,0.0,8,66,2.3,12.2,987.7
3238,5/13/2024 22:00,0,0,0,0.0,0,0.0,9,68,1.5,11.2,987.4
3239,5/13/2024 23:00,0,0,0,0.0,0,0.0,13,72,0.7,11.2,987.6
3240,5/14/2024 0:00,0,0,0,0.0,0,0.0,72,75,0.1,10.6,988.1
3241,5/14/2024 1:00,5,1,4,15.5,5,27.4,2,80,-0.4,10.2,988.9
3242,5/14/2024 2:00,78,39,39,290.4,78,168.7,0,79,0.6,10.6,989.4
3243,5/14/2024 3:00,216,149,67,552.4,216,361.3,0,71,2.3,9.0,989.5
3244,5/14/2024 4:00,372,287,85,695.1,372,553.0,0,63,4.1,9.8,989.9
3245,5/14/2024 5:00,525,427,98,782.7,525,730.7,0,55,5.3,9.8,990.3
3246,5/14/2024 6:00,659,552,107,837.9,659,882.4,53,49,6.5,13.7,990.6
3247,5/14/2024 7:00,649,405,244,543.8,649,997.6,52,48,7.0,12.9,990.9
3248,5/14/2024 8:00,710,463,247,580.3,710,1068.7,54,46,7.8,12.7,990.9
3249,5/14/2024 9:00,735,475,260,583.3,735,1090.6,56,44,8.4,12.9,990.6
3250,5/14/2024 10:00,705,473,232,596.5,705,1062.1,84,44,8.7,13.2,990.5
3251,5/14/2024 11:00,585,310,275,421.5,585,985.0,71,44,8.6,13.8,990.6
3252,5/14/2024 12:00,443,207,236,320.7,443,864.6,72,44,8.4,13.7,990.7
3253,5/14/2024 13:00,450,283,167,534.5,450,709.1,81,39,9.9,13.9,991.3
3254,5/14/2024 14:00,299,179,120,453.0,299,529.2,100,41,8.9,13.5,991.2
3255,5/14/2024 15:00,151,74,77,294.0,151,337.1,50,45,8.1,9.6,991.1
3256,5/14/2024 16:00,59,23,36,183.1,59,145.9,5,52,6.3,10.3,991.7
3257,5/14/2024 17:00,2,0,2,0.0,2,16.9,1,57,4.5,10.6,992.3
3258,5/14/2024 18:00,0,0,0,0.0,0,0.0,0,61,3.2,10.0,992.8
3259,5/14/2024 19:00,0,0,0,0.0,0,0.0,0,63,2.5,11.2,993.3
3260,5/14/2024 20:00,0,0,0,0.0,0,0.0,0,64,1.8,11.5,993.8
3261,5/14/2024 21:00,0,0,0,0.0,0,0.0,0,65,1.3,11.2,993.8
3262,5/14/2024 22:00,0,0,0,0.0,0,0.0,0,67,0.6,9.7,994.1
3263,5/14/2024 23:00,0,0,0,0.0,0,0.0,0,71,-0.1,8.6,994.0
3264,5/15/2024 0:00,0,0,0,0.0,0,0.0,3,75,-0.6,8.2,994.2
3265,5/15/2024 1:00,6,1,5,15.1,6,29.6,0,79,-1.1,9.0,994.4
3266,5/15/2024 2:00,81,42,39,309.1,81,173.1,0,75,0.7,10.0,995.0
3267,5/15/2024 3:00,219,151,68,553.4,219,365.3,0,71,3.5,7.5,995.3
3268,5/15/2024 4:00,377,291,86,699.9,377,556.6,0,56,5.7,10.7,995.8
3269,5/15/2024 5:00,530,432,98,788.0,530,734.0,46,46,6.8,13.7,995.7
3270,5/15/2024 6:00,609,433,176,654.8,609,885.4,66,45,7.6,13.2,995.8
3271,5/15/2024 7:00,664,415,249,555.4,664,1000.4,100,45,8.1,12.2,995.9
3272,5/15/2024 8:00,600,229,371,286.2,600,1071.4,100,46,8.4,11.3,996.1
3273,5/15/2024 9:00,564,190,374,232.7,564,1093.3,72,46,8.7,11.3,996.0
3274,5/15/2024 10:00,595,310,285,389.8,595,1064.8,100,45,9.4,10.3,995.9
3275,5/15/2024 11:00,506,220,286,298.1,506,987.9,97,45,9.4,10.6,995.8
3276,5/15/2024 12:00,422,182,240,280.8,422,867.7,72,43,9.6,10.3,995.8
3277,5/15/2024 13:00,472,332,140,623.8,472,712.5,4,39,11.1,9.1,995.5
3278,5/15/2024 14:00,349,261,88,655.6,349,532.9,20,40,10.6,7.6,995.2
3279,5/15/2024 15:00,189,117,72,459.0,189,341.2,12,51,9.6,5.3,995.0
3280,5/15/2024 16:00,67,31,36,243.7,67,150.4,13,66,6.6,6.4,995.1
3281,5/15/2024 17:00,3,0,3,0.0,3,19.2,3,72,4.3,7.9,995.4
3282,5/15/2024 18:00,0,0,0,0.0,0,0.0,0,73,3.2,7.4,995.5
3283,5/15/2024 19:00,0,0,0,0.0,0,0.0,3,70,2.7,6.5,995.6
3284,5/15/2024 20:00,0,0,0,0.0,0,0.0,0,71,2.0,7.1,995.5
3285,5/15/2024 21:00,0,0,0,0.0,0,0.0,0,72,1.8,8.9,995.7
3286,5/15/2024 22:00,0,0,0,0.0,0,0.0,10,72,1.5,9.7,995.8
3287,5/15/2024 23:00,0,0,0,0.0,0,0.0,4,69,1.5,9.8,995.8
3288,5/16/2024 0:00,0,0,0,0.0,0,0.0,16,68,1.5,9.3,995.8
3289,5/16/2024 1:00,6,1,5,14.8,6,31.7,97,70,1.9,9.2,996.1
3290,5/16/2024 2:00,69,14,55,101.9,69,177.3,3,68,3.8,10.0,996.2
3291,5/16/2024 3:00,218,149,69,540.2,218,369.2,6,67,6.5,9.4,996.5
3292,5/16/2024 4:00,372,284,88,678.5,372,560.2,5,58,9.1,7.4,996.5
3293,5/16/2024 5:00,524,425,99,771.5,524,737.2,21,47,10.9,8.9,996.0
3294,5/16/2024 6:00,653,542,111,816.5,653,888.3,75,43,12.1,6.0,995.6
3295,5/16/2024 7:00,750,630,120,840.4,750,1003.2,100,42,13.0,3.3,995.4
3296,5/16/2024 8:00,745,494,251,615.6,745,1074.0,84,41,13.7,2.1,995.0
3297,5/16/2024 9:00,814,640,174,781.5,814,1095.9,100,41,14.9,2.2,994.3
3298,5/16/2024 10:00,440,103,337,129.1,440,1067.5,100,41,14.6,1.8,993.7
3299,5/16/2024 11:00,416,88,328,118.9,416,990.7,100,41,14.8,1.8,993.1
3300,5/16/2024 12:00,320,46,274,70.7,320,870.8,100,42,14.8,2.2,992.5
3301,5/16/2024 13:00,243,25,218,46.7,243,715.9,100,37,15.5,4.9,991.4
3302,5/16/2024 14:00,156,25,131,62.3,156,536.6,100,48,14.8,5.1,990.8
3303,5/16/2024 15:00,119,22,97,85.3,119,345.2,100,55,13.8,5.5,990.5
3304,5/16/2024 16:00,42,4,38,31.1,42,154.7,100,57,12.1,11.0,990.1
3305,5/16/2024 17:00,2,0,2,0.0,2,21.4,100,58,11.0,9.5,990.1
3306,5/16/2024 18:00,0,0,0,0.0,0,0.0,100,62,10.0,7.2,989.8
3307,5/16/2024 19:00,0,0,0,0.0,0,0.0,100,66,9.1,6.4,989.3
3308,5/16/2024 20:00,0,0,0,0.0,0,0.0,100,76,7.6,7.7,988.9
3309,5/16/2024 21:00,0,0,0,0.0,0,0.0,100,81,6.8,9.1,988.2
3310,5/16/2024 22:00,0,0,0,0.0,0,0.0,100,80,7.3,5.8,987.8
3311,5/16/2024 23:00,0,0,0,0.0,0,0.0,100,83,6.6,5.4,987.4
3312,5/17/2024 0:00,0,0,0,0.0,0,0.0,100,83,6.5,5.1,987.1
3313,5/17/2024 1:00,5,0,5,0.0,5,33.8,100,78,6.8,5.9,987.0
3314,5/17/2024 2:00,63,8,55,57.6,63,181.4,100,73,8.3,6.7,986.9
3315,5/17/2024 3:00,148,29,119,104.0,148,372.9,100,69,10.2,6.2,986.8
3316,5/17/2024 4:00,263,75,188,178.0,263,563.6,100,62,11.9,7.6,986.6
3317,5/17/2024 5:00,328,72,256,130.1,328,740.3,100,54,12.9,10.5,986.2
3318,5/17/2024 6:00,393,95,298,142.6,393,891.1,100,48,13.7,12.7,986.0
3319,5/17/2024 7:00,513,159,354,211.5,513,1005.8,100,43,14.4,13.6,985.9
3320,5/17/2024 8:00,639,290,349,360.4,639,1076.5,100,41,15.2,13.7,985.7
3321,5/17/2024 9:00,662,295,367,359.2,662,1098.4,100,40,15.8,11.8,985.3
3322,5/17/2024 10:00,629,277,352,346.3,629,1070.1,100,39,16.0,11.0,985.3
3323,5/17/2024 11:00,505,191,314,257.2,505,993.5,100,37,16.4,11.5,985.0
3324,5/17/2024 12:00,483,220,263,336.8,483,873.8,100,35,16.9,12.6,984.5
3325,5/17/2024 13:00,369,172,197,319.9,369,719.2,98,31,17.0,17.3,984.1
3326,5/17/2024 14:00,248,94,154,232.7,248,540.3,27,45,15.5,17.4,984.4
3327,5/17/2024 15:00,169,100,69,383.0,169,349.2,95,54,14.1,16.3,984.8
3328,5/17/2024 16:00,53,12,41,92.1,53,159.1,100,59,12.8,12.5,985.0
3329,5/17/2024 17:00,2,0,2,0.0,2,23.6,88,60,12.1,10.5,985.5
3330,5/17/2024 18:00,0,0,0,0.0,0,0.0,93,73,9.5,6.1,985.2
3331,5/17/2024 19:00,0,0,0,0.0,0,0.0,100,74,8.9,5.4,985.2
3332,5/17/2024 20:00,0,0,0,0.0,0,0.0,99,72,9.6,5.5,985.1
3333,5/17/2024 21:00,0,0,0,0.0,0,0.0,100,75,9.3,7.9,984.9
3334,5/17/2024 22:00,0,0,0,0.0,0,0.0,100,75,9.4,8.0,984.9
3335,5/17/2024 23:00,0,0,0,0.0,0,0.0,100,76,9.2,7.2,985.0
3336,5/18/2024 0:00,0,0,0,0.0,0,0.0,98,79,8.6,7.1,985.1
3337,5/18/2024 1:00,7,1,6,14.1,7,35.8,95,89,7.2,7.1,984.9
3338,5/18/2024 2:00,46,4,42,28.5,46,185.3,57,86,8.7,8.7,985.3
3339,5/18/2024 3:00,182,91,91,323.2,182,376.5,96,86,10.2,12.3,985.5
3340,5/18/2024 4:00,254,97,157,228.8,254,566.8,100,78,11.1,12.0,985.7
3341,5/18/2024 5:00,331,102,229,183.5,331,743.3,81,71,11.9,12.5,986.0
3342,5/18/2024 6:00,388,142,246,212.4,388,893.9,49,66,12.6,12.4,985.9
3343,5/18/2024 7:00,536,307,229,407.1,536,1008.4,56,63,13.2,12.2,986.2
3344,5/18/2024 8:00,584,370,214,458.5,584,1079.0,63,62,13.4,14.7,986.3
3345,5/18/2024 9:00,585,373,212,453.0,585,1100.9,67,58,14.1,15.1,986.5
3346,5/18/2024 10:00,475,253,222,315.4,475,1072.6,99,56,14.2,15.6,986.3
3347,5/18/2024 11:00,368,96,272,128.9,368,996.2,100,55,14.1,16.9,986.5
3348,5/18/2024 12:00,322,75,247,114.4,322,876.7,100,53,14.1,16.8,986.5
3349,5/18/2024 13:00,277,73,204,135.1,277,722.4,98,49,14.4,18.6,986.7
3350,5/18/2024 14:00,178,27,151,66.4,178,543.8,51,49,13.6,19.9,986.9
3351,5/18/2024 15:00,159,73,86,276.4,159,353.1,0,51,12.6,18.1,987.0
3352,5/18/2024 16:00,74,37,37,280.6,74,163.3,0,55,10.8,15.1,987.2
3353,5/18/2024 17:00,5,1,4,15.8,5,25.7,3,59,9.4,16.8,987.6
3354,5/18/2024 18:00,0,0,0,0.0,0,0.0,0,58,8.2,15.9,987.9
3355,5/18/2024 19:00,0,0,0,0.0,0,0.0,0,62,7.1,13.2,988.0
3356,5/18/2024 20:00,0,0,0,0.0,0,0.0,0,68,5.7,9.4,987.7
3357,5/18/2024 21:00,0,0,0,0.0,0,0.0,0,71,4.9,10.8,987.8
3358,5/18/2024 22:00,0,0,0,0.0,0,0.0,0,69,4.8,12.9,988.1
3359,5/18/2024 23:00,0,0,0,0.0,0,0.0,0,69,4.4,12.4,988.3
3360,5/19/2024 0:00,0,0,0,0.0,0,0.0,0,71,3.9,11.8,988.4
3361,5/19/2024 1:00,9,2,7,27.5,9,37.8,0,68,4.1,13.2,988.2
3362,5/19/2024 2:00,92,50,42,353.0,92,189.2,0,66,5.2,13.8,988.9
3363,5/19/2024 3:00,230,162,68,569.8,230,380.0,0,63,7.0,13.0,989.2
3364,5/19/2024 4:00,385,301,84,705.9,385,570.0,0,57,8.8,14.2,989.7
3365,5/19/2024 5:00,536,440,96,788.2,536,746.1,0,53,10.4,14.2,989.8
3366,5/19/2024 6:00,669,564,105,840.9,669,896.5,0,47,11.5,17.1,989.6
3367,5/19/2024 7:00,772,662,110,875.3,772,1010.8,0,45,12.4,19.5,989.3
3368,5/19/2024 8:00,836,722,114,892.4,836,1081.3,0,42,13.1,20.3,989.0
3369,5/19/2024 9:00,855,740,115,896.5,855,1103.2,0,42,13.8,20.5,988.7
3370,5/19/2024 10:00,828,715,113,888.9,828,1075.1,0,41,14.1,20.1,988.7
3371,5/19/2024 11:00,758,649,109,868.4,758,998.8,0,40,14.3,19.9,988.6
3372,5/19/2024 12:00,652,549,103,834.2,652,879.6,0,40,14.2,19.2,988.7
3373,5/19/2024 13:00,520,426,94,784.6,520,725.6,0,32,15.5,17.9,987.9
3374,5/19/2024 14:00,366,284,82,693.4,366,547.3,0,34,14.8,16.3,987.7
3375,5/19/2024 15:00,211,147,64,550.3,211,357.0,0,41,13.7,12.2,987.6
3376,5/19/2024 16:00,78,40,38,299.9,78,167.5,0,48,11.6,10.8,987.6
3377,5/19/2024 17:00,5,1,4,15.4,5,27.8,0,52,9.8,10.3,987.9
3378,5/19/2024 18:00,0,0,0,0.0,0,0.0,0,56,8.5,9.5,987.9
3379,5/19/2024 19:00,0,0,0,0.0,0,0.0,0,60,7.7,9.9,988.3
3380,5/19/2024 20:00,0,0,0,0.0,0,0.0,0,61,7.0,9.7,988.4
3381,5/19/2024 21:00,0,0,0,0.0,0,0.0,0,65,6.0,8.0,988.4
3382,5/19/2024 22:00,0,0,0,0.0,0,0.0,0,68,5.2,8.2,988.3
3383,5/19/2024 23:00,0,0,0,0.0,0,0.0,0,71,4.5,8.1,988.3
3384,5/20/2024 0:00,0,0,0,0.0,0,0.0,0,73,4.0,8.0,988.5
3385,5/20/2024 1:00,10,3,7,40.6,10,39.6,0,80,3.5,7.5,988.8
3386,5/20/2024 2:00,94,52,42,360.2,94,192.9,0,74,5.6,8.9,989.5
3387,5/20/2024 3:00,232,164,68,571.5,232,383.4,0,68,8.9,6.9,990.0
3388,5/20/2024 4:00,386,302,84,704.2,386,573.0,0,57,11.9,5.2,990.3
3389,5/20/2024 5:00,536,441,95,786.8,536,748.9,0,44,14.0,5.2,990.3
3390,5/20/2024 6:00,667,563,104,836.7,667,899.0,0,37,15.1,5.0,990.0
3391,5/20/2024 7:00,767,658,109,867.7,767,1013.2,0,36,15.9,5.1,989.9
3392,5/20/2024 8:00,828,717,111,884.0,828,1083.6,0,36,16.7,5.4,989.8
3393,5/20/2024 9:00,846,733,113,885.8,846,1105.5,0,36,17.4,6.2,989.6
3394,5/20/2024 10:00,819,708,111,877.8,819,1077.5,0,36,17.9,6.8,989.3
3395,5/20/2024 11:00,751,643,108,857.8,751,1001.4,0,36,18.2,6.7,989.2
3396,5/20/2024 12:00,645,543,102,822.1,645,882.4,0,36,18.3,6.6,988.9
3397,5/20/2024 13:00,516,423,93,775.5,516,728.7,0,28,19.8,6.2,988.0
3398,5/20/2024 14:00,365,284,81,688.8,365,550.8,0,33,19.4,4.5,987.8
3399,5/20/2024 15:00,211,147,64,544.4,211,360.7,0,52,17.8,4.0,987.5
3400,5/20/2024 16:00,79,41,38,304.1,79,171.5,0,55,14.5,7.3,987.4
3401,5/20/2024 17:00,6,1,5,15.0,6,29.9,0,56,12.8,8.0,987.6
3402,5/20/2024 18:00,0,0,0,0.0,0,0.0,0,53,11.8,8.7,987.6
3403,5/20/2024 19:00,0,0,0,0.0,0,0.0,0,53,11.0,8.3,987.6
3404,5/20/2024 20:00,0,0,0,0.0,0,0.0,0,57,10.1,8.8,987.6
3405,5/20/2024 21:00,0,0,0,0.0,0,0.0,0,65,9.0,7.6,987.5
3406,5/20/2024 22:00,0,0,0,0.0,0,0.0,0,72,7.9,7.3,987.1
3407,5/20/2024 23:00,0,0,0,0.0,0,0.0,0,74,7.6,8.3,987.2
3408,5/21/2024 0:00,0,0,0,0.0,0,0.0,0,72,7.6,8.6,987.1
3409,5/21/2024 1:00,11,3,8,39.8,11,41.4,0,71,7.4,7.6,987.1
3410,5/21/2024 2:00,95,52,43,353.5,95,196.5,0,65,9.7,8.2,987.4
3411,5/21/2024 3:00,231,164,67,566.5,231,386.6,0,60,12.4,9.0,987.6
3412,5/21/2024 4:00,384,301,83,698.0,384,575.9,0,51,14.6,8.7,987.9
3413,5/21/2024 5:00,532,437,95,776.6,532,751.5,0,47,16.6,9.7,987.7
3414,5/21/2024 6:00,660,557,103,825.2,660,901.4,0,45,18.4,10.7,987.6
3415,5/21/2024 7:00,759,651,108,856.2,759,1015.4,0,42,19.9,11.9,987.9
3416,5/21/2024 8:00,821,710,111,873.3,821,1085.8,7,36,20.9,15.1,987.8
3417,5/21/2024 9:00,818,697,121,840.3,818,1107.7,28,35,21.3,15.9,987.8
3418,5/21/2024 10:00,733,565,168,698.8,733,1079.8,18,35,21.5,15.8,987.4
3419,5/21/2024 11:00,693,555,138,738.3,693,1003.9,9,35,21.6,16.2,987.2
3420,5/21/2024 12:00,600,483,117,728.7,600,885.1,9,33,21.6,16.9,987.0
3421,5/21/2024 13:00,512,417,95,761.0,512,731.7,2,28,22.1,15.5,986.4
3422,5/21/2024 14:00,364,283,81,682.0,364,554.1,1,33,21.5,12.6,986.3
3423,5/21/2024 15:00,212,148,64,542.3,212,364.4,3,42,20.0,8.7,986.0
3424,5/21/2024 16:00,78,40,38,293.5,78,175.5,68,48,17.5,8.6,986.0
3425,5/21/2024 17:00,6,1,5,14.7,6,31.9,37,49,16.2,10.4,986.3
3426,5/21/2024 18:00,0,0,0,0.0,0,0.0,98,55,15.1,8.4,986.3
3427,5/21/2024 19:00,0,0,0,0.0,0,0.0,10,68,12.7,7.0,986.4
3428,5/21/2024 20:00,0,0,0,0.0,0,0.0,6,73,11.6,6.6,986.5
3429,5/21/2024 21:00,0,0,0,0.0,0,0.0,1,76,11.3,6.8,986.5
3430,5/21/2024 22:00,0,0,0,0.0,0,0.0,0,83,10.8,7.4,986.6
3431,5/21/2024 23:00,0,0,0,0.0,0,0.0,41,90,10.5,9.4,987.1
3432,5/22/2024 0:00,0,0,0,0.0,0,0.0,72,92,10.4,9.7,987.7
3433,5/22/2024 1:00,11,2,9,26.1,11,43.2,89,93,10.6,8.4,987.8
3434,5/22/2024 2:00,88,39,49,260.5,88,199.9,96,85,12.1,10.0,988.4
3435,5/22/2024 3:00,209,118,91,404.2,209,389.7,99,72,13.6,10.0,988.9
3436,5/22/2024 4:00,346,217,129,500.6,346,578.7,100,63,14.7,11.3,989.2
3437,5/22/2024 5:00,485,328,157,580.7,485,754.1,98,56,15.9,11.8,989.3
3438,5/22/2024 6:00,636,496,140,732.7,636,903.7,99,49,16.9,13.6,989.6
3439,5/22/2024 7:00,734,577,157,757.0,734,1017.6,50,43,17.5,12.2,989.9
3440,5/22/2024 8:00,819,705,114,865.1,819,1087.9,28,40,18.2,11.5,989.9
3441,5/22/2024 9:00,840,725,115,872.0,840,1109.9,26,35,18.8,13.0,989.7
3442,5/22/2024 10:00,816,701,115,864.8,816,1082.0,16,34,18.5,16.2,989.7
3443,5/22/2024 11:00,751,641,110,850.3,751,1006.3,53,31,18.5,15.3,989.8
3444,5/22/2024 12:00,649,545,104,819.4,649,887.8,61,29,18.0,16.2,989.5
3445,5/22/2024 13:00,515,413,102,750.3,515,734.7,34,25,18.4,14.8,989.8
3446,5/22/2024 14:00,367,283,84,677.7,367,557.4,0,26,17.2,15.0,989.9
3447,5/22/2024 15:00,216,150,66,544.0,216,368.0,6,52,16.0,4.0,989.5
3448,5/22/2024 16:00,83,44,39,319.6,83,179.5,7,54,13.4,8.1,989.3
3449,5/22/2024 17:00,7,2,5,28.7,7,33.9,5,45,11.8,7.0,989.4
3450,5/22/2024 18:00,0,0,0,0.0,0,0.0,7,48,11.2,14.2,989.9
3451,5/22/2024 19:00,0,0,0,0.0,0,0.0,5,43,11.1,13.7,990.5
3452,5/22/2024 20:00,0,0,0,0.0,0,0.0,1,47,9.6,11.5,990.7
3453,5/22/2024 21:00,0,0,0,0.0,0,0.0,1,51,8.6,13.4,990.6
3454,5/22/2024 22:00,0,0,0,0.0,0,0.0,6,59,7.7,17.2,991.1
3455,5/22/2024 23:00,0,0,0,0.0,0,0.0,100,62,7.2,18.1,991.8
3456,5/23/2024 0:00,0,0,0,0.0,0,0.0,100,56,8.1,17.7,992.4
3457,5/23/2024 1:00,3,0,3,0.0,3,44.9,100,53,7.9,15.1,992.7
3458,5/23/2024 2:00,26,1,25,6.6,26,203.2,100,47,8.3,15.2,993.3
3459,5/23/2024 3:00,68,11,57,37.4,68,392.7,27,47,8.5,15.2,993.8
3460,5/23/2024 4:00,385,285,100,654.1,385,581.4,0,41,10.0,18.1,994.3
3461,5/23/2024 5:00,548,453,95,799.1,548,756.5,0,33,10.8,18.7,994.5
3462,5/23/2024 6:00,687,583,104,858.8,687,905.9,0,32,11.5,17.6,994.9
3463,5/23/2024 7:00,789,680,109,889.9,789,1019.7,0,31,12.2,16.0,995.1
3464,5/23/2024 8:00,850,738,112,903.6,850,1089.9,11,30,12.9,16.1,995.2
3465,5/23/2024 9:00,845,698,147,837.7,845,1111.9,93,21,14.9,13.4,994.4
3466,5/23/2024 10:00,595,313,282,385.2,595,1084.2,17,27,13.6,23.5,994.5
3467,5/23/2024 11:00,654,427,227,564.9,654,1008.6,39,25,13.9,14.8,994.5
3468,5/23/2024 12:00,619,472,147,707.3,619,890.4,18,28,13.6,19.2,994.4
3469,5/23/2024 13:00,525,424,101,767.0,525,737.6,24,24,13.9,20.6,994.8
3470,5/23/2024 14:00,365,266,99,633.1,365,560.6,0,25,12.5,20.5,994.8
3471,5/23/2024 15:00,225,159,66,571.0,225,371.6,0,27,11.2,20.8,995.4
3472,5/23/2024 16:00,89,48,41,345.2,89,183.3,0,29,9.9,17.4,996.2
3473,5/23/2024 17:00,8,2,6,28.1,8,35.8,0,30,8.4,16.5,996.9
3474,5/23/2024 18:00,0,0,0,0.0,0,0.0,0,34,7.4,15.5,997.4
3475,5/23/2024 19:00,0,0,0,0.0,0,0.0,0,38,6.1,10.8,997.8
3476,5/23/2024 20:00,0,0,0,0.0,0,0.0,0,40,5.2,14.1,998.1
3477,5/23/2024 21:00,0,0,0,0.0,0,0.0,0,40,5.2,13.8,998.6
3478,5/23/2024 22:00,0,0,0,0.0,0,0.0,0,44,4.0,11.1,998.8
3479,5/23/2024 23:00,0,0,0,0.0,0,0.0,0,48,3.0,9.2,999.0
3480,5/24/2024 0:00,0,0,0,0.0,0,0.0,0,51,2.3,9.7,999.4
3481,5/24/2024 1:00,14,4,10,50.4,14,46.5,0,57,1.8,9.8,999.8
3482,5/24/2024 2:00,105,60,45,387.8,105,206.4,0,57,3.4,10.9,1000.7
3483,5/24/2024 3:00,245,175,70,590.2,245,395.6,0,51,5.9,9.4,1001.4
3484,5/24/2024 4:00,401,315,86,719.6,401,584.0,2,40,8.1,11.4,1001.5
3485,5/24/2024 5:00,551,453,98,796.4,551,758.8,3,32,9.6,14.9,1001.5
3486,5/24/2024 6:00,681,575,106,844.7,681,908.0,7,30,10.6,16.4,1001.5
3487,5/24/2024 7:00,780,666,114,869.6,780,1021.6,87,28,12.1,20.5,1001.4
3488,5/24/2024 8:00,602,318,284,388.5,602,1091.9,99,28,12.4,19.0,1001.1
3489,5/24/2024 9:00,729,381,348,456.3,729,1113.9,93,27,13.3,19.1,1000.8
3490,5/24/2024 10:00,443,109,334,133.8,443,1086.3,99,27,13.4,20.5,1000.3
3491,5/24/2024 11:00,454,126,328,166.2,454,1010.9,98,27,13.8,22.5,1000.3
3492,5/24/2024 12:00,346,87,259,130.0,346,893.0,99,27,14.0,19.5,999.6
3493,5/24/2024 13:00,402,160,242,288.2,402,740.4,100,23,15.9,19.9,998.9
3494,5/24/2024 14:00,178,55,123,130.1,178,563.8,100,26,15.6,14.6,998.2
3495,5/24/2024 15:00,136,26,110,92.5,136,375.0,97,29,15.4,17.6,998.2
3496,5/24/2024 16:00,77,25,52,178.1,77,187.0,100,34,13.3,10.5,998.2
3497,5/24/2024 17:00,8,0,8,0.0,8,37.6,55,35,12.2,15.5,998.7
3498,5/24/2024 18:00,0,0,0,0.0,0,0.0,39,37,11.2,14.9,998.7
3499,5/24/2024 19:00,0,0,0,0.0,0,0.0,53,37,10.9,16.2,998.8
3500,5/24/2024 20:00,0,0,0,0.0,0,0.0,61,37,10.8,14.6,998.6
3501,5/24/2024 21:00,0,0,0,0.0,0,0.0,30,41,9.9,12.4,998.5
3502,5/24/2024 22:00,0,0,0,0.0,0,0.0,17,45,9.0,12.1,998.4
3503,5/24/2024 23:00,0,0,0,0.0,0,0.0,50,49,8.3,11.8,998.1
3504,5/25/2024 0:00,0,0,0,0.0,0,0.0,100,50,8.1,12.1,998.0
3505,5/25/2024 1:00,12,1,11,12.4,12,48.0,100,51,8.1,13.4,998.2
3506,5/25/2024 2:00,47,6,41,38.2,47,209.4,98,49,9.4,13.8,998.3
3507,5/25/2024 3:00,89,7,82,23.4,89,398.3,96,56,9.9,11.2,998.3
3508,5/25/2024 4:00,191,55,136,125.1,191,586.4,81,55,11.3,9.5,998.5
3509,5/25/2024 5:00,328,140,188,245.3,328,760.9,85,51,13.2,18.1,998.0
3510,5/25/2024 6:00,382,210,172,307.7,382,910.0,60,58,14.1,15.5,997.2
3511,5/25/2024 7:00,585,365,220,475.5,585,1023.5,58,46,17.0,16.6,996.7
3512,5/25/2024 8:00,660,438,222,534.0,660,1093.7,55,42,19.2,20.3,996.1
3513,5/25/2024 9:00,690,445,245,531.8,690,1115.8,8,40,20.9,20.2,995.4
3514,5/25/2024 10:00,805,685,120,839.3,805,1088.3,1,37,22.5,23.4,994.6
3515,5/25/2024 11:00,741,628,113,826.5,741,1013.1,7,35,22.9,24.7,994.2
3516,5/25/2024 12:00,612,498,114,741.6,612,895.4,15,34,22.8,23.7,993.7
3517,5/25/2024 13:00,517,424,93,760.7,517,743.2,10,29,23.2,23.8,992.8
3518,5/25/2024 14:00,370,288,82,677.5,370,566.8,46,31,22.5,21.9,992.6
3519,5/25/2024 15:00,220,154,66,542.7,220,378.3,5,36,21.3,19.2,992.2
3520,5/25/2024 16:00,89,48,41,335.7,89,190.6,0,37,19.8,19.1,992.1
3521,5/25/2024 17:00,10,3,7,40.6,10,39.4,0,37,18.6,19.5,992.1
3522,5/25/2024 18:00,0,0,0,0.0,0,0.0,0,39,17.8,19.2,991.8
3523,5/25/2024 19:00,0,0,0,0.0,0,0.0,0,41,16.9,18.5,991.6
3524,5/25/2024 20:00,0,0,0,0.0,0,0.0,0,44,16.0,18.1,991.3
3525,5/25/2024 21:00,0,0,0,0.0,0,0.0,0,47,15.4,17.4,990.8
3526,5/25/2024 22:00,0,0,0,0.0,0,0.0,0,50,14.6,16.8,990.4
3527,5/25/2024 23:00,0,0,0,0.0,0,0.0,0,52,13.8,16.6,990.1
3528,5/26/2024 0:00,0,0,0,0.0,0,0.0,0,54,13.1,16.6,989.7
3529,5/26/2024 1:00,15,5,10,61.2,15,49.4,0,57,12.6,16.0,989.8
3530,5/26/2024 2:00,103,58,45,364.1,103,212.3,0,57,13.4,15.9,989.8
3531,5/26/2024 3:00,237,169,68,562.0,237,400.9,0,56,14.9,14.4,989.5
3532,5/26/2024 4:00,387,303,84,686.1,387,588.7,0,52,16.5,16.6,989.2
3533,5/26/2024 5:00,534,439,95,766.9,534,763.0,0,49,18.2,17.1,988.9
3534,5/26/2024 6:00,659,557,102,814.2,659,911.9,18,47,19.5,18.7,988.7
3535,5/26/2024 7:00,743,611,132,794.3,743,1025.3,76,45,20.6,21.4,988.5
3536,5/26/2024 8:00,483,259,224,315.2,483,1095.4,100,50,19.2,26.7,988.8
3537,5/26/2024 9:00,143,0,143,0.0,143,1117.6,100,77,15.2,20.1,989.8
3538,5/26/2024 10:00,102,0,102,0.0,102,1090.2,100,85,14.2,17.0,990.2
3539,5/26/2024 11:00,204,39,165,51.2,204,1015.3,80,76,15.0,15.3,990.4
3540,5/26/2024 12:00,548,382,166,567.1,548,897.8,100,59,15.9,19.3,990.5
3541,5/26/2024 13:00,267,52,215,92.9,267,745.8,100,63,14.2,16.1,990.9
3542,5/26/2024 14:00,105,1,104,2.3,105,569.8,100,59,13.9,14.8,991.0
3543,5/26/2024 15:00,105,8,97,27.9,105,381.6,100,54,13.9,13.6,991.4
3544,5/26/2024 16:00,48,1,47,6.9,48,194.1,100,52,13.1,12.3,991.7
3545,5/26/2024 17:00,8,0,8,0.0,8,41.2,50,47,11.8,17.7,992.5
3546,5/26/2024 18:00,0,0,0,0.0,0,0.0,1,43,10.1,16.5,993.3
3547,5/26/2024 19:00,0,0,0,0.0,0,0.0,0,46,8.9,13.8,993.8
3548,5/26/2024 20:00,0,0,0,0.0,0,0.0,0,47,7.9,15.4,994.4
3549,5/26/2024 21:00,0,0,0,0.0,0,0.0,0,51,7.1,12.8,994.8
3550,5/26/2024 22:00,0,0,0,0.0,0,0.0,0,57,5.9,10.5,995.3
3551,5/26/2024 23:00,0,0,0,0.0,0,0.0,0,61,4.9,10.0,995.7
3552,5/27/2024 0:00,0,0,0,0.0,0,0.0,0,65,4.1,9.0,996.3
3553,5/27/2024 1:00,16,5,11,60.4,16,50.8,0,72,2.9,9.0,997.2
3554,5/27/2024 2:00,109,63,46,390.3,109,215.1,0,69,4.3,9.5,998.2
3555,5/27/2024 3:00,249,179,70,591.4,249,403.4,0,57,6.2,11.7,998.9
3556,5/27/2024 4:00,403,318,85,717.1,403,590.9,0,45,7.3,13.5,999.2
3557,5/27/2024 5:00,554,457,97,796.1,554,765.0,0,41,8.2,13.4,999.5
3558,5/27/2024 6:00,684,580,104,845.9,684,913.7,0,40,9.2,12.8,999.5
3559,5/27/2024 7:00,784,675,109,875.8,784,1027.0,0,39,10.2,12.8,999.8
3560,5/27/2024 8:00,845,732,113,889.0,845,1097.1,83,38,11.2,12.6,999.8
3561,5/27/2024 9:00,857,726,131,864.3,857,1119.3,58,38,12.0,13.3,999.7
3562,5/27/2024 10:00,834,709,125,865.0,834,1092.1,2,37,12.6,13.4,999.6
3563,5/27/2024 11:00,771,662,109,867.1,771,1017.3,0,36,13.2,13.0,999.6
3564,5/27/2024 12:00,666,563,103,833.4,666,900.1,0,36,13.4,13.4,999.4
3565,5/27/2024 13:00,534,439,95,781.6,534,748.4,0,30,14.5,14.4,998.9
3566,5/27/2024 14:00,384,301,83,700.4,384,572.6,15,31,14.1,13.7,998.7
3567,5/27/2024 15:00,231,164,67,567.9,231,384.7,33,33,13.3,11.5,998.5
3568,5/27/2024 16:00,96,53,43,357.4,96,197.6,0,41,11.6,7.7,998.6
3569,5/27/2024 17:00,12,3,9,39.1,12,42.9,0,48,9.3,6.9,998.9
3570,5/27/2024 18:00,0,0,0,0.0,0,0.0,0,53,8.1,6.9,999.0
3571,5/27/2024 19:00,0,0,0,0.0,0,0.0,0,65,6.2,8.4,998.8
3572,5/27/2024 20:00,0,0,0,0.0,0,0.0,40,54,7.8,3.4,998.9
3573,5/27/2024 21:00,0,0,0,0.0,0,0.0,2,56,7.2,1.9,998.8
3574,5/27/2024 22:00,0,0,0,0.0,0,0.0,2,58,6.8,5.2,998.8
3575,5/27/2024 23:00,0,0,0,0.0,0,0.0,0,71,4.3,9.0,998.7
3576,5/28/2024 0:00,0,0,0,0.0,0,0.0,0,71,4.0,8.3,998.6
3577,5/28/2024 1:00,17,6,11,71.6,17,52.1,0,73,3.8,7.0,998.5
3578,5/28/2024 2:00,108,62,46,379.4,108,217.7,0,63,6.5,9.5,999.2
3579,5/28/2024 3:00,244,175,69,574.6,244,405.7,0,56,9.5,8.1,999.4
3580,5/28/2024 4:00,396,311,85,698.7,396,593.0,0,47,12.1,9.2,999.4
3581,5/28/2024 5:00,543,447,96,776.5,543,766.8,0,40,14.1,12.2,999.2
3582,5/28/2024 6:00,673,569,104,828.0,673,915.4,0,37,15.5,12.6,998.8
3583,5/28/2024 7:00,773,663,110,858.6,773,1028.6,0,36,16.8,12.6,998.5
3584,5/28/2024 8:00,835,723,112,876.5,835,1098.7,0,35,17.9,13.0,997.9
3585,5/28/2024 9:00,854,742,112,881.7,854,1120.9,0,34,18.8,14.6,997.5
3586,5/28/2024 10:00,831,720,111,876.7,831,1093.8,5,33,19.6,15.7,997.0
3587,5/28/2024 11:00,766,658,108,859.9,766,1019.3,0,32,20.1,16.3,996.3
3588,5/28/2024 12:00,663,562,101,829.6,663,902.3,4,31,20.4,17.0,995.6
3589,5/28/2024 13:00,534,441,93,782.3,534,750.9,0,26,21.3,18.4,994.2
3590,5/28/2024 14:00,384,302,82,699.1,384,575.4,0,27,20.8,17.3,993.6
3591,5/28/2024 15:00,231,164,67,563.3,231,387.8,0,31,19.8,14.1,993.1
3592,5/28/2024 16:00,97,54,43,358.1,97,200.8,0,35,18.0,14.4,992.9
3593,5/28/2024 17:00,12,4,8,51.3,12,44.5,1,36,16.5,13.7,992.8
3594,5/28/2024 18:00,0,0,0,0.0,0,0.0,15,40,15.1,11.9,992.7
3595,5/28/2024 19:00,0,0,0,0.0,0,0.0,46,42,13.9,11.3,992.2
3596,5/28/2024 20:00,0,0,0,0.0,0,0.0,51,45,12.9,10.7,991.8
3597,5/28/2024 21:00,0,0,0,0.0,0,0.0,73,47,12.2,11.1,991.6
3598,5/28/2024 22:00,0,0,0,0.0,0,0.0,62,51,11.9,11.7,991.5
3599,5/28/2024 23:00,0,0,0,0.0,0,0.0,3,55,11.4,11.6,991.2
3600,5/29/2024 0:00,0,0,0,0.0,0,0.0,9,59,10.8,10.4,990.9
3601,5/29/2024 1:00,17,6,11,70.7,17,53.4,3,63,10.4,11.5,990.4
3602,5/29/2024 2:00,108,63,45,381.0,108,220.2,0,61,12.1,12.2,990.4
3603,5/29/2024 3:00,244,176,68,574.6,244,407.9,0,59,14.1,10.5,990.3
3604,5/29/2024 4:00,395,312,83,698.4,395,594.9,0,55,16.4,11.5,990.3
3605,5/29/2024 5:00,542,448,94,776.2,542,768.5,0,50,18.6,13.0,990.0
3606,5/29/2024 6:00,671,569,102,826.3,671,916.9,0,46,20.8,13.4,989.6
3607,5/29/2024 7:00,769,663,106,857.1,769,1030.1,0,41,22.6,15.1,989.5
3608,5/29/2024 8:00,829,720,109,871.4,829,1100.2,0,35,23.8,17.0,989.3
3609,5/29/2024 9:00,848,737,111,874.3,848,1122.5,0,34,24.5,16.6,989.0
3610,5/29/2024 10:00,821,709,112,861.7,821,1095.5,34,32,25.0,17.7,988.7
3611,5/29/2024 11:00,688,517,171,674.1,688,1021.1,100,30,25.4,18.7,988.3
3612,5/29/2024 12:00,422,168,254,247.3,422,904.4,94,30,24.9,19.5,987.7
3613,5/29/2024 13:00,395,217,178,383.6,395,753.3,20,29,25.2,19.9,986.9
3614,5/29/2024 14:00,356,257,99,592.0,356,578.0,26,30,24.6,18.5,986.7
3615,5/29/2024 15:00,216,137,79,466.9,216,390.7,3,33,23.6,17.3,986.6
3616,5/29/2024 16:00,96,53,43,345.9,96,204.0,0,37,21.9,13.8,986.7
3617,5/29/2024 17:00,13,4,9,50.5,13,46.1,3,43,19.5,10.5,986.9
3618,5/29/2024 18:00,0,0,0,0.0,0,0.0,9,49,18.0,10.1,986.7
3619,5/29/2024 19:00,0,0,0,0.0,0,0.0,0,48,17.4,11.9,986.6
3620,5/29/2024 20:00,0,0,0,0.0,0,0.0,0,50,16.5,10.7,986.7
3621,5/29/2024 21:00,0,0,0,0.0,0,0.0,0,54,15.5,8.9,986.8
3622,5/29/2024 22:00,0,0,0,0.0,0,0.0,0,59,14.5,8.0,986.8
3623,5/29/2024 23:00,0,0,0,0.0,0,0.0,0,63,13.6,7.2,986.9
3624,5/30/2024 0:00,0,0,0,0.0,0,0.0,2,66,12.9,6.9,987.2
3625,5/30/2024 1:00,17,6,11,70.0,17,54.6,6,72,12.9,6.7,987.3
3626,5/30/2024 2:00,104,57,47,341.0,104,222.5,22,70,14.5,7.9,987.9
3627,5/30/2024 3:00,229,150,79,487.1,229,409.9,34,67,16.5,5.4,988.4
3628,5/30/2024 4:00,349,238,111,531.0,349,596.7,56,65,18.2,7.9,988.9
3629,5/30/2024 5:00,332,200,132,345.7,332,770.1,47,72,18.5,10.1,989.0
3630,5/30/2024 6:00,491,311,180,450.8,491,918.4,37,70,19.6,9.3,989.2
3631,5/30/2024 7:00,615,434,181,560.1,615,1031.4,8,65,20.9,7.2,989.3
3632,5/30/2024 8:00,802,680,122,821.7,802,1101.5,28,59,22.3,4.4,989.4
3633,5/30/2024 9:00,730,569,161,673.9,730,1123.9,59,58,22.6,5.2,989.6
3634,5/30/2024 10:00,613,377,236,457.4,613,1097.1,69,57,22.6,6.0,989.7
3635,5/30/2024 11:00,499,255,244,331.8,499,1022.9,92,56,22.8,5.4,989.6
3636,5/30/2024 12:00,441,210,231,308.4,441,906.4,97,58,22.9,7.1,989.6
3637,5/30/2024 13:00,463,326,137,574.3,463,755.5,71,49,24.3,5.4,989.3
3638,5/30/2024 14:00,291,164,127,376.0,291,580.6,99,72,19.6,5.9,989.8
3639,5/30/2024 15:00,136,30,106,101.5,136,393.5,99,72,19.9,8.3,989.9
3640,5/30/2024 16:00,65,9,56,57.9,65,207.1,100,78,18.5,7.9,989.8
3641,5/30/2024 17:00,12,2,10,24.9,12,47.6,95,86,16.5,6.3,989.9
3642,5/30/2024 18:00,0,0,0,0.0,0,0.0,98,88,15.6,7.3,989.9
3643,5/30/2024 19:00,0,0,0,0.0,0,0.0,26,85,15.6,9.5,990.0
3644,5/30/2024 20:00,0,0,0,0.0,0,0.0,4,80,15.0,10.5,990.1
3645,5/30/2024 21:00,0,0,0,0.0,0,0.0,2,77,14.3,9.5,990.1
3646,5/30/2024 22:00,0,0,0,0.0,0,0.0,19,79,13.6,8.6,990.2
3647,5/30/2024 23:00,0,0,0,0.0,0,0.0,76,82,12.8,7.2,990.2
3648,5/31/2024 0:00,0,0,0,0.0,0,0.0,2,86,12.1,6.7,990.2
3649,5/31/2024 1:00,17,5,12,57.7,17,55.7,20,88,12.1,6.9,990.5
3650,5/31/2024 2:00,102,54,48,319.9,102,224.7,73,84,13.7,7.6,991.1
3651,5/31/2024 3:00,177,88,89,284.4,177,411.8,99,83,14.4,11.3,991.9
3652,5/31/2024 4:00,152,40,112,89.0,152,598.4,39,86,14.4,9.0,991.8
3653,5/31/2024 5:00,468,333,135,574.3,468,771.6,29,73,17.8,9.2,991.7
3654,5/31/2024 6:00,562,414,148,599.0,562,919.8,28,65,20.2,5.3,991.7
3655,5/31/2024 7:00,665,509,156,655.9,665,1032.7,98,58,22.0,1.5,991.8
3656,5/31/2024 8:00,803,671,132,809.6,803,1102.8,100,52,23.6,1.9,991.6
3657,5/31/2024 9:00,796,605,191,715.4,796,1125.3,100,48,24.6,5.0,991.4
3658,5/31/2024 10:00,753,522,231,632.3,753,1098.6,78,45,25.2,6.4,991.3
3659,5/31/2024 11:00,680,490,190,636.3,680,1024.6,10,43,25.3,8.4,991.1
3660,5/31/2024 12:00,608,491,117,719.3,608,908.3,18,42,25.5,8.8,990.7
3661,5/31/2024 13:00,486,380,106,667.3,486,757.7,54,40,25.7,9.2,990.6
3662,5/31/2024 14:00,284,172,112,392.5,284,583.1,36,46,24.1,5.0,990.5
3663,5/31/2024 15:00,177,106,71,356.0,177,396.2,78,48,23.6,1.0,990.6
3664,5/31/2024 16:00,60,23,37,145.7,60,210.0,30,63,21.0,6.6,990.8
3665,5/31/2024 17:00,12,3,9,36.8,12,49.0,7,76,18.1,7.6,990.3
3666,5/31/2024 18:00,0,0,0,0.0,0,0.0,18,78,17.2,6.0,990.2
3667,5/31/2024 19:00,0,0,0,0.0,0,0.0,2,85,15.9,5.7,989.9
3668,5/31/2024 20:00,0,0,0,0.0,0,0.0,1,87,14.9,7.4,989.5
3669,5/31/2024 21:00,0,0,0,0.0,0,0.0,1,88,14.6,7.8,989.6
3670,5/31/2024 22:00,0,0,0,0.0,0,0.0,24,89,13.9,9.4,989.4
3671,5/31/2024 23:00,0,0,0,0.0,0,0.0,35,88,13.9,3.1,989.5
3672,6/1/2024 0:00,0,0,0,0.0,0,0.0,57,90,13.4,3.1,989.6
3673,6/1/2024 1:00,18,5,13,57.2,18,56.7,6,92,13.9,1.5,990.1
3674,6/1/2024 2:00,109,62,47,363.9,109,226.7,3,88,15.6,2.4,990.4
3675,6/1/2024 3:00,243,175,68,562.9,243,413.6,13,78,19.0,1.6,990.8
3676,6/1/2024 4:00,389,305,84,676.4,389,599.9,5,65,21.1,0.5,991.1
3677,6/1/2024 5:00,531,437,94,752.1,531,773.0,1,57,22.8,4.1,991.1
3678,6/1/2024 6:00,656,555,101,801.7,656,921.0,13,51,24.2,7.3,991.0
3679,6/1/2024 7:00,753,646,107,831.2,753,1033.9,13,45,25.2,9.4,991.0
3680,6/1/2024 8:00,787,662,125,797.7,787,1104.0,19,40,25.9,7.5,990.9
3681,6/1/2024 9:00,776,641,135,756.9,776,1126.6,31,38,26.4,5.9,990.9
3682,6/1/2024 10:00,686,541,145,654.2,686,1100.0,80,38,26.5,5.5,991.0
3683,6/1/2024 11:00,528,300,228,388.9,528,1026.2,69,40,25.5,7.5,990.9
3684,6/1/2024 12:00,476,284,192,415.1,476,910.2,68,39,25.9,4.2,990.6
3685,6/1/2024 13:00,452,291,161,509.4,452,759.8,48,38,26.3,7.2,990.1
3686,6/1/2024 14:00,340,226,114,513.5,340,585.4,32,41,25.8,7.2,990.1
3687,6/1/2024 15:00,216,141,75,470.3,216,398.8,43,47,24.8,7.6,989.9
3688,6/1/2024 16:00,94,47,47,293.8,94,212.8,15,54,22.9,7.3,989.9
3689,6/1/2024 17:00,15,4,11,48.4,15,50.4,12,55,21.0,11.9,990.1
3690,6/1/2024 18:00,0,0,0,0.0,0,0.0,0,54,20.2,12.3,990.0
3691,6/1/2024 19:00,0,0,0,0.0,0,0.0,8,58,18.9,8.3,989.8
3692,6/1/2024 20:00,0,0,0,0.0,0,0.0,29,63,17.5,7.1,989.8
3693,6/1/2024 21:00,0,0,0,0.0,0,0.0,66,65,17.0,8.7,989.8
3694,6/1/2024 22:00,0,0,0,0.0,0,0.0,2,65,16.6,12.2,989.9
3695,6/1/2024 23:00,0,0,0,0.0,0,0.0,5,62,16.4,10.8,990.0
3696,6/2/2024 0:00,0,0,0,0.0,0,0.0,19,63,15.6,10.4,990.2
3697,6/2/2024 1:00,19,6,13,68.0,19,57.6,63,64,16.1,11.5,990.1
3698,6/2/2024 2:00,107,56,51,325.9,107,228.6,76,61,17.5,12.3,990.3
3699,6/2/2024 3:00,236,156,80,499.7,236,415.2,97,61,19.3,9.4,990.3
3700,6/2/2024 4:00,369,250,119,552.9,369,601.3,93,55,21.5,11.2,990.5
3701,6/2/2024 5:00,508,392,116,673.4,508,774.2,28,48,23.6,12.4,990.3
3702,6/2/2024 6:00,653,544,109,784.6,653,922.1,10,41,25.5,12.8,990.3
3703,6/2/2024 7:00,752,645,107,828.8,752,1035.0,46,44,25.1,13.7,990.4
3704,6/2/2024 8:00,655,464,191,558.4,655,1105.1,55,48,24.9,8.5,990.1
3705,6/2/2024 9:00,697,499,198,588.4,697,1127.8,62,51,24.4,10.0,990.3
3706,6/2/2024 10:00,620,420,200,507.1,620,1101.4,75,47,25.4,3.4,990.0
3707,6/2/2024 11:00,594,408,186,527.9,594,1027.8,56,44,25.6,5.7,989.6
3708,6/2/2024 12:00,565,383,182,558.5,565,912.0,69,41,26.1,6.9,989.2
3709,6/2/2024 13:00,427,229,198,399.7,427,761.8,98,51,24.8,12.1,989.4
3710,6/2/2024 14:00,252,66,186,149.3,252,587.7,100,54,23.9,11.2,989.6
3711,6/2/2024 15:00,141,20,121,66.3,141,401.3,99,58,23.2,7.6,989.5
3712,6/2/2024 16:00,75,14,61,86.4,75,215.5,93,70,21.3,4.7,989.2
3713,6/2/2024 17:00,15,3,12,35.9,15,51.7,99,79,18.8,8.5,988.9
3714,6/2/2024 18:00,0,0,0,0.0,0,0.0,99,80,18.2,6.0,988.6
3715,6/2/2024 19:00,0,0,0,0.0,0,0.0,84,82,17.9,7.0,988.3
3716,6/2/2024 20:00,0,0,0,0.0,0,0.0,100,84,17.5,7.1,988.1
3717,6/2/2024 21:00,0,0,0,0.0,0,0.0,100,89,16.8,6.1,987.9
3718,6/2/2024 22:00,0,0,0,0.0,0,0.0,90,88,17.0,5.4,987.5
3719,6/2/2024 23:00,0,0,0,0.0,0,0.0,88,90,16.2,6.4,987.8
3720,6/3/2024 0:00,0,0,0,0.0,0,0.0,96,86,16.8,11.4,987.8
3721,6/3/2024 1:00,11,1,10,11.2,11,58.5,94,89,16.3,5.5,987.6
3722,6/3/2024 2:00,52,7,45,40.4,52,230.3,48,86,17.2,12.2,987.5
3723,6/3/2024 3:00,207,107,100,341.4,207,416.7,100,79,19.2,11.9,987.6
3724,6/3/2024 4:00,190,35,155,77.2,190,602.6,74,73,20.1,11.0,987.2
3725,6/3/2024 5:00,383,198,185,339.5,383,775.3,91,66,22.1,10.5,986.9
3726,6/3/2024 6:00,614,441,173,635.1,614,923.2,94,54,23.9,12.4,986.5
3727,6/3/2024 7:00,676,436,240,559.5,676,1036.0,97,48,25.0,12.5,986.1
3728,6/3/2024 8:00,760,539,221,647.8,760,1106.2,10,42,26.5,12.2,985.4
3729,6/3/2024 9:00,817,689,128,811.4,817,1128.9,37,41,27.5,13.2,984.8
3730,6/3/2024 10:00,787,641,146,772.8,787,1102.7,64,47,26.8,13.6,984.5
3731,6/3/2024 11:00,519,302,217,390.1,519,1029.3,97,58,25.0,7.3,984.5
3732,6/3/2024 12:00,331,113,218,164.4,331,913.7,100,59,24.3,11.3,984.0
3733,6/3/2024 13:00,453,277,176,482.1,453,763.8,49,46,26.0,11.8,983.8
3734,6/3/2024 14:00,368,276,92,622.0,368,589.9,97,45,26.1,8.0,983.7
3735,6/3/2024 15:00,190,83,107,273.3,190,403.8,100,58,25.4,2.6,983.4
3736,6/3/2024 16:00,76,10,66,60.9,76,218.1,100,66,23.5,6.3,983.2
3737,6/3/2024 17:00,13,1,12,11.8,13,53.0,100,66,20.9,7.4,983.1
3738,6/3/2024 18:00,0,0,0,0.0,0,0.0,100,64,20.7,7.4,983.1
3739,6/3/2024 19:00,0,0,0,0.0,0,0.0,100,69,19.8,6.2,982.9
3740,6/3/2024 20:00,0,0,0,0.0,0,0.0,100,73,19.0,6.8,982.6
3741,6/3/2024 21:00,0,0,0,0.0,0,0.0,100,76,18.3,7.6,982.5
3742,6/3/2024 22:00,0,0,0,0.0,0,0.0,38,81,17.5,6.0,982.0
3743,6/3/2024 23:00,0,0,0,0.0,0,0.0,98,86,16.5,8.4,981.9
3744,6/4/2024 0:00,0,0,0,0.0,0,0.0,93,87,16.2,7.3,982.1
3745,6/4/2024 1:00,20,5,15,55.8,20,59.3,100,90,16.4,3.5,982.4
3746,6/4/2024 2:00,105,52,53,298.1,105,231.9,100,84,18.3,4.4,982.9
3747,6/4/2024 3:00,230,148,82,470.6,230,418.0,84,77,20.9,2.3,983.1
3748,6/4/2024 4:00,371,270,101,594.4,371,603.7,58,68,23.0,3.9,983.1
3749,6/4/2024 5:00,512,404,108,691.7,512,776.3,68,61,24.9,5.6,983.0
3750,6/4/2024 6:00,638,516,122,742.2,638,924.1,72,63,24.5,7.8,982.8
3751,6/4/2024 7:00,463,219,244,280.7,463,1036.9,95,62,24.4,11.6,983.0
3752,6/4/2024 8:00,520,165,355,198.1,520,1107.1,95,64,24.2,12.5,982.7
3753,6/4/2024 9:00,480,199,281,234.1,480,1130.0,100,64,24.2,11.1,982.5
3754,6/4/2024 10:00,557,190,367,228.8,557,1103.9,100,60,24.7,12.1,982.1
3755,6/4/2024 11:00,583,255,328,328.8,583,1030.7,98,57,25.2,11.7,981.8
3756,6/4/2024 12:00,519,356,163,516.9,519,915.3,89,53,26.0,11.3,981.6
3757,6/4/2024 13:00,321,157,164,272.5,321,765.7,57,51,25.9,13.1,981.4
3758,6/4/2024 14:00,364,264,100,592.6,364,592.1,73,49,26.1,10.2,981.5
3759,6/4/2024 15:00,217,131,86,428.6,217,406.1,7,53,25.2,8.4,981.3
3760,6/4/2024 16:00,102,57,45,343.3,102,220.7,9,60,23.5,8.1,981.1
3761,6/4/2024 17:00,16,5,11,58.3,16,54.3,92,69,21.1,12.7,981.7
3762,6/4/2024 18:00,0,0,0,0.0,0,0.0,100,89,17.7,3.1,981.5
3763,6/4/2024 19:00,0,0,0,0.0,0,0.0,95,92,17.5,5.5,981.3
3764,6/4/2024 20:00,0,0,0,0.0,0,0.0,1,92,17.1,7.7,981.2
3765,6/4/2024 21:00,0,0,0,0.0,0,0.0,3,93,16.5,7.7,981.1
3766,6/4/2024 22:00,0,0,0,0.0,0,0.0,0,93,16.2,7.4,981.2
3767,6/4/2024 23:00,0,0,0,0.0,0,0.0,0,93,16.0,7.6,981.2
3768,6/5/2024 0:00,0,0,0,0.0,0,0.0,0,94,15.8,7.0,981.3
3769,6/5/2024 1:00,21,8,13,88.7,21,60.0,0,94,15.3,6.0,981.6
3770,6/5/2024 2:00,112,65,47,370.2,112,233.3,0,88,17.4,7.8,982.0
3771,6/5/2024 3:00,242,173,69,548.3,242,419.2,0,80,19.4,7.1,982.1
3772,6/5/2024 4:00,390,307,83,674.5,390,604.8,0,71,21.2,7.9,982.1
3773,6/5/2024 5:00,533,439,94,750.5,533,777.2,0,62,22.9,9.9,982.2
3774,6/5/2024 6:00,655,554,101,795.9,655,924.9,3,52,24.2,13.8,982.1
3775,6/5/2024 7:00,742,633,109,810.5,742,1037.7,8,49,25.2,16.2,981.9
3776,6/5/2024 8:00,786,665,121,797.5,786,1108.0,31,46,25.9,18.5,981.7
3777,6/5/2024 9:00,746,596,150,700.2,746,1131.0,25,45,25.9,20.2,981.5
3778,6/5/2024 10:00,698,555,143,667.3,698,1105.1,15,45,26.1,19.0,980.9
3779,6/5/2024 11:00,676,538,138,692.6,676,1032.1,32,45,26.2,20.2,980.6
3780,6/5/2024 12:00,570,435,135,630.3,570,917.0,27,44,26.4,18.0,980.5
3781,6/5/2024 13:00,451,307,144,531.4,451,767.6,23,46,25.4,15.5,980.7
3782,6/5/2024 14:00,358,264,94,590.3,358,594.1,49,53,24.6,10.6,980.4
3783,6/5/2024 15:00,206,129,77,419.6,206,408.4,35,56,23.9,6.6,980.4
3784,6/5/2024 16:00,94,46,48,273.9,94,223.1,28,69,22.1,4.3,980.2
3785,6/5/2024 17:00,17,5,12,57.7,17,55.5,57,76,19.8,7.8,980.3
3786,6/5/2024 18:00,0,0,0,0.0,0,0.0,54,77,19.2,5.7,980.2
3787,6/5/2024 19:00,0,0,0,0.0,0,0.0,42,80,18.5,5.8,979.8
3788,6/5/2024 20:00,0,0,0,0.0,0,0.0,10,77,18.6,7.6,979.6
3789,6/5/2024 21:00,0,0,0,0.0,0,0.0,6,76,18.2,7.9,979.2
3790,6/5/2024 22:00,0,0,0,0.0,0,0.0,3,76,17.8,8.3,979.1
3791,6/5/2024 23:00,0,0,0,0.0,0,0.0,100,77,17.3,8.1,979.0
3792,6/6/2024 0:00,0,0,0,0.0,0,0.0,98,77,17.0,8.4,979.1
3793,6/6/2024 1:00,21,6,15,66.1,21,61.1,96,81,17.0,8.4,979.1
3794,6/6/2024 2:00,105,45,60,254.8,105,234.6,100,78,18.3,8.6,979.5
3795,6/6/2024 3:00,228,133,95,420.3,228,420.3,4,73,19.9,6.1,979.6
3796,6/6/2024 4:00,388,303,85,664.5,388,605.7,73,66,22.0,7.9,979.9
3797,6/6/2024 5:00,527,424,103,723.9,527,778.0,100,59,23.5,11.9,980.0
3798,6/6/2024 6:00,631,479,152,687.4,631,925.6,100,53,24.5,14.5,979.8
3799,6/6/2024 7:00,713,525,188,671.6,713,1038.4,100,50,25.5,15.5,979.6
3800,6/6/2024 8:00,725,481,244,576.2,725,1108.8,69,50,25.9,15.5,979.3
3801,6/6/2024 9:00,731,571,160,670.1,731,1131.9,54,47,26.7,16.3,978.9
3802,6/6/2024 10:00,638,433,205,520.0,638,1106.1,91,44,27.0,18.5,978.7
3803,6/6/2024 11:00,551,272,279,349.6,551,1033.4,93,42,27.0,18.2,978.3
3804,6/6/2024 12:00,420,157,263,227.0,420,918.5,30,56,24.9,13.7,978.3
3805,6/6/2024 13:00,492,346,146,597.3,492,769.4,54,51,25.0,15.7,978.2
3806,6/6/2024 14:00,360,260,100,579.3,360,596.2,96,52,24.7,15.9,978.4
3807,6/6/2024 15:00,220,135,85,436.6,220,410.7,90,53,24.2,11.9,978.2
3808,6/6/2024 16:00,92,41,51,241.5,92,225.5,96,58,23.0,7.3,978.2
3809,6/6/2024 17:00,16,2,14,22.8,16,56.6,34,69,20.5,6.5,978.1
3810,6/6/2024 18:00,0,0,0,0.0,0,0.0,53,73,19.8,6.0,978.0
3811,6/6/2024 19:00,0,0,0,0.0,0,0.0,22,74,19.2,7.9,977.8
3812,6/6/2024 20:00,0,0,0,0.0,0,0.0,11,73,19.0,8.6,977.6
3813,6/6/2024 21:00,0,0,0,0.0,0,0.0,1,75,18.6,8.8,977.2
3814,6/6/2024 22:00,0,0,0,0.0,0,0.0,20,79,17.9,8.8,976.9
3815,6/6/2024 23:00,0,0,0,0.0,0,0.0,1,84,17.2,8.3,976.8
3816,6/7/2024 0:00,0,0,0,0.0,0,0.0,1,88,16.5,7.6,976.8
3817,6/7/2024 1:00,22,8,14,87.7,22,62.5,0,89,16.5,7.7,977.0
3818,6/7/2024 2:00,114,68,46,383.1,114,235.8,11,84,17.9,7.0,977.2
3819,6/7/2024 3:00,246,177,69,558.0,246,421.3,13,78,19.9,5.1,977.2
3820,6/7/2024 4:00,382,289,93,632.9,382,606.5,1,69,22.1,4.7,977.1
3821,6/7/2024 5:00,532,439,93,748.7,532,778.7,10,59,24.0,5.4,977.0
3822,6/7/2024 6:00,627,517,110,741.2,627,926.3,26,51,25.0,6.8,976.8
3823,6/7/2024 7:00,732,612,120,782.2,732,1039.1,77,48,25.9,7.2,976.7
3824,6/7/2024 8:00,757,591,166,707.4,757,1109.5,100,46,26.5,8.3,976.3
3825,6/7/2024 9:00,671,379,292,444.3,671,1132.7,99,44,26.5,9.8,976.3
3826,6/7/2024 10:00,677,394,283,472.6,677,1107.2,78,43,26.6,10.5,975.7
3827,6/7/2024 11:00,640,449,191,576.3,640,1034.6,76,44,26.6,8.7,975.4
3828,6/7/2024 12:00,477,306,171,441.7,477,920.0,72,46,26.2,5.4,975.2
3829,6/7/2024 13:00,374,158,216,272.1,374,771.1,96,44,26.5,7.8,975.4
3830,6/7/2024 14:00,255,123,132,273.1,255,598.1,100,54,24.2,10.1,975.6
3831,6/7/2024 15:00,160,66,94,212.3,160,412.8,100,59,23.0,11.0,975.4
3832,6/7/2024 16:00,79,15,64,87.4,79,227.8,100,68,21.4,5.5,975.1
3833,6/7/2024 17:00,17,1,16,11.3,17,57.7,100,79,19.1,5.6,974.5
3834,6/7/2024 18:00,0,0,0,0.0,0,0.0,100,82,18.4,5.4,973.7
3835,6/7/2024 19:00,0,0,0,0.0,0,0.0,99,83,18.0,5.1,973.7
3836,6/7/2024 20:00,0,0,0,0.0,0,0.0,100,86,17.0,5.4,973.8
3837,6/7/2024 21:00,0,0,0,0.0,0,0.0,100,86,17.1,5.2,973.4
3838,6/7/2024 22:00,0,0,0,0.0,0,0.0,100,86,17.0,5.6,973.2
3839,6/7/2024 23:00,0,0,0,0.0,0,0.0,100,88,16.6,4.1,973.5
3840,6/8/2024 0:00,0,0,0,0.0,0,0.0,72,87,16.8,3.9,973.1
3841,6/8/2024 1:00,13,3,10,32.7,13,63.8,99,89,17.0,2.1,973.3
3842,6/8/2024 2:00,83,24,59,134.6,83,236.8,100,85,17.9,3.3,973.3
3843,6/8/2024 3:00,171,61,110,191.9,171,422.1,99,79,19.3,4.9,973.2
3844,6/8/2024 4:00,301,133,168,290.8,301,607.1,94,72,20.9,6.9,972.9
3845,6/8/2024 5:00,495,340,155,579.3,495,779.3,100,66,22.5,6.4,972.9
3846,6/8/2024 6:00,464,207,257,296.5,464,926.8,100,67,22.4,7.5,973.0
3847,6/8/2024 7:00,279,108,171,137.9,279,1039.6,100,79,20.1,8.3,973.1
3848,6/8/2024 8:00,71,3,68,3.6,71,1110.1,100,90,19.4,7.4,972.4
3849,6/8/2024 9:00,325,29,296,34.0,325,1133.5,100,79,21.5,9.2,972.3
3850,6/8/2024 10:00,551,177,374,212.1,551,1108.1,100,71,22.9,9.1,972.3
3851,6/8/2024 11:00,463,123,340,157.7,463,1035.8,98,69,22.1,13.4,972.5
3852,6/8/2024 12:00,244,77,167,110.9,244,921.4,100,81,20.4,8.4,972.9
3853,6/8/2024 13:00,358,111,247,190.7,358,772.7,100,75,20.5,13.2,973.4
3854,6/8/2024 14:00,264,112,152,247.8,264,599.9,100,80,19.7,10.5,973.7
3855,6/8/2024 15:00,142,48,94,153.6,142,414.8,100,86,18.4,11.2,974.1
3856,6/8/2024 16:00,45,5,40,28.9,45,230.0,100,89,17.8,11.9,974.6
3857,6/8/2024 17:00,13,0,13,0.0,13,58.8,100,91,17.2,10.0,975.0
3858,6/8/2024 18:00,0,0,0,0.0,0,0.0,99,91,17.1,11.2,974.9
3859,6/8/2024 19:00,0,0,0,0.0,0,0.0,79,89,16.6,12.6,975.2
3860,6/8/2024 20:00,0,0,0,0.0,0,0.0,94,89,15.9,12.6,975.2
3861,6/8/2024 21:00,0,0,0,0.0,0,0.0,78,90,15.1,11.7,975.5
3862,6/8/2024 22:00,0,0,0,0.0,0,0.0,63,92,14.6,11.4,975.9
3863,6/8/2024 23:00,0,0,0,0.0,0,0.0,39,92,14.1,10.7,976.2
3864,6/9/2024 0:00,0,0,0,0.0,0,0.0,2,92,13.6,10.7,976.9
3865,6/9/2024 1:00,23,9,14,97.8,23,64.9,0,93,13.4,10.6,977.2
3866,6/9/2024 2:00,118,70,48,391.0,118,237.7,0,90,14.4,9.6,977.6
3867,6/9/2024 3:00,252,184,68,577.7,252,422.8,0,85,15.9,10.1,977.9
3868,6/9/2024 4:00,400,318,82,694.6,400,607.7,0,74,17.5,11.8,978.2
3869,6/9/2024 5:00,545,453,92,771.1,545,779.7,17,68,19.0,13.7,978.2
3870,6/9/2024 6:00,621,490,131,701.4,621,927.2,79,59,20.4,17.6,978.3
3871,6/9/2024 7:00,640,397,243,506.6,640,1040.1,38,53,21.4,15.9,978.4
3872,6/9/2024 8:00,746,553,193,660.8,746,1110.7,71,48,22.7,14.8,978.6
3873,6/9/2024 9:00,761,542,219,634.3,761,1134.2,100,47,23.5,14.9,978.9
3874,6/9/2024 10:00,625,362,263,433.2,625,1109.0,91,46,23.6,15.5,979.2
3875,6/9/2024 11:00,478,176,302,225.3,478,1036.9,72,46,23.6,15.3,979.5
3876,6/9/2024 12:00,452,217,235,312.1,452,922.7,90,45,23.6,14.8,979.6
3877,6/9/2024 13:00,362,182,180,312.0,362,774.3,52,49,23.2,12.0,980.0
3878,6/9/2024 14:00,348,249,99,549.2,348,601.7,18,50,23.0,12.0,980.6
3879,6/9/2024 15:00,223,151,72,480.9,223,416.8,41,55,22.3,8.7,980.7
3880,6/9/2024 16:00,109,59,50,337.5,109,232.0,85,61,20.6,7.9,980.6
3881,6/9/2024 17:00,17,4,13,44.4,17,60.1,41,65,19.0,9.8,981.3
3882,6/9/2024 18:00,0,0,0,0.0,0,0.0,62,70,17.7,9.2,981.5
3883,6/9/2024 19:00,0,0,0,0.0,0,0.0,95,74,16.8,8.7,982.0
3884,6/9/2024 20:00,0,0,0,0.0,0,0.0,66,78,16.0,7.1,982.5
3885,6/9/2024 21:00,0,0,0,0.0,0,0.0,25,82,15.2,6.9,983.0
3886,6/9/2024 22:00,0,0,0,0.0,0,0.0,0,88,14.1,5.9,983.1
3887,6/9/2024 23:00,0,0,0,0.0,0,0.0,0,91,13.6,5.6,983.4
3888,6/10/2024 0:00,0,0,0,0.0,0,0.0,0,92,13.1,5.6,983.6
3889,6/10/2024 1:00,24,9,15,97.5,24,65.8,1,94,13.9,7.4,984.4
3890,6/10/2024 2:00,118,70,48,389.6,118,238.4,1,90,15.6,5.9,985.0
3891,6/10/2024 3:00,251,182,69,570.5,251,423.4,76,84,17.6,4.7,985.5
3892,6/10/2024 4:00,395,305,90,665.6,395,608.1,90,77,19.6,7.1,985.9
3893,6/10/2024 5:00,532,419,113,712.8,532,780.1,30,65,21.1,8.4,986.1
3894,6/10/2024 6:00,652,537,115,768.2,652,927.6,19,55,22.3,8.4,986.3
3895,6/10/2024 7:00,742,619,123,789.4,742,1040.5,26,50,23.1,8.7,986.6
3896,6/10/2024 8:00,800,670,130,800.1,800,1111.2,20,45,23.9,8.5,986.9
3897,6/10/2024 9:00,825,690,135,806.8,825,1134.9,1,42,24.5,7.8,987.0
3898,6/10/2024 10:00,831,722,109,863.2,831,1109.9,0,41,25.0,7.5,987.1
3899,6/10/2024 11:00,767,663,104,847.6,767,1037.9,1,40,25.2,7.9,987.1
3900,6/10/2024 12:00,666,567,99,814.3,666,924.0,4,40,25.3,8.2,987.3
3901,6/10/2024 13:00,513,405,108,692.7,513,775.8,11,40,25.1,8.8,987.7
3902,6/10/2024 14:00,383,289,94,635.5,383,603.4,5,41,24.6,8.1,987.9
3903,6/10/2024 15:00,245,174,71,551.5,245,418.6,5,46,24.1,3.1,987.9
3904,6/10/2024 16:00,112,66,46,374.2,112,234.0,6,68,21.4,5.4,988.0
3905,6/10/2024 17:00,22,9,13,99.1,22,62.2,6,54,20.2,5.9,988.5
3906,6/10/2024 18:00,0,0,0,0.0,0,0.0,6,57,19.2,6.3,988.7
3907,6/10/2024 19:00,0,0,0,0.0,0,0.0,3,68,16.9,9.4,988.5
3908,6/10/2024 20:00,0,0,0,0.0,0,0.0,5,66,17.0,6.7,988.9
3909,6/10/2024 21:00,0,0,0,0.0,0,0.0,8,69,16.8,6.8,988.9
3910,6/10/2024 22:00,0,0,0,0.0,0,0.0,16,74,15.8,8.0,989.0
3911,6/10/2024 23:00,0,0,0,0.0,0,0.0,0,75,15.4,9.5,989.0
3912,6/11/2024 0:00,0,0,0,0.0,0,0.0,3,77,14.9,8.0,989.4
3913,6/11/2024 1:00,24,9,15,97.2,24,66.7,40,79,15.3,5.7,990.1
3914,6/11/2024 2:00,117,67,50,371.9,117,239.0,83,75,17.6,7.5,990.7
3915,6/11/2024 3:00,240,155,85,485.2,240,423.8,93,71,20.2,6.9,991.0
3916,6/11/2024 4:00,376,260,116,566.9,376,608.5,65,62,22.5,7.2,991.3
3917,6/11/2024 5:00,531,422,109,717.4,531,780.4,15,53,24.3,9.9,991.5
3918,6/11/2024 6:00,664,562,102,803.6,664,927.8,0,49,25.4,12.6,991.7
3919,6/11/2024 7:00,763,661,102,842.6,763,1040.8,34,45,26.3,12.2,991.9
3920,6/11/2024 8:00,713,558,155,666.0,713,1111.6,26,43,26.6,12.2,991.8
3921,6/11/2024 9:00,763,620,143,724.4,763,1135.4,22,41,27.1,11.8,991.6
3922,6/11/2024 10:00,710,575,135,686.8,710,1110.6,12,42,27.2,11.6,991.6
3923,6/11/2024 11:00,711,590,121,753.4,711,1038.9,8,41,27.5,10.8,991.5
3924,6/11/2024 12:00,629,521,108,747.1,629,925.2,6,42,27.5,10.3,991.2
3925,6/11/2024 13:00,474,371,103,633.3,474,777.2,14,40,27.9,10.2,991.1
3926,6/11/2024 14:00,363,276,87,605.2,363,605.0,5,42,27.2,9.5,991.0
3927,6/11/2024 15:00,239,170,69,536.5,239,420.4,5,49,26.1,8.3,990.8
3928,6/11/2024 16:00,114,67,47,376.8,114,235.9,3,55,24.2,9.4,990.8
3929,6/11/2024 17:00,23,9,14,98.3,23,64.1,2,58,22.6,10.0,990.9
3930,6/11/2024 18:00,0,0,0,0.0,0,0.0,1,63,21.3,8.8,990.9
3931,6/11/2024 19:00,0,0,0,0.0,0,0.0,0,67,19.9,7.0,990.9
3932,6/11/2024 20:00,0,0,0,0.0,0,0.0,0,68,19.2,7.1,991.0
3933,6/11/2024 21:00,0,0,0,0.0,0,0.0,0,65,19.2,8.8,991.3
3934,6/11/2024 22:00,0,0,0,0.0,0,0.0,0,65,18.9,9.3,991.4
3935,6/11/2024 23:00,0,0,0,0.0,0,0.0,0,69,18.2,8.7,991.3
3936,6/12/2024 0:00,0,0,0,0.0,0,0.0,0,71,17.5,9.2,991.3
3937,6/12/2024 1:00,25,10,15,107.7,25,67.4,0,72,17.5,9.4,991.9
3938,6/12/2024 2:00,121,74,47,409.8,121,239.5,0,68,19.1,9.0,992.2
3939,6/12/2024 3:00,255,188,67,587.9,255,424.2,0,65,21.4,8.9,992.6
3940,6/12/2024 4:00,403,322,81,701.7,403,608.7,0,60,23.2,9.3,992.7
3941,6/12/2024 5:00,546,456,90,774.9,546,780.5,0,54,25.0,9.5,992.7
3942,6/12/2024 6:00,672,575,97,821.9,672,928.0,10,47,26.8,10.4,992.9
3943,6/12/2024 7:00,767,662,105,843.5,767,1041.0,62,41,28.1,12.7,993.0
3944,6/12/2024 8:00,821,697,124,831.4,821,1112.0,48,36,29.0,13.1,992.9
3945,6/12/2024 9:00,800,671,129,783.5,800,1135.9,39,36,29.3,12.1,992.5
3946,6/12/2024 10:00,809,679,130,810.4,809,1111.3,46,36,29.6,11.3,992.1
3947,6/12/2024 11:00,749,628,121,801.1,749,1039.8,49,35,29.6,10.7,991.7
3948,6/12/2024 12:00,649,508,141,727.4,649,926.3,90,36,29.5,10.9,991.2
3949,6/12/2024 13:00,413,191,222,325.4,413,778.5,6,34,29.2,10.9,991.3
3950,6/12/2024 14:00,395,313,82,684.5,395,606.5,3,36,28.5,11.9,991.1
3951,6/12/2024 15:00,248,178,70,559.4,248,422.0,7,51,27.5,4.4,990.7
3952,6/12/2024 16:00,117,70,47,390.8,117,237.6,0,59,25.1,6.4,991.0
3953,6/12/2024 17:00,24,9,15,97.6,24,65.8,1,53,23.1,8.3,991.1
3954,6/12/2024 18:00,0,0,0,0.0,0,0.0,0,52,22.1,8.9,991.0
3955,6/12/2024 19:00,0,0,0,0.0,0,0.0,18,49,21.6,8.4,990.9
3956,6/12/2024 20:00,0,0,0,0.0,0,0.0,22,50,21.5,11.4,990.8
3957,6/12/2024 21:00,0,0,0,0.0,0,0.0,66,56,20.7,11.5,990.8
3958,6/12/2024 22:00,0,0,0,0.0,0,0.0,100,56,20.3,12.3,990.7
3959,6/12/2024 23:00,0,0,0,0.0,0,0.0,100,54,20.2,13.0,990.7
3960,6/13/2024 0:00,0,0,0,0.0,0,0.0,100,54,20.0,13.4,990.6
3961,6/13/2024 1:00,24,6,18,64.5,24,67.9,99,62,20.0,14.0,990.6
3962,6/13/2024 2:00,101,32,69,176.9,101,239.9,100,61,21.0,13.7,991.0
3963,6/13/2024 3:00,221,116,105,362.5,221,424.4,70,60,22.4,12.9,991.1
3964,6/13/2024 4:00,388,294,94,640.4,388,608.8,30,55,24.2,13.0,991.3
3965,6/13/2024 5:00,532,431,101,732.2,532,780.6,47,50,26.1,12.9,991.2
3966,6/13/2024 6:00,656,545,111,778.7,656,928.1,78,45,27.8,13.5,991.2
3967,6/13/2024 7:00,703,529,174,673.8,703,1041.2,53,41,29.1,13.0,991.1
3968,6/13/2024 8:00,772,598,174,713.0,772,1112.2,100,33,30.3,13.4,991.0
3969,6/13/2024 9:00,688,412,276,480.8,688,1136.4,100,33,30.1,13.8,990.8
3970,6/13/2024 10:00,556,315,241,375.7,556,1111.9,92,35,29.6,11.3,990.4
3971,6/13/2024 11:00,639,405,234,516.1,639,1040.6,100,34,30.2,11.4,990.0
3972,6/13/2024 12:00,578,407,171,582.0,578,927.3,100,34,30.4,12.6,989.5
3973,6/13/2024 13:00,481,356,125,605.4,481,779.7,34,32,30.1,13.4,989.6
3974,6/13/2024 14:00,364,265,99,578.1,364,607.9,20,33,29.6,10.0,989.1
3975,6/13/2024 15:00,245,172,73,538.5,245,423.5,0,42,28.1,6.4,988.9
3976,6/13/2024 16:00,119,72,47,399.1,119,239.2,0,48,25.8,6.7,988.6
3977,6/13/2024 17:00,25,10,15,107.7,25,67.5,0,45,24.2,8.1,988.5
3978,6/13/2024 18:00,0,0,0,0.0,0,0.0,11,45,23.5,9.8,988.1
3979,6/13/2024 19:00,0,0,0,0.0,0,0.0,20,48,22.5,12.4,988.1
3980,6/13/2024 20:00,0,0,0,0.0,0,0.0,33,50,21.6,10.9,988.1
3981,6/13/2024 21:00,0,0,0,0.0,0,0.0,28,51,21.3,12.0,987.9
3982,6/13/2024 22:00,0,0,0,0.0,0,0.0,64,52,20.9,12.4,987.5
3983,6/13/2024 23:00,0,0,0,0.0,0,0.0,2,55,20.1,12.6,987.4
3984,6/14/2024 0:00,0,0,0,0.0,0,0.0,5,57,19.5,11.3,987.4
3985,6/14/2024 1:00,24,9,15,96.6,24,68.3,28,60,19.8,11.8,987.8
3986,6/14/2024 2:00,114,61,53,336.8,114,240.1,36,59,20.9,12.1,987.6
3987,6/14/2024 3:00,253,184,69,574.7,253,424.5,61,59,22.6,11.6,987.4
3988,6/14/2024 4:00,399,316,83,688.2,399,608.8,18,53,25.0,11.0,987.5
3989,6/14/2024 5:00,538,443,95,752.4,538,780.6,36,47,26.8,12.6,987.4
3990,6/14/2024 6:00,660,554,106,791.4,660,928.1,71,45,28.2,13.1,987.4
3991,6/14/2024 7:00,756,646,110,822.6,756,1041.3,100,40,29.6,14.6,987.2
3992,6/14/2024 8:00,744,518,226,617.4,744,1112.4,100,36,30.4,20.6,986.8
3993,6/14/2024 9:00,702,474,228,552.9,702,1136.7,87,33,30.5,21.3,986.5
3994,6/14/2024 10:00,734,577,157,687.7,734,1112.5,29,30,31.0,20.5,986.2
3995,6/14/2024 11:00,723,605,118,770.2,723,1041.4,51,29,31.2,20.3,985.9
3996,6/14/2024 12:00,664,564,100,805.5,664,928.3,60,29,31.1,19.8,985.6
3997,6/14/2024 13:00,473,336,137,570.5,473,780.8,51,28,31.2,16.3,985.7
3998,6/14/2024 14:00,345,247,98,537.6,345,609.2,14,30,30.5,13.7,985.4
3999,6/14/2024 15:00,231,160,71,499.2,231,424.9,23,36,29.0,8.7,985.1
4000,6/14/2024 16:00,108,60,48,330.5,108,240.7,25,53,26.5,6.5,985.0
4001,6/14/2024 17:00,22,8,14,85.6,22,69.0,9,51,24.4,6.4,985.0
4002,6/14/2024 18:00,0,0,0,0.0,0,0.0,9,53,23.4,7.9,984.9
4003,6/14/2024 19:00,0,0,0,0.0,0,0.0,24,56,22.6,9.0,984.9
4004,6/14/2024 20:00,0,0,0,0.0,0,0.0,17,61,21.6,8.4,984.8
4005,6/14/2024 21:00,0,0,0,0.0,0,0.0,85,63,20.9,7.7,984.6
4006,6/14/2024 22:00,0,0,0,0.0,0,0.0,52,60,21.5,7.9,984.5
4007,6/14/2024 23:00,0,0,0,0.0,0,0.0,47,60,21.1,8.2,984.2
4008,6/15/2024 0:00,0,0,0,0.0,0,0.0,21,61,20.5,8.4,984.2
4009,6/15/2024 1:00,24,9,15,96.5,24,68.6,39,67,19.9,9.2,984.1
4010,6/15/2024 2:00,98,48,50,264.8,98,240.3,14,66,21.1,8.3,984.5
4011,6/15/2024 3:00,225,145,80,452.8,225,424.5,63,64,23.0,7.9,984.4
4012,6/15/2024 4:00,310,164,146,357.1,310,608.8,13,58,25.2,8.2,984.5
4013,6/15/2024 5:00,532,438,94,743.9,532,780.5,12,49,28.0,6.5,984.6
4014,6/15/2024 6:00,654,551,103,787.1,654,928.0,11,41,29.8,7.1,984.7
4015,6/15/2024 7:00,752,645,107,821.1,752,1041.3,34,38,30.5,10.2,984.5
4016,6/15/2024 8:00,781,647,134,770.9,781,1112.5,90,44,29.2,11.3,984.5
4017,6/15/2024 9:00,647,421,226,490.8,647,1137.0,57,43,29.7,6.2,984.4
4018,6/15/2024 10:00,727,530,197,631.3,727,1112.9,95,53,27.4,12.7,985.3
4019,6/15/2024 11:00,307,66,241,84.0,307,1042.0,57,59,25.8,6.6,985.3
4020,6/15/2024 12:00,605,467,138,666.3,605,929.1,93,51,27.8,4.2,985.8
4021,6/15/2024 13:00,397,158,239,267.9,397,781.9,99,39,29.5,3.3,985.5
4022,6/15/2024 14:00,301,114,187,247.6,301,610.4,23,41,29.3,4.5,985.3
4023,6/15/2024 15:00,241,168,73,522.4,241,426.2,26,49,28.5,3.6,985.1
4024,6/15/2024 16:00,116,68,48,372.4,116,242.1,8,65,26.2,6.1,984.9
4025,6/15/2024 17:00,25,10,15,106.4,25,70.4,14,56,25.5,6.8,985.1
4026,6/15/2024 18:00,0,0,0,0.0,0,0.0,70,66,23.1,8.0,984.9
4027,6/15/2024 19:00,0,0,0,0.0,0,0.0,27,73,21.4,8.7,985.1
4028,6/15/2024 20:00,0,0,0,0.0,0,0.0,2,78,20.5,8.5,985.2
4029,6/15/2024 21:00,0,0,0,0.0,0,0.0,0,82,19.8,7.9,985.3
4030,6/15/2024 22:00,0,0,0,0.0,0,0.0,12,84,19.3,7.7,985.6
4031,6/15/2024 23:00,0,0,0,0.0,0,0.0,28,88,18.5,8.4,985.7
4032,6/16/2024 0:00,0,0,0,0.0,0,0.0,0,88,18.3,6.2,985.9
4033,6/16/2024 1:00,19,5,14,53.6,19,68.8,87,82,19.9,3.4,986.9
4034,6/16/2024 2:00,80,27,53,148.9,80,240.3,34,77,21.2,9.2,986.9
4035,6/16/2024 3:00,217,132,85,412.2,217,424.4,33,69,24.0,9.3,987.0
4036,6/16/2024 4:00,381,289,92,629.4,381,608.6,22,57,26.5,10.6,986.9
4037,6/16/2024 5:00,508,387,121,657.3,508,780.3,24,51,28.2,9.0,987.4
4038,6/16/2024 6:00,619,475,144,678.5,619,927.9,11,47,29.5,7.8,987.5
4039,6/16/2024 7:00,746,631,115,803.2,746,1041.2,34,44,30.2,5.4,987.5
4040,6/16/2024 8:00,743,584,159,695.7,743,1112.6,53,43,30.5,5.9,987.3
4041,6/16/2024 9:00,678,444,234,517.5,678,1137.2,80,49,29.0,5.8,987.2
4042,6/16/2024 10:00,538,310,228,369.0,538,1113.3,75,48,29.4,6.6,987.2
4043,6/16/2024 11:00,566,311,255,395.3,566,1042.6,100,52,28.5,8.1,987.4
4044,6/16/2024 12:00,447,183,264,260.8,447,929.9,100,49,29.0,5.6,987.3
4045,6/16/2024 13:00,404,183,221,309.8,404,782.8,91,38,30.9,4.3,987.3
4046,6/16/2024 14:00,332,197,135,427.0,332,611.4,92,39,30.8,3.3,987.0
4047,6/16/2024 15:00,245,171,74,530.2,245,427.4,97,49,29.8,3.4,986.9
4048,6/16/2024 16:00,115,62,53,337.7,115,243.3,94,59,27.1,5.1,986.7
4049,6/16/2024 17:00,25,6,19,63.5,25,71.6,94,56,25.2,6.6,987.0
4050,6/16/2024 18:00,0,0,0,0.0,0,0.0,42,56,24.4,8.0,987.2
4051,6/16/2024 19:00,0,0,0,0.0,0,0.0,0,61,23.0,8.9,987.2
4052,6/16/2024 20:00,0,0,0,0.0,0,0.0,4,63,22.4,10.3,987.1
4053,6/16/2024 21:00,0,0,0,0.0,0,0.0,1,62,22.3,10.2,987.2
4054,6/16/2024 22:00,0,0,0,0.0,0,0.0,0,63,21.7,9.4,987.2
4055,6/16/2024 23:00,0,0,0,0.0,0,0.0,0,67,20.9,9.8,987.3
4056,6/17/2024 0:00,0,0,0,0.0,0,0.0,0,70,20.3,9.8,987.4
4057,6/17/2024 1:00,25,10,15,107.2,25,68.8,0,79,20.5,10.4,987.7
4058,6/17/2024 2:00,117,70,47,386.3,117,240.2,2,78,21.9,10.2,988.1
4059,6/17/2024 3:00,245,176,69,549.8,245,424.2,21,73,23.8,6.9,988.6
4060,6/17/2024 4:00,349,249,100,542.4,349,608.3,24,65,25.9,8.5,988.9
4061,6/17/2024 5:00,495,371,124,630.3,495,780.0,31,56,27.8,10.7,988.8
4062,6/17/2024 6:00,620,468,152,668.6,620,927.6,22,51,29.2,10.8,989.0
4063,6/17/2024 7:00,736,623,113,793.0,736,1041.0,8,46,30.5,7.9,988.9
4064,6/17/2024 8:00,808,692,116,824.2,808,1112.6,2,41,31.5,5.0,988.7
4065,6/17/2024 9:00,835,729,106,849.4,835,1137.3,48,40,31.5,7.4,988.5
4066,6/17/2024 10:00,543,298,245,354.6,543,1113.6,91,49,29.2,4.3,988.8
4067,6/17/2024 11:00,548,269,279,341.7,548,1043.1,88,49,29.5,7.4,988.7
4068,6/17/2024 12:00,464,224,240,319.0,464,930.6,91,48,29.9,7.6,988.7
4069,6/17/2024 13:00,468,283,185,478.5,468,783.7,100,46,29.9,8.5,989.2
4070,6/17/2024 14:00,314,144,170,311.6,314,612.4,100,56,28.2,15.8,988.7
4071,6/17/2024 15:00,221,110,111,340.2,221,428.5,100,62,27.1,14.2,988.6
4072,6/17/2024 16:00,108,46,62,249.4,108,244.4,100,67,26.0,10.2,988.7
4073,6/17/2024 17:00,23,4,19,42.2,23,72.7,100,71,24.5,10.2,989.0
4074,6/17/2024 18:00,0,0,0,0.0,0,0.0,100,74,23.6,12.6,988.9
4075,6/17/2024 19:00,0,0,0,0.0,0,0.0,99,78,22.9,13.6,988.7
4076,6/17/2024 20:00,0,0,0,0.0,0,0.0,32,80,22.6,13.8,988.7
4077,6/17/2024 21:00,0,0,0,0.0,0,0.0,1,82,22.4,13.7,988.9
4078,6/17/2024 22:00,0,0,0,0.0,0,0.0,0,83,22.0,14.0,988.6
4079,6/17/2024 23:00,0,0,0,0.0,0,0.0,8,84,21.5,13.0,988.5
4080,6/18/2024 0:00,0,0,0,0.0,0,0.0,6,85,21.1,12.6,988.6
4081,6/18/2024 1:00,22,8,14,85.8,22,68.7,3,92,20.4,13.9,989.0
4082,6/18/2024 2:00,114,66,48,364.5,114,239.9,3,86,21.4,12.6,989.0
4083,6/18/2024 3:00,243,173,70,540.8,243,423.8,3,75,22.9,13.7,988.9
4084,6/18/2024 4:00,387,304,83,662.5,387,607.9,44,66,25.0,11.9,988.9
4085,6/18/2024 5:00,504,384,120,652.6,504,779.7,96,59,27.0,11.8,988.8
4086,6/18/2024 6:00,580,357,223,510.1,580,927.3,41,55,28.8,11.4,988.9
4087,6/18/2024 7:00,729,592,137,753.6,729,1040.8,0,47,30.6,10.9,988.5
4088,6/18/2024 8:00,808,701,107,834.8,808,1112.5,11,39,32.1,11.9,988.0
4089,6/18/2024 9:00,802,677,125,788.6,802,1137.4,43,47,30.0,12.9,987.8
4090,6/18/2024 10:00,667,480,187,570.9,667,1113.9,52,41,30.9,8.4,987.4
4091,6/18/2024 11:00,613,429,184,544.7,613,1043.5,97,40,31.1,7.9,987.2
4092,6/18/2024 12:00,310,73,237,103.9,310,931.2,100,53,27.9,4.7,986.8
4093,6/18/2024 13:00,371,154,217,260.1,371,784.4,85,56,28.0,5.0,987.0
4094,6/18/2024 14:00,378,272,106,587.6,378,613.3,25,49,29.2,7.7,986.9
4095,6/18/2024 15:00,235,158,77,487.5,235,429.4,24,54,28.2,10.5,986.2
4096,6/18/2024 16:00,113,64,49,345.6,113,245.3,100,62,26.4,12.1,985.8
4097,6/18/2024 17:00,21,2,19,21.0,21,73.6,100,67,25.1,11.9,985.5
4098,6/18/2024 18:00,0,0,0,0.0,0,0.0,95,68,24.3,10.0,985.1
4099,6/18/2024 19:00,0,0,0,0.0,0,0.0,42,68,23.9,9.3,984.7
4100,6/18/2024 20:00,0,0,0,0.0,0,0.0,7,71,23.0,9.1,984.6
4101,6/18/2024 21:00,0,0,0,0.0,0,0.0,52,72,22.5,8.8,984.1
4102,6/18/2024 22:00,0,0,0,0.0,0,0.0,0,74,21.9,8.4,983.5
4103,6/18/2024 23:00,0,0,0,0.0,0,0.0,17,77,21.0,7.1,983.0
4104,6/19/2024 0:00,0,0,0,0.0,0,0.0,2,80,20.2,6.3,982.6
4105,6/19/2024 1:00,24,9,15,96.6,24,68.5,97,80,20.7,10.5,982.3
4106,6/19/2024 2:00,104,43,61,237.8,104,239.6,81,79,21.8,10.9,982.3
4107,6/19/2024 3:00,222,140,82,438.0,222,423.4,98,74,23.4,9.3,982.3
4108,6/19/2024 4:00,292,129,163,281.3,292,607.5,95,68,24.6,12.8,982.4
4109,6/19/2024 5:00,363,144,219,244.8,363,779.2,99,68,24.2,11.8,981.8
4110,6/19/2024 6:00,583,381,202,544.5,583,926.9,100,58,26.4,10.9,981.2
4111,6/19/2024 7:00,678,430,248,547.4,678,1040.5,37,50,27.9,15.8,980.9
4112,6/19/2024 8:00,745,582,163,693.1,745,1112.3,20,52,27.3,15.5,980.4
4113,6/19/2024 9:00,790,654,136,761.7,790,1137.4,67,52,27.9,18.6,979.8
4114,6/19/2024 10:00,748,549,199,652.8,748,1114.0,26,47,28.6,19.5,979.5
4115,6/19/2024 11:00,692,546,146,692.9,692,1043.9,27,44,28.9,18.5,979.1
4116,6/19/2024 12:00,592,458,134,651.2,592,931.6,76,39,28.3,24.0,979.2
4117,6/19/2024 13:00,423,288,135,486.0,423,785.0,52,49,25.9,24.1,979.4
4118,6/19/2024 14:00,322,207,115,446.6,322,614.0,65,57,24.7,21.3,979.3
4119,6/19/2024 15:00,214,127,87,391.1,214,430.2,100,71,22.5,20.5,979.4
4120,6/19/2024 16:00,63,2,61,10.8,63,246.1,99,80,20.6,19.8,979.7
4121,6/19/2024 17:00,17,0,17,0.0,17,74.4,100,87,19.2,16.6,979.8
4122,6/19/2024 18:00,0,0,0,0.0,0,0.0,100,89,19.0,16.3,980.0
4123,6/19/2024 19:00,0,0,0,0.0,0,0.0,38,90,18.6,16.8,980.3
4124,6/19/2024 20:00,0,0,0,0.0,0,0.0,54,89,18.2,17.3,980.3
4125,6/19/2024 21:00,0,0,0,0.0,0,0.0,38,90,18.0,16.5,980.0
4126,6/19/2024 22:00,0,0,0,0.0,0,0.0,100,90,17.8,16.7,979.8
4127,6/19/2024 23:00,0,0,0,0.0,0,0.0,8,89,17.5,16.3,979.8
4128,6/20/2024 0:00,0,0,0,0.0,0,0.0,3,88,17.1,14.6,980.1
4129,6/20/2024 1:00,24,9,15,96.8,24,68.1,5,87,17.0,14.2,979.7
4130,6/20/2024 2:00,115,65,50,360.1,115,239.1,23,79,18.2,20.3,980.2
4131,6/20/2024 3:00,231,149,82,466.7,231,422.9,2,75,19.0,17.7,980.2
4132,6/20/2024 4:00,396,309,87,674.4,396,606.9,9,69,20.2,19.2,980.0
4133,6/20/2024 5:00,525,421,104,716.1,525,778.7,30,63,21.4,20.8,980.0
4134,6/20/2024 6:00,590,435,155,621.9,590,926.4,19,58,22.2,21.0,979.6
4135,6/20/2024 7:00,696,559,137,711.8,696,1040.2,16,52,23.4,21.5,979.6
4136,6/20/2024 8:00,783,641,142,763.4,783,1112.1,23,46,24.5,21.6,979.7
4137,6/20/2024 9:00,782,616,166,717.4,782,1137.3,11,42,25.1,20.8,979.6
4138,6/20/2024 10:00,794,665,129,790.6,794,1114.1,30,39,25.6,20.6,979.3
4139,6/20/2024 11:00,717,561,156,711.6,717,1044.1,2,38,25.6,21.1,979.0
4140,6/20/2024 12:00,676,576,100,818.5,676,932.0,0,36,25.7,19.8,978.7
4141,6/20/2024 13:00,554,464,90,782.3,554,785.5,7,39,25.1,19.6,978.6
4142,6/20/2024 14:00,406,320,86,689.6,406,614.6,2,37,25.2,14.9,978.1
4143,6/20/2024 15:00,260,191,69,587.2,260,430.8,14,39,24.8,10.3,977.6
4144,6/20/2024 16:00,122,72,50,386.4,122,246.8,14,50,22.6,6.3,977.3
4145,6/20/2024 17:00,27,11,16,114.9,27,75.0,23,50,21.1,8.6,977.4
4146,6/20/2024 18:00,0,0,0,0.0,0,0.0,2,54,19.8,6.8,977.2
4147,6/20/2024 19:00,0,0,0,0.0,0,0.0,26,58,18.6,6.6,977.0
4148,6/20/2024 20:00,0,0,0,0.0,0,0.0,8,61,18.3,6.9,976.6
4149,6/20/2024 21:00,0,0,0,0.0,0,0.0,2,65,17.7,6.6,976.2
4150,6/20/2024 22:00,0,0,0,0.0,0,0.0,1,71,16.8,6.6,975.8
4151,6/20/2024 23:00,0,0,0,0.0,0,0.0,1,71,16.6,6.3,975.7
4152,6/21/2024 0:00,0,0,0,0.0,0,0.0,65,70,16.6,7.4,975.4
4153,6/21/2024 1:00,24,9,15,97.0,24,67.6,97,69,17.0,9.8,975.0
4154,6/21/2024 2:00,115,66,49,366.4,115,238.5,56,68,18.4,10.6,975.0
4155,6/21/2024 3:00,247,178,69,558.3,247,422.3,39,62,20.2,10.2,975.0
4156,6/21/2024 4:00,390,306,84,668.4,390,606.3,48,56,22.0,10.7,974.6
4157,6/21/2024 5:00,529,431,98,733.6,529,778.1,99,53,23.9,11.0,974.5
4158,6/21/2024 6:00,651,538,113,769.5,651,925.9,86,50,25.6,11.5,974.4
4159,6/21/2024 7:00,750,635,115,808.8,750,1039.7,100,46,27.0,12.2,974.3
4160,6/21/2024 8:00,783,657,126,782.6,783,1111.8,22,42,28.0,12.7,974.2
4161,6/21/2024 9:00,773,636,137,740.7,773,1137.2,18,41,28.6,13.3,974.0
4162,6/21/2024 10:00,778,649,129,771.4,778,1114.1,11,40,29.0,13.2,973.5
4163,6/21/2024 11:00,667,541,126,686.1,667,1044.3,11,40,29.0,13.0,973.1
4164,6/21/2024 12:00,606,488,118,693.2,606,932.3,31,39,28.8,12.6,972.8
4165,6/21/2024 13:00,314,191,123,321.8,314,785.9,80,43,28.0,10.4,972.5
4166,6/21/2024 14:00,376,277,99,596.4,376,615.1,61,44,27.5,12.4,972.8
4167,6/21/2024 15:00,237,167,70,512.7,237,431.3,92,54,25.2,15.1,973.2
4168,6/21/2024 16:00,71,29,42,155.3,71,247.3,82,63,23.8,5.5,972.8
4169,6/21/2024 17:00,23,8,15,83.4,23,75.5,23,61,23.9,5.1,972.9
4170,6/21/2024 18:00,0,0,0,0.0,0,0.0,10,73,21.4,4.3,972.5
4171,6/21/2024 19:00,0,0,0,0.0,0,0.0,12,76,20.5,11.1,972.1
4172,6/21/2024 20:00,0,0,0,0.0,0,0.0,10,80,19.9,10.2,971.8
4173,6/21/2024 21:00,0,0,0,0.0,0,0.0,31,84,19.0,9.7,972.0
4174,6/21/2024 22:00,0,0,0,0.0,0,0.0,5,86,18.4,10.5,971.7
4175,6/21/2024 23:00,0,0,0,0.0,0,0.0,7,87,18.0,9.3,971.3
4176,6/22/2024 0:00,0,0,0,0.0,0,0.0,22,89,17.6,7.9,971.4
4177,6/22/2024 1:00,22,7,15,75.6,22,67.0,88,90,17.9,9.7,971.8
4178,6/22/2024 2:00,73,19,54,105.8,73,237.8,77,89,18.4,13.4,972.9
4179,6/22/2024 3:00,129,51,78,160.2,129,421.5,73,88,18.6,11.2,973.1
4180,6/22/2024 4:00,258,141,117,308.3,258,605.5,100,81,20.2,10.8,972.0
4181,6/22/2024 5:00,182,45,137,76.7,182,777.3,77,79,20.5,8.3,972.4
4182,6/22/2024 6:00,481,269,212,385.0,481,925.3,75,74,22.2,7.1,972.1
4183,6/22/2024 7:00,672,504,168,642.2,672,1039.2,90,65,23.8,4.3,972.2
4184,6/22/2024 8:00,603,383,220,456.3,603,1111.4,89,61,24.5,6.3,971.6
4185,6/22/2024 9:00,666,416,250,484.5,666,1136.9,58,61,24.7,4.3,971.7
4186,6/22/2024 10:00,653,417,236,495.6,653,1114.1,61,58,25.8,6.5,971.2
4187,6/22/2024 11:00,535,309,226,391.8,535,1044.3,99,74,22.2,14.4,971.4
4188,6/22/2024 12:00,226,35,191,49.7,226,932.5,100,88,19.1,20.8,971.8
4189,6/22/2024 13:00,113,3,110,5.1,113,786.2,100,85,19.9,12.3,972.3
4190,6/22/2024 14:00,121,13,108,28.0,121,615.4,100,87,19.6,14.9,972.8
4191,6/22/2024 15:00,88,5,83,15.3,88,431.8,31,89,18.8,11.3,971.9
4192,6/22/2024 16:00,91,39,52,208.5,91,247.7,70,91,18.2,9.4,972.1
4193,6/22/2024 17:00,21,6,15,62.4,21,75.8,13,93,17.5,13.0,971.4
4194,6/22/2024 18:00,0,0,0,0.0,0,0.0,74,96,16.3,15.7,971.1
4195,6/22/2024 19:00,0,0,0,0.0,0,0.0,43,94,16.1,14.5,970.9
4196,6/22/2024 20:00,0,0,0,0.0,0,0.0,32,96,15.5,10.0,970.5
4197,6/22/2024 21:00,0,0,0,0.0,0,0.0,100,97,15.6,11.8,970.4
4198,6/22/2024 22:00,0,0,0,0.0,0,0.0,100,95,16.1,13.1,969.9
4199,6/22/2024 23:00,0,0,0,0.0,0,0.0,100,96,16.0,10.3,969.7
4200,6/23/2024 0:00,0,0,0,0.0,0,0.0,100,96,16.1,9.1,969.5
4201,6/23/2024 1:00,7,1,6,10.8,7,66.2,99,97,15.8,10.9,969.5
4202,6/23/2024 2:00,41,2,39,11.2,41,237.0,100,94,16.2,12.4,969.4
4203,6/23/2024 3:00,97,2,95,6.3,97,420.6,100,89,17.0,10.5,969.4
4204,6/23/2024 4:00,166,20,146,43.8,166,604.6,100,83,17.4,11.2,969.1
4205,6/23/2024 5:00,126,6,120,10.2,126,776.5,100,85,17.0,11.0,969.2
4206,6/23/2024 6:00,138,3,135,4.3,138,924.5,99,91,16.1,14.4,969.0
4207,6/23/2024 7:00,219,24,195,30.6,219,1038.6,100,89,16.5,14.6,969.1
4208,6/23/2024 8:00,198,6,192,7.2,198,1110.9,100,86,16.8,17.1,968.8
4209,6/23/2024 9:00,257,25,232,29.1,257,1136.6,100,81,17.1,19.8,968.9
4210,6/23/2024 10:00,372,39,333,46.4,372,1113.9,100,76,18.0,21.1,968.6
4211,6/23/2024 11:00,475,143,332,181.3,475,1044.3,100,70,18.8,20.1,968.9
4212,6/23/2024 12:00,269,40,229,56.8,269,932.7,100,74,17.8,22.3,968.8
4213,6/23/2024 13:00,230,19,211,32.0,230,786.5,90,75,17.5,20.8,968.0
4214,6/23/2024 14:00,223,66,157,141.9,223,615.7,100,76,17.3,24.3,968.1
4215,6/23/2024 15:00,101,5,96,15.3,101,432.1,100,82,16.5,24.3,968.0
4216,6/23/2024 16:00,29,0,29,0.0,29,248.0,100,88,16.0,17.0,968.2
4217,6/23/2024 17:00,8,0,8,0.0,8,76.0,100,91,15.8,19.1,968.2
4218,6/23/2024 18:00,0,0,0,0.0,0,0.0,100,92,15.5,20.2,968.2
4219,6/23/2024 19:00,0,0,0,0.0,0,0.0,100,89,15.3,23.0,968.1
4220,6/23/2024 20:00,0,0,0,0.0,0,0.0,100,86,14.8,24.7,968.0
4221,6/23/2024 21:00,0,0,0,0.0,0,0.0,100,82,14.4,24.0,967.9
4222,6/23/2024 22:00,0,0,0,0.0,0,0.0,100,79,14.6,24.6,967.9
4223,6/23/2024 23:00,0,0,0,0.0,0,0.0,100,80,14.3,24.8,968.3
4224,6/24/2024 0:00,0,0,0,0.0,0,0.0,100,82,14.0,25.1,968.4
4225,6/24/2024 1:00,6,0,6,0.0,6,65.3,100,91,13.6,23.7,967.8
4226,6/24/2024 2:00,25,0,25,0.0,25,236.0,100,90,13.7,24.6,968.0
4227,6/24/2024 3:00,78,3,75,9.5,78,419.6,78,88,13.8,22.7,968.0
4228,6/24/2024 4:00,310,131,179,287.3,310,603.6,97,80,14.8,25.0,968.2
4229,6/24/2024 5:00,450,236,214,402.8,450,775.6,100,72,15.6,27.2,968.4
4230,6/24/2024 6:00,443,175,268,250.8,443,923.7,96,67,16.6,29.5,968.5
4231,6/24/2024 7:00,596,286,310,364.8,596,1037.9,100,63,17.9,28.3,969.0
4232,6/24/2024 8:00,544,189,355,225.3,544,1110.4,100,63,17.9,29.6,969.6
4233,6/24/2024 9:00,522,140,382,163.1,522,1136.2,96,62,18.0,30.6,970.0
4234,6/24/2024 10:00,468,176,292,209.2,468,1113.7,100,64,17.4,29.3,970.5
4235,6/24/2024 11:00,371,83,288,105.2,371,1044.3,98,64,17.1,27.3,971.1
4236,6/24/2024 12:00,284,46,238,65.3,284,932.7,91,58,17.5,28.3,971.4
4237,6/24/2024 13:00,169,20,149,33.7,169,786.6,100,66,16.2,21.2,972.3
4238,6/24/2024 14:00,171,28,143,60.2,171,615.9,100,62,16.7,20.5,972.5
4239,6/24/2024 15:00,89,3,86,9.2,89,432.3,100,62,16.5,18.8,972.6
4240,6/24/2024 16:00,32,1,31,5.3,32,248.1,100,62,16.0,19.0,972.8
4241,6/24/2024 17:00,8,2,6,20.8,8,76.1,0,63,15.5,17.4,973.0
4242,6/24/2024 18:00,0,0,0,0.0,0,0.0,2,68,14.0,15.9,973.0
4243,6/24/2024 19:00,0,0,0,0.0,0,0.0,4,73,12.9,15.4,972.9
4244,6/24/2024 20:00,0,0,0,0.0,0,0.0,5,76,12.2,15.1,973.1
4245,6/24/2024 21:00,0,0,0,0.0,0,0.0,11,78,11.4,13.7,973.2
4246,6/24/2024 22:00,0,0,0,0.0,0,0.0,2,79,10.9,13.3,973.3
4247,6/24/2024 23:00,0,0,0,0.0,0,0.0,4,81,10.2,13.2,973.3
4248,6/25/2024 0:00,0,0,0,0.0,0,0.0,100,81,9.7,12.7,973.3
4249,6/25/2024 1:00,9,1,8,10.9,9,64.2,100,75,11.1,14.6,973.1
4250,6/25/2024 2:00,43,0,43,0.0,43,234.8,100,73,11.1,15.6,973.1
4251,6/25/2024 3:00,106,18,88,56.9,106,418.4,100,77,10.9,15.4,973.5
4252,6/25/2024 4:00,97,2,95,4.4,97,602.5,100,81,10.6,14.7,973.7
4253,6/25/2024 5:00,107,0,107,0.0,107,774.5,100,83,10.6,16.9,973.7
4254,6/25/2024 6:00,246,11,235,15.8,246,922.8,99,77,11.5,16.6,973.6
4255,6/25/2024 7:00,488,137,351,174.9,488,1037.1,100,67,13.2,16.1,973.8
4256,6/25/2024 8:00,411,76,335,90.7,411,1109.8,100,62,13.9,16.9,974.1
4257,6/25/2024 9:00,313,20,293,23.3,313,1135.8,100,61,14.1,17.9,974.4
4258,6/25/2024 10:00,176,0,176,0.0,176,1113.4,100,60,13.9,17.1,974.6
4259,6/25/2024 11:00,198,0,198,0.0,198,1044.1,100,59,14.1,16.5,974.9
4260,6/25/2024 12:00,192,2,190,2.8,192,932.7,100,58,14.1,16.5,975.0
4261,6/25/2024 13:00,214,9,205,15.1,214,786.6,100,58,14.9,15.6,974.7
4262,6/25/2024 14:00,141,4,137,8.6,141,616.0,100,59,14.7,13.3,974.8
4263,6/25/2024 15:00,75,2,73,6.1,75,432.3,100,62,14.4,10.4,975.0
4264,6/25/2024 16:00,47,2,45,10.7,47,248.2,100,65,14.0,7.1,975.2
4265,6/25/2024 17:00,10,0,10,0.0,10,76.1,100,73,13.1,3.3,975.4
4266,6/25/2024 18:00,0,0,0,0.0,0,0.0,100,71,13.1,5.4,975.3
4267,6/25/2024 19:00,0,0,0,0.0,0,0.0,100,72,12.8,7.7,975.1
4268,6/25/2024 20:00,0,0,0,0.0,0,0.0,100,72,12.4,8.7,975.0
4269,6/25/2024 21:00,0,0,0,0.0,0,0.0,71,73,12.1,10.1,974.9
4270,6/25/2024 22:00,0,0,0,0.0,0,0.0,15,76,11.6,10.2,974.5
4271,6/25/2024 23:00,0,0,0,0.0,0,0.0,3,83,10.1,9.2,974.2
4272,6/26/2024 0:00,0,0,0,0.0,0,0.0,7,88,9.1,7.9,974.4
4273,6/26/2024 1:00,23,9,14,98.9,23,63.0,5,90,9.2,9.4,974.5
4274,6/26/2024 2:00,109,61,48,345.7,109,233.6,45,87,10.6,7.1,974.7
4275,6/26/2024 3:00,212,129,83,409.3,212,417.2,85,84,12.1,5.5,975.1
4276,6/26/2024 4:00,253,78,175,171.7,253,601.3,82,80,13.4,8.7,975.3
4277,6/26/2024 5:00,377,196,181,335.4,377,773.4,100,77,14.4,7.9,975.3
4278,6/26/2024 6:00,182,0,182,0.0,182,921.7,95,76,14.1,6.2,975.2
4279,6/26/2024 7:00,319,51,268,65.1,319,1036.2,100,82,13.6,13.6,975.3
4280,6/26/2024 8:00,308,74,234,88.3,308,1109.1,71,81,14.6,12.2,975.6
4281,6/26/2024 9:00,499,183,316,213.4,499,1135.2,76,69,16.1,10.7,975.7
4282,6/26/2024 10:00,524,233,291,277.1,524,1113.0,99,70,15.3,12.0,976.4
4283,6/26/2024 11:00,304,112,192,142.0,304,1043.9,90,70,15.7,9.0,976.5
4284,6/26/2024 12:00,460,225,235,319.3,460,932.6,97,66,16.8,10.8,976.4
4285,6/26/2024 13:00,305,107,198,180.0,305,786.6,93,66,16.8,9.4,976.6
4286,6/26/2024 14:00,200,57,143,122.5,200,616.0,82,68,16.0,10.0,976.9
4287,6/26/2024 15:00,111,23,88,70.4,111,432.3,67,73,15.2,6.2,977.3
4288,6/26/2024 16:00,77,26,51,138.7,77,248.1,31,84,14.8,2.5,977.6
4289,6/26/2024 17:00,25,9,16,93.5,25,75.9,16,75,14.8,2.3,977.7
4290,6/26/2024 18:00,0,0,0,0.0,0,0.0,43,88,11.6,5.6,977.4
4291,6/26/2024 19:00,0,0,0,0.0,0,0.0,46,93,10.5,8.1,977.2
4292,6/26/2024 20:00,0,0,0,0.0,0,0.0,6,93,9.9,7.9,977.0
4293,6/26/2024 21:00,0,0,0,0.0,0,0.0,4,92,9.9,6.6,976.8
4294,6/26/2024 22:00,0,0,0,0.0,0,0.0,1,90,9.9,6.9,977.0
4295,6/26/2024 23:00,0,0,0,0.0,0,0.0,0,92,9.4,6.8,976.9
4296,6/27/2024 0:00,0,0,0,0.0,0,0.0,2,93,8.2,10.1,976.7
4297,6/27/2024 1:00,21,8,13,88.4,21,61.6,51,90,10.4,5.8,977.4
4298,6/27/2024 2:00,102,54,48,307.9,102,232.2,80,85,12.2,6.5,977.8
4299,6/27/2024 3:00,192,98,94,312.0,192,415.8,100,81,13.8,3.8,978.0
4300,6/27/2024 4:00,187,30,157,66.2,187,600.0,100,77,14.6,3.2,978.2
4301,6/27/2024 5:00,182,14,168,24.0,182,772.2,100,75,15.2,4.0,978.6
4302,6/27/2024 6:00,215,0,215,0.0,215,920.6,100,72,15.9,4.0,978.3
4303,6/27/2024 7:00,353,51,302,65.2,353,1035.3,57,64,17.1,3.6,978.2
4304,6/27/2024 8:00,805,638,167,761.9,805,1108.3,34,52,19.1,5.3,978.0
4305,6/27/2024 9:00,710,506,204,590.2,710,1134.6,30,52,19.6,4.7,978.1
4306,6/27/2024 10:00,709,510,199,606.7,709,1112.6,43,50,20.0,2.9,978.1
4307,6/27/2024 11:00,543,371,172,470.5,543,1043.6,46,52,19.8,3.4,978.4
4308,6/27/2024 12:00,475,331,144,469.8,475,932.4,15,51,20.4,3.3,978.4
4309,6/27/2024 13:00,438,315,123,530.1,438,786.5,53,48,20.4,6.4,978.9
4310,6/27/2024 14:00,307,200,107,429.8,307,615.9,45,50,19.9,8.2,979.1
4311,6/27/2024 15:00,198,124,74,379.7,198,432.2,33,57,19.3,6.5,979.2
4312,6/27/2024 16:00,102,48,54,256.3,102,247.9,63,63,17.9,9.4,979.6
4313,6/27/2024 17:00,20,6,14,62.4,20,75.6,28,67,16.4,8.2,979.9
4314,6/27/2024 18:00,0,0,0,0.0,0,0.0,68,74,14.8,10.7,980.0
4315,6/27/2024 19:00,0,0,0,0.0,0,0.0,100,76,14.4,12.9,980.1
4316,6/27/2024 20:00,0,0,0,0.0,0,0.0,96,78,13.9,12.4,980.1
4317,6/27/2024 21:00,0,0,0,0.0,0,0.0,80,81,13.2,12.1,980.2
4318,6/27/2024 22:00,0,0,0,0.0,0,0.0,80,84,12.7,13.0,980.2
4319,6/27/2024 23:00,0,0,0,0.0,0,0.0,84,88,12.1,14.7,980.1
4320,6/28/2024 0:00,0,0,0,0.0,0,0.0,71,89,11.7,14.1,980.1
4321,6/28/2024 1:00,18,2,16,22.2,18,60.1,76,91,11.8,13.5,980.0
4322,6/28/2024 2:00,99,36,63,206.6,99,230.6,44,88,12.8,12.4,979.9
4323,6/28/2024 3:00,219,126,93,402.5,219,414.3,61,81,14.0,19.4,979.7
4324,6/28/2024 4:00,309,154,155,340.5,309,598.5,100,76,14.9,20.6,979.7
4325,6/28/2024 5:00,209,30,179,51.5,209,770.8,100,75,14.8,19.6,979.6
4326,6/28/2024 6:00,214,16,198,23.0,214,919.5,100,74,14.7,19.6,979.3
4327,6/28/2024 7:00,262,22,240,28.1,262,1034.3,100,73,14.9,21.2,979.1
4328,6/28/2024 8:00,304,36,268,43.0,304,1107.4,100,71,15.4,21.6,978.9
4329,6/28/2024 9:00,299,33,266,38.5,299,1134.0,100,68,16.1,23.0,978.5
4330,6/28/2024 10:00,337,49,288,58.3,337,1112.1,100,68,16.4,25.2,978.2
4331,6/28/2024 11:00,312,33,279,41.9,312,1043.2,100,67,16.4,27.5,977.9
4332,6/28/2024 12:00,296,34,262,48.3,296,932.1,100,66,16.8,27.9,977.7
4333,6/28/2024 13:00,246,36,210,60.6,246,786.3,100,68,16.1,24.8,978.0
4334,6/28/2024 14:00,143,4,139,8.6,143,615.7,78,65,16.6,18.8,977.7
4335,6/28/2024 15:00,173,76,97,232.9,173,431.9,47,64,16.9,18.4,977.5
4336,6/28/2024 16:00,116,63,53,336.8,116,247.6,100,64,16.2,17.2,976.9
4337,6/28/2024 17:00,25,6,19,62.5,25,75.1,21,58,16.1,25.1,977.0
4338,6/28/2024 18:00,0,0,0,0.0,0,0.0,37,60,15.4,26.9,976.9
4339,6/28/2024 19:00,0,0,0,0.0,0,0.0,51,64,14.4,25.6,977.0
4340,6/28/2024 20:00,0,0,0,0.0,0,0.0,90,64,13.9,24.1,977.1
4341,6/28/2024 21:00,0,0,0,0.0,0,0.0,87,67,13.4,23.3,976.9
4342,6/28/2024 22:00,0,0,0,0.0,0,0.0,47,70,13.0,24.0,976.8
4343,6/28/2024 23:00,0,0,0,0.0,0,0.0,2,73,12.5,24.3,976.9
4344,6/29/2024 0:00,0,0,0,0.0,0,0.0,1,76,12.0,23.9,977.1
4345,6/29/2024 1:00,23,9,14,100.7,23,58.6,0,80,11.8,24.1,976.7
4346,6/29/2024 2:00,118,72,46,416.1,118,229.0,8,79,12.4,26.4,977.1
4347,6/29/2024 3:00,251,178,73,570.8,251,412.7,18,75,13.2,29.6,977.5
4348,6/29/2024 4:00,380,273,107,605.1,380,597.0,48,67,14.4,33.1,978.1
4349,6/29/2024 5:00,483,329,154,565.8,483,769.4,29,62,15.4,30.5,978.5
4350,6/29/2024 6:00,627,470,157,677.4,627,918.2,19,57,16.4,28.8,978.5
4351,6/29/2024 7:00,716,554,162,709.6,716,1033.2,14,54,17.2,27.8,978.5
4352,6/29/2024 8:00,807,668,139,798.9,807,1106.5,8,50,18.0,27.7,978.7
4353,6/29/2024 9:00,861,739,122,862.9,861,1133.2,4,47,18.5,28.4,979.0
4354,6/29/2024 10:00,838,716,122,852.4,838,1111.5,20,46,18.7,29.5,979.2
4355,6/29/2024 11:00,738,579,159,734.8,738,1042.8,24,46,18.8,30.4,979.5
4356,6/29/2024 12:00,668,544,124,772.6,668,931.7,45,43,19.0,29.4,979.7
4357,6/29/2024 13:00,530,416,114,700.4,530,785.9,26,44,18.6,28.3,980.1
4358,6/29/2024 14:00,388,282,106,606.4,388,615.4,27,44,18.0,26.9,980.4
4359,6/29/2024 15:00,235,146,89,447.7,235,431.6,36,47,17.5,21.0,980.7
4360,6/29/2024 16:00,117,63,54,337.4,117,247.1,21,50,16.5,17.5,980.9
4361,6/29/2024 17:00,28,11,17,114.8,28,74.5,20,53,15.4,15.5,981.3
4362,6/29/2024 18:00,0,0,0,0.0,0,0.0,15,56,14.4,15.8,981.5
4363,6/29/2024 19:00,0,0,0,0.0,0,0.0,0,58,13.8,15.2,981.7
4364,6/29/2024 20:00,0,0,0,0.0,0,0.0,0,62,13.0,14.6,981.8
4365,6/29/2024 21:00,0,0,0,0.0,0,0.0,0,65,12.3,15.0,981.7
4366,6/29/2024 22:00,0,0,0,0.0,0,0.0,5,65,12.2,16.8,981.7
4367,6/29/2024 23:00,0,0,0,0.0,0,0.0,5,63,12.1,17.0,982.1
4368,6/30/2024 0:00,0,0,0,0.0,0,0.0,17,63,11.8,15.9,982.4
4369,6/30/2024 1:00,22,9,13,101.5,22,57.7,0,71,11.2,16.3,982.5
4370,6/30/2024 2:00,117,71,46,413.5,117,227.2,0,70,12.2,16.4,982.8
4371,6/30/2024 3:00,252,186,66,598.9,252,410.9,1,68,13.6,15.6,982.7
4372,6/30/2024 4:00,402,323,79,717.9,402,595.4,0,64,15.2,17.2,983.0
4373,6/30/2024 5:00,549,459,90,790.9,549,767.9,3,58,17.0,18.1,983.0
4374,6/30/2024 6:00,677,579,98,835.6,677,916.8,0,52,18.5,19.9,983.1
4375,6/30/2024 7:00,774,671,103,860.4,774,1032.0,18,43,19.7,22.0,983.2
4376,6/30/2024 8:00,833,720,113,861.8,833,1105.5,91,38,20.8,25.3,983.3
4377,6/30/2024 9:00,780,555,225,648.5,780,1132.4,87,34,21.8,24.6,983.1
4378,6/30/2024 10:00,781,609,172,725.5,781,1110.8,100,38,21.8,25.2,983.0
4379,6/30/2024 11:00,471,153,318,194.3,471,1042.2,100,40,21.5,24.7,983.0
4380,6/30/2024 12:00,413,129,284,183.3,413,931.3,100,39,21.6,24.5,982.8
4381,6/30/2024 13:00,487,323,164,544.1,487,785.5,100,39,22.0,23.1,982.4
4382,6/30/2024 14:00,217,33,184,71.0,217,614.9,99,45,21.5,15.0,982.1
4383,6/30/2024 15:00,220,110,110,337.6,220,431.1,73,49,21.0,13.0,982.0
4384,6/30/2024 16:00,116,59,57,316.7,116,246.5,48,55,19.6,10.7,982.2
4385,6/30/2024 17:00,27,10,17,104.7,27,73.8,6,58,18.0,10.1,982.5
4386,6/30/2024 18:00,0,0,0,0.0,0,0.0,9,63,16.7,11.2,982.5
4387,6/30/2024 19:00,0,0,0,0.0,0,0.0,59,64,16.4,11.9,982.5
4388,6/30/2024 20:00,0,0,0,0.0,0,0.0,83,66,15.9,11.3,982.5
4389,6/30/2024 21:00,0,0,0,0.0,0,0.0,32,69,15.1,11.0,982.4
4390,6/30/2024 22:00,0,0,0,0.0,0,0.0,0,73,14.6,10.2,982.2
4391,6/30/2024 23:00,0,0,0,0.0,0,0.0,0,76,13.9,9.2,982.0
4392,7/1/2024 0:00,0,0,0,0.0,0,0.0,0,79,13.4,8.7,981.9
4393,7/1/2024 1:00,20,8,12,90.9,20,56.9,0,80,13.6,10.2,982.1
4394,7/1/2024 2:00,112,67,45,393.4,112,225.3,0,77,15.1,10.0,982.2
4395,7/1/2024 3:00,246,181,65,585.4,246,409.1,0,74,17.0,7.9,982.2
4396,7/1/2024 4:00,396,317,79,706.6,396,593.6,0,70,18.9,9.1,982.3
4397,7/1/2024 5:00,540,452,88,780.4,540,766.3,0,64,20.8,11.4,982.6
4398,7/1/2024 6:00,666,570,96,823.9,666,915.4,0,59,22.5,11.8,982.5
4399,7/1/2024 7:00,761,660,101,847.2,761,1030.8,0,54,24.0,13.7,982.2
4400,7/1/2024 8:00,820,715,105,856.6,820,1104.5,20,50,25.1,16.1,981.8
4401,7/1/2024 9:00,839,732,107,856.0,839,1131.5,25,49,25.8,15.8,981.2
4402,7/1/2024 10:00,772,635,137,756.9,772,1110.1,43,49,26.0,16.6,980.8
4403,7/1/2024 11:00,720,596,124,757.1,720,1041.6,43,49,26.7,16.8,980.2
4404,7/1/2024 12:00,645,529,116,752.1,645,930.7,92,49,26.9,18.2,979.7
4405,7/1/2024 13:00,401,203,198,342.2,401,785.0,99,54,25.6,11.8,979.8
4406,7/1/2024 14:00,284,133,151,286.4,284,614.4,100,60,24.4,12.4,980.1
4407,7/1/2024 15:00,147,23,124,70.7,147,430.5,70,63,23.9,9.2,979.8
4408,7/1/2024 16:00,105,46,59,247.6,105,245.8,93,67,22.6,8.4,979.7
4409,7/1/2024 17:00,24,5,19,52.5,24,72.9,60,72,21.1,9.9,979.8
4410,7/1/2024 18:00,0,0,0,0.0,0,0.0,4,76,20.2,9.3,979.4
4411,7/1/2024 19:00,0,0,0,0.0,0,0.0,23,80,19.4,8.9,979.1
4412,7/1/2024 20:00,0,0,0,0.0,0,0.0,12,83,18.8,8.4,979.0
4413,7/1/2024 21:00,0,0,0,0.0,0,0.0,5,86,18.2,8.7,979.0
4414,7/1/2024 22:00,0,0,0,0.0,0,0.0,0,87,17.9,8.2,978.8
4415,7/1/2024 23:00,0,0,0,0.0,0,0.0,20,89,17.2,8.2,979.0
4416,7/2/2024 0:00,0,0,0,0.0,0,0.0,18,91,16.8,6.9,978.7
4417,7/2/2024 1:00,19,7,12,80.2,19,55.9,99,92,16.6,7.4,979.1
4418,7/2/2024 2:00,104,56,48,331.8,104,223.3,88,87,18.2,7.2,979.3
4419,7/2/2024 3:00,230,155,75,503.7,230,407.2,35,82,20.2,3.8,979.6
4420,7/2/2024 4:00,376,290,86,648.4,376,591.8,36,75,22.3,3.4,979.8
4421,7/2/2024 5:00,518,420,98,726.7,518,764.7,38,68,24.0,3.8,979.9
4422,7/2/2024 6:00,640,532,108,770.2,640,913.9,15,62,25.2,7.7,980.1
4423,7/2/2024 7:00,699,572,127,735.2,699,1029.5,6,54,26.1,9.0,980.0
4424,7/2/2024 8:00,776,644,132,772.3,776,1103.4,4,49,27.0,10.7,979.9
4425,7/2/2024 9:00,804,683,121,799.3,804,1130.6,82,47,27.3,12.3,979.9
4426,7/2/2024 10:00,776,609,167,726.4,776,1109.3,81,44,27.3,12.7,980.0
4427,7/2/2024 11:00,738,596,142,757.6,738,1040.9,3,42,27.5,11.6,979.9
4428,7/2/2024 12:00,666,569,97,809.4,666,930.1,2,40,27.5,11.7,979.8
4429,7/2/2024 13:00,540,448,92,755.7,540,784.4,0,37,27.2,11.0,980.1
4430,7/2/2024 14:00,402,322,80,694.2,402,613.8,0,39,26.6,8.9,980.0
4431,7/2/2024 15:00,252,183,69,563.4,252,429.8,0,49,25.6,6.6,979.8
4432,7/2/2024 16:00,122,75,47,405.1,122,244.9,0,56,23.6,7.9,980.0
4433,7/2/2024 17:00,26,11,15,115.9,26,71.9,0,60,21.8,7.6,980.1
4434,7/2/2024 18:00,0,0,0,0.0,0,0.0,58,64,20.6,7.4,980.3
4435,7/2/2024 19:00,0,0,0,0.0,0,0.0,98,68,19.7,7.1,980.5
4436,7/2/2024 20:00,0,0,0,0.0,0,0.0,100,71,19.1,8.4,980.7
4437,7/2/2024 21:00,0,0,0,0.0,0,0.0,99,76,18.6,8.7,980.8
4438,7/2/2024 22:00,0,0,0,0.0,0,0.0,92,82,18.0,7.6,981.0
4439,7/2/2024 23:00,0,0,0,0.0,0,0.0,19,86,17.5,6.3,981.0
4440,7/3/2024 0:00,0,0,0,0.0,0,0.0,0,89,16.8,6.0,981.1
4441,7/3/2024 1:00,19,7,12,81.0,19,54.9,78,90,16.8,5.4,981.8
4442,7/3/2024 2:00,105,59,46,352.8,105,221.3,92,85,18.7,5.9,982.4
4443,7/3/2024 3:00,231,159,72,519.2,231,405.2,100,78,21.1,2.7,982.7
4444,7/3/2024 4:00,379,294,85,659.4,379,589.9,93,70,23.3,2.5,983.1
4445,7/3/2024 5:00,519,418,101,724.9,519,762.9,93,62,25.0,3.1,983.4
4446,7/3/2024 6:00,649,549,100,796.1,649,912.4,68,56,26.2,4.1,983.3
4447,7/3/2024 7:00,750,648,102,834.0,750,1028.1,0,53,27.1,4.2,983.5
4448,7/3/2024 8:00,815,710,105,852.3,815,1102.2,1,50,27.9,4.3,983.5
4449,7/3/2024 9:00,838,733,105,858.6,838,1129.6,62,49,28.5,4.6,983.7
4450,7/3/2024 10:00,818,710,108,847.5,818,1108.4,30,47,29.0,4.9,983.5
4451,7/3/2024 11:00,760,658,102,837.0,760,1040.1,2,47,29.1,5.1,983.3
4452,7/3/2024 12:00,665,569,96,810.0,665,929.4,0,47,29.2,4.7,983.3
4453,7/3/2024 13:00,541,452,89,763.1,541,783.7,1,44,29.4,3.1,983.6
4454,7/3/2024 14:00,400,321,79,692.8,400,613.0,0,44,29.1,2.9,983.4
4455,7/3/2024 15:00,255,189,66,583.0,255,428.9,1,45,28.9,2.5,983.3
4456,7/3/2024 16:00,122,75,47,406.7,122,244.0,9,58,27.1,3.1,983.1
4457,7/3/2024 17:00,26,11,15,116.4,26,70.8,29,52,26.5,3.5,983.7
4458,7/3/2024 18:00,0,0,0,0.0,0,0.0,26,72,22.3,6.4,983.8
4459,7/3/2024 19:00,0,0,0,0.0,0,0.0,0,81,20.4,6.9,983.9
4460,7/3/2024 20:00,0,0,0,0.0,0,0.0,0,82,20.0,5.4,984.2
4461,7/3/2024 21:00,0,0,0,0.0,0,0.0,0,71,21.8,2.4,984.5
4462,7/3/2024 22:00,0,0,0,0.0,0,0.0,0,76,20.5,4.4,984.6
4463,7/3/2024 23:00,0,0,0,0.0,0,0.0,0,77,19.9,6.5,984.8
4464,7/4/2024 0:00,0,0,0,0.0,0,0.0,0,83,18.1,8.5,984.7
4465,7/4/2024 1:00,18,7,11,81.8,18,53.9,0,85,18.7,4.2,985.7
4466,7/4/2024 2:00,105,62,43,374.5,105,219.1,0,79,20.8,6.4,986.2
4467,7/4/2024 3:00,234,170,64,558.0,234,403.1,0,73,23.3,4.4,986.7
4468,7/4/2024 4:00,379,300,79,675.1,379,588.0,0,65,25.4,3.6,987.2
4469,7/4/2024 5:00,520,431,89,749.2,520,761.1,0,58,26.9,4.5,987.3
4470,7/4/2024 6:00,645,549,96,797.6,645,910.7,0,54,28.0,4.1,987.3
4471,7/4/2024 7:00,744,643,101,828.7,744,1026.6,0,51,29.0,3.6,987.4
4472,7/4/2024 8:00,808,703,105,844.9,808,1100.9,0,49,29.7,3.1,987.4
4473,7/4/2024 9:00,831,726,105,851.2,831,1128.5,0,48,30.3,2.1,987.3
4474,7/4/2024 10:00,812,708,104,845.9,812,1107.5,0,47,30.8,1.5,987.2
4475,7/4/2024 11:00,753,652,101,830.0,753,1039.3,0,46,31.0,1.5,986.8
4476,7/4/2024 12:00,659,562,97,800.8,659,928.6,0,45,31.4,0.5,986.8
4477,7/4/2024 13:00,536,447,89,755.4,536,782.9,0,44,31.0,5.8,987.0
4478,7/4/2024 14:00,397,318,79,687.3,397,612.1,0,44,30.5,5.4,986.8
4479,7/4/2024 15:00,254,188,66,581.2,254,427.9,0,52,29.5,4.8,986.5
4480,7/4/2024 16:00,121,75,46,408.6,121,242.9,0,62,27.1,6.6,986.4
4481,7/4/2024 17:00,25,11,14,116.9,25,69.5,0,64,24.9,8.6,986.7
4482,7/4/2024 18:00,0,0,0,0.0,0,0.0,0,67,24.4,7.6,987.0
4483,7/4/2024 19:00,0,0,0,0.0,0,0.0,0,78,22.5,8.7,986.9
4484,7/4/2024 20:00,0,0,0,0.0,0,0.0,0,77,22.3,7.5,987.1
4485,7/4/2024 21:00,0,0,0,0.0,0,0.0,0,77,21.6,5.4,987.0
4486,7/4/2024 22:00,0,0,0,0.0,0,0.0,0,79,21.1,5.9,986.8
4487,7/4/2024 23:00,0,0,0,0.0,0,0.0,0,82,20.5,5.9,986.7
4488,7/5/2024 0:00,0,0,0,0.0,0,0.0,0,87,19.8,5.6,987.0
4489,7/5/2024 1:00,17,6,11,70.8,17,52.8,0,90,19.8,6.2,987.3
4490,7/5/2024 2:00,104,61,43,372.3,104,216.8,0,83,21.6,6.6,987.6
4491,7/5/2024 3:00,232,167,65,551.2,232,400.9,0,78,24.0,3.9,988.0
4492,7/5/2024 4:00,376,297,79,670.7,376,585.9,0,68,26.5,3.8,988.2
4493,7/5/2024 5:00,519,430,89,749.3,519,759.2,0,58,28.2,5.1,988.1
4494,7/5/2024 6:00,645,549,96,799.0,645,909.1,0,52,29.2,6.6,988.1
4495,7/5/2024 7:00,745,644,101,831.2,745,1025.1,1,49,29.9,6.8,988.0
4496,7/5/2024 8:00,808,703,105,845.9,808,1099.6,2,48,30.4,6.7,987.7
4497,7/5/2024 9:00,833,726,107,852.1,833,1127.3,0,45,30.9,6.6,987.5
4498,7/5/2024 10:00,816,712,104,851.4,816,1106.4,0,44,31.3,6.4,986.9
4499,7/5/2024 11:00,757,656,101,835.9,757,1038.3,0,44,31.5,6.0,986.8
4500,7/5/2024 12:00,662,566,96,807.2,662,927.7,0,44,31.5,6.0,986.2
4501,7/5/2024 13:00,537,448,89,758.0,537,782.0,0,41,31.2,8.7,986.0
4502,7/5/2024 14:00,398,319,79,690.6,398,611.2,36,44,30.7,7.0,985.6
4503,7/5/2024 15:00,249,178,71,551.7,249,426.8,56,50,29.6,6.4,985.7
4504,7/5/2024 16:00,118,68,50,372.4,118,241.6,10,54,27.8,7.8,985.7
4505,7/5/2024 17:00,25,10,15,106.9,25,68.0,1,62,25.3,7.4,985.7
4506,7/5/2024 18:00,0,0,0,0.0,0,0.0,0,66,24.1,5.8,985.8
4507,7/5/2024 19:00,0,0,0,0.0,0,0.0,0,71,23.4,6.2,985.7
4508,7/5/2024 20:00,0,0,0,0.0,0,0.0,8,73,22.8,6.7,985.5
4509,7/5/2024 21:00,0,0,0,0.0,0,0.0,19,71,22.6,8.4,985.2
4510,7/5/2024 22:00,0,0,0,0.0,0,0.0,44,70,22.4,8.7,985.0
4511,7/5/2024 23:00,0,0,0,0.0,0,0.0,34,73,21.6,6.7,984.6
4512,7/6/2024 0:00,0,0,0,0.0,0,0.0,21,77,20.6,6.1,984.6
4513,7/6/2024 1:00,16,6,10,71.6,16,51.6,2,80,20.5,5.9,984.7
4514,7/6/2024 2:00,100,57,43,351.8,100,214.4,4,76,22.5,7.4,985.1
4515,7/6/2024 3:00,227,161,66,534.4,227,398.6,0,72,25.0,5.0,985.2
4516,7/6/2024 4:00,369,289,80,655.0,369,583.8,8,66,27.4,4.5,985.4
4517,7/6/2024 5:00,508,418,90,730.3,508,757.3,16,59,28.9,4.7,985.4
4518,7/6/2024 6:00,601,492,109,717.5,601,907.3,19,57,29.4,5.3,985.3
4519,7/6/2024 7:00,686,551,135,712.2,686,1023.6,49,58,29.5,7.1,985.3
4520,7/6/2024 8:00,627,448,179,539.7,627,1098.2,65,58,29.5,8.9,985.1
4521,7/6/2024 9:00,592,380,212,446.5,592,1126.1,69,53,29.9,6.9,984.6
4522,7/6/2024 10:00,697,486,211,581.7,697,1105.3,52,48,31.0,5.3,984.2
4523,7/6/2024 11:00,699,559,140,713.0,699,1037.3,41,47,31.5,4.1,983.7
4524,7/6/2024 12:00,583,451,132,643.9,583,926.7,59,47,31.6,5.0,983.4
4525,7/6/2024 13:00,491,383,108,648.9,491,781.0,36,38,32.3,5.1,983.0
4526,7/6/2024 14:00,349,256,93,555.2,349,610.1,16,40,31.8,5.2,982.8
4527,7/6/2024 15:00,210,138,72,429.0,210,425.6,18,48,30.6,5.4,982.8
4528,7/6/2024 16:00,101,55,46,302.9,101,240.2,23,57,28.5,5.8,983.2
4529,7/6/2024 17:00,21,8,13,86.0,21,66.5,19,58,26.5,5.9,983.5
4530,7/6/2024 18:00,0,0,0,0.0,0,0.0,20,62,25.5,9.5,983.4
4531,7/6/2024 19:00,0,0,0,0.0,0,0.0,18,64,24.9,9.1,983.5
4532,7/6/2024 20:00,0,0,0,0.0,0,0.0,11,67,24.1,8.7,983.5
4533,7/6/2024 21:00,0,0,0,0.0,0,0.0,9,68,23.4,8.8,983.5
4534,7/6/2024 22:00,0,0,0,0.0,0,0.0,10,69,22.5,7.6,983.5
4535,7/6/2024 23:00,0,0,0,0.0,0,0.0,6,73,21.5,6.3,983.8
4536,7/7/2024 0:00,0,0,0,0.0,0,0.0,2,75,20.8,5.4,984.0
4537,7/7/2024 1:00,15,5,10,60.3,15,50.4,0,82,20.5,5.6,984.3
4538,7/7/2024 2:00,99,57,42,355.8,99,211.9,0,77,22.2,5.9,985.1
4539,7/7/2024 3:00,225,161,64,537.6,225,396.3,92,81,22.5,24.3,987.4
4540,7/7/2024 4:00,156,35,121,79.6,156,581.6,92,82,22.0,0.8,986.0
4541,7/7/2024 5:00,387,176,211,308.3,387,755.3,33,77,24.2,8.0,986.9
4542,7/7/2024 6:00,628,523,105,764.2,628,905.5,82,62,27.2,12.7,987.0
4543,7/7/2024 7:00,705,553,152,715.9,705,1022.0,57,50,28.4,14.8,987.1
4544,7/7/2024 8:00,772,637,135,768.5,772,1096.8,74,48,29.2,13.7,987.1
4545,7/7/2024 9:00,725,472,253,555.2,725,1124.8,99,52,28.8,14.8,987.1
4546,7/7/2024 10:00,390,66,324,79.1,390,1104.2,92,61,27.0,18.8,987.2
4547,7/7/2024 11:00,504,241,263,307.7,504,1036.2,91,57,27.8,17.0,987.3
4548,7/7/2024 12:00,435,182,253,260.2,435,925.6,77,61,26.8,21.8,987.5
4549,7/7/2024 13:00,329,140,189,237.5,329,779.8,30,65,25.8,17.3,989.1
4550,7/7/2024 14:00,338,239,99,519.4,338,608.8,16,63,25.8,19.8,989.0
4551,7/7/2024 15:00,226,153,73,477.1,226,424.3,9,65,25.0,18.4,989.3
4552,7/7/2024 16:00,112,65,47,360.3,112,238.7,5,66,24.2,15.5,989.2
4553,7/7/2024 17:00,23,9,14,97.4,23,64.8,5,67,23.2,15.6,989.4
4554,7/7/2024 18:00,0,0,0,0.0,0,0.0,5,69,22.4,14.1,989.7
4555,7/7/2024 19:00,0,0,0,0.0,0,0.0,4,70,21.7,14.7,989.6
4556,7/7/2024 20:00,0,0,0,0.0,0,0.0,2,69,21.0,14.8,989.7
4557,7/7/2024 21:00,0,0,0,0.0,0,0.0,1,65,20.2,15.2,989.8
4558,7/7/2024 22:00,0,0,0,0.0,0,0.0,0,64,19.4,15.0,990.0
4559,7/7/2024 23:00,0,0,0,0.0,0,0.0,48,65,18.5,14.2,990.3
4560,7/8/2024 0:00,0,0,0,0.0,0,0.0,23,68,17.8,12.8,990.3
4561,7/8/2024 1:00,16,5,11,61.0,16,49.2,12,83,16.2,13.0,990.5
4562,7/8/2024 2:00,102,59,43,372.8,102,209.4,1,81,17.1,15.2,990.9
4563,7/8/2024 3:00,234,168,66,564.4,234,393.9,67,77,18.1,16.2,991.0
4564,7/8/2024 4:00,382,298,84,680.6,382,579.4,17,66,19.5,18.8,990.9
4565,7/8/2024 5:00,531,440,91,772.9,531,753.2,30,54,20.5,20.5,990.8
4566,7/8/2024 6:00,660,561,99,821.4,660,903.6,44,51,21.5,18.4,990.6
4567,7/8/2024 7:00,760,656,104,850.7,760,1020.3,2,47,22.4,16.9,990.4
4568,7/8/2024 8:00,824,718,106,867.4,824,1095.3,1,45,23.2,15.2,990.4
4569,7/8/2024 9:00,847,740,107,871.5,847,1123.5,5,43,23.8,15.5,990.3
4570,7/8/2024 10:00,820,705,115,845.8,820,1102.9,5,39,24.2,16.9,990.0
4571,7/8/2024 11:00,749,634,115,810.5,749,1035.0,19,35,24.4,17.9,989.8
4572,7/8/2024 12:00,585,456,129,652.7,585,924.4,24,36,23.9,18.0,989.7
4573,7/8/2024 13:00,516,416,100,707.0,516,778.6,65,39,23.3,19.0,989.7
4574,7/8/2024 14:00,332,216,116,470.5,332,607.5,18,42,22.5,17.3,989.6
4575,7/8/2024 15:00,225,151,74,472.6,225,422.8,18,43,21.9,16.1,989.4
4576,7/8/2024 16:00,104,58,46,323.8,104,237.0,18,49,20.6,15.0,989.3
4577,7/8/2024 17:00,22,8,14,87.2,22,62.9,3,54,19.4,14.5,989.3
4578,7/8/2024 18:00,0,0,0,0.0,0,0.0,1,60,18.2,12.3,988.9
4579,7/8/2024 19:00,0,0,0,0.0,0,0.0,2,67,17.2,10.2,988.7
4580,7/8/2024 20:00,0,0,0,0.0,0,0.0,4,73,16.5,10.1,988.7
4581,7/8/2024 21:00,0,0,0,0.0,0,0.0,6,79,15.7,9.4,988.5
4582,7/8/2024 22:00,0,0,0,0.0,0,0.0,39,83,15.1,9.7,988.5
4583,7/8/2024 23:00,0,0,0,0.0,0,0.0,0,87,14.6,9.5,988.2
4584,7/9/2024 0:00,0,0,0,0.0,0,0.0,0,89,14.4,11.6,988.2
4585,7/9/2024 1:00,14,4,10,49.4,14,47.9,4,94,13.8,12.3,988.0
4586,7/9/2024 2:00,95,52,43,332.8,95,206.8,2,88,15.1,10.8,988.0
4587,7/9/2024 3:00,225,158,67,534.2,225,391.4,20,84,16.8,12.1,987.7
4588,7/9/2024 4:00,366,277,89,635.2,366,577.0,42,72,19.2,14.9,987.7
4589,7/9/2024 5:00,466,336,130,591.9,466,751.1,70,73,19.0,16.9,987.7
4590,7/9/2024 6:00,458,251,207,368.3,458,901.7,84,73,19.1,21.1,987.4
4591,7/9/2024 7:00,392,170,222,220.8,392,1018.6,96,74,18.8,21.8,987.5
4592,7/9/2024 8:00,338,54,284,65.3,338,1093.7,66,75,19.1,16.9,987.4
4593,7/9/2024 9:00,595,348,247,410.4,595,1122.1,98,75,20.0,19.6,987.7
4594,7/9/2024 10:00,185,34,151,40.8,185,1101.6,96,80,19.1,11.1,987.5
4595,7/9/2024 11:00,362,91,271,116.5,362,1033.7,100,78,19.4,12.7,987.3
4596,7/9/2024 12:00,110,0,110,0.0,110,923.1,100,85,18.9,12.0,986.5
4597,7/9/2024 13:00,266,32,234,54.5,266,777.2,100,83,19.0,11.8,987.5
4598,7/9/2024 14:00,168,51,117,111.4,168,606.0,85,87,19.1,10.3,987.2
4599,7/9/2024 15:00,183,76,107,238.8,183,421.2,41,86,19.5,12.2,987.0
4600,7/9/2024 16:00,104,50,54,281.3,104,235.2,98,86,19.1,13.4,987.0
4601,7/9/2024 17:00,18,2,16,22.0,18,60.9,90,88,18.5,8.4,987.3
4602,7/9/2024 18:00,0,0,0,0.0,0,0.0,36,91,18.0,7.8,986.5
4603,7/9/2024 19:00,0,0,0,0.0,0,0.0,36,88,18.0,11.2,986.6
4604,7/9/2024 20:00,0,0,0,0.0,0,0.0,58,83,18.0,11.6,986.7
4605,7/9/2024 21:00,0,0,0,0.0,0,0.0,3,86,17.5,6.7,986.6
4606,7/9/2024 22:00,0,0,0,0.0,0,0.0,5,91,16.2,6.9,986.5
4607,7/9/2024 23:00,0,0,0,0.0,0,0.0,3,89,16.2,9.3,986.6
4608,7/10/2024 0:00,0,0,0,0.0,0,0.0,4,86,16.4,11.4,986.8
4609,7/10/2024 1:00,13,4,9,50.1,13,46.6,4,86,16.3,12.5,987.4
4610,7/10/2024 2:00,92,50,42,324.2,92,204.1,7,84,17.2,12.5,987.8
4611,7/10/2024 3:00,215,146,69,496.9,215,388.8,4,82,18.6,10.8,988.0
4612,7/10/2024 4:00,357,272,85,626.3,357,574.7,2,77,20.4,11.9,988.2
4613,7/10/2024 5:00,499,405,94,715.6,499,749.0,5,72,22.0,12.1,988.3
4614,7/10/2024 6:00,626,521,105,766.2,626,899.8,10,65,23.6,13.2,988.1
4615,7/10/2024 7:00,717,592,125,770.4,717,1016.8,6,58,25.0,17.4,987.9
4616,7/10/2024 8:00,781,653,128,791.2,781,1092.1,12,51,26.0,20.7,987.9
4617,7/10/2024 9:00,765,625,140,738.0,765,1120.6,16,50,26.4,21.8,987.7
4618,7/10/2024 10:00,752,620,132,745.7,752,1100.2,9,50,26.8,20.7,987.5
4619,7/10/2024 11:00,702,581,121,744.7,702,1032.4,12,49,27.0,19.6,987.2
4620,7/10/2024 12:00,631,524,107,752.3,631,921.7,10,49,27.0,18.4,987.4
4621,7/10/2024 13:00,496,399,97,680.6,496,775.8,24,49,27.0,16.9,987.9
4622,7/10/2024 14:00,330,240,90,525.4,330,604.4,15,53,26.3,14.2,987.8
4623,7/10/2024 15:00,219,151,68,476.4,219,419.4,20,59,25.4,11.3,987.9
4624,7/10/2024 16:00,100,56,44,317.7,100,233.3,17,63,23.9,9.7,987.9
4625,7/10/2024 17:00,19,7,12,77.5,19,60.0,12,68,22.4,9.3,988.0
4626,7/10/2024 18:00,0,0,0,0.0,0,0.0,16,71,21.5,10.0,987.7
4627,7/10/2024 19:00,0,0,0,0.0,0,0.0,15,75,20.5,8.6,987.5
4628,7/10/2024 20:00,0,0,0,0.0,0,0.0,8,78,19.8,9.4,987.4
4629,7/10/2024 21:00,0,0,0,0.0,0,0.0,6,75,19.5,9.8,987.1
4630,7/10/2024 22:00,0,0,0,0.0,0,0.0,5,73,18.9,8.2,987.3
4631,7/10/2024 23:00,0,0,0,0.0,0,0.0,9,74,18.1,7.9,987.1
4632,7/11/2024 0:00,0,0,0,0.0,0,0.0,0,74,17.5,7.6,986.7
4633,7/11/2024 1:00,12,4,8,50.8,12,45.3,0,77,17.0,8.4,986.9
4634,7/11/2024 2:00,94,54,40,355.0,94,201.3,0,76,18.3,10.1,987.0
4635,7/11/2024 3:00,224,161,63,551.6,224,386.2,0,75,20.5,8.4,986.9
4636,7/11/2024 4:00,368,290,78,670.6,368,572.3,1,69,22.9,5.6,986.9
4637,7/11/2024 5:00,506,415,91,735.4,506,746.7,3,64,24.5,8.7,986.7
4638,7/11/2024 6:00,626,522,104,769.5,626,897.7,3,60,25.6,8.9,986.2
4639,7/11/2024 7:00,707,591,116,770.5,707,1015.0,45,64,24.8,9.7,985.9
4640,7/11/2024 8:00,624,426,198,517.0,624,1090.5,86,67,24.0,10.2,985.8
4641,7/11/2024 9:00,631,342,289,404.4,631,1119.0,100,75,21.5,16.1,986.5
4642,7/11/2024 10:00,308,32,276,38.5,308,1098.7,100,74,22.1,15.3,986.1
4643,7/11/2024 11:00,569,314,255,403.1,569,1030.9,63,72,23.1,14.4,985.4
4644,7/11/2024 12:00,567,442,125,635.6,567,920.2,25,68,23.8,15.3,984.8
4645,7/11/2024 13:00,483,369,114,630.8,483,774.2,88,80,20.6,6.2,984.9
4646,7/11/2024 14:00,228,113,115,248.1,228,602.7,93,78,19.9,7.6,984.7
4647,7/11/2024 15:00,155,58,97,183.8,155,417.5,19,79,20.5,7.1,984.1
4648,7/11/2024 16:00,107,61,46,349.2,107,231.2,19,81,20.0,11.2,984.3
4649,7/11/2024 17:00,18,7,11,78.3,18,58.9,34,78,19.0,16.6,984.6
4650,7/11/2024 18:00,0,0,0,0.0,0,0.0,3,80,17.9,15.8,984.5
4651,7/11/2024 19:00,0,0,0,0.0,0,0.0,7,81,16.6,15.4,984.2
4652,7/11/2024 20:00,0,0,0,0.0,0,0.0,4,80,16.2,16.3,983.8
4653,7/11/2024 21:00,0,0,0,0.0,0,0.0,2,82,15.8,16.6,983.1
4654,7/11/2024 22:00,0,0,0,0.0,0,0.0,1,86,15.3,16.3,982.9
4655,7/11/2024 23:00,0,0,0,0.0,0,0.0,12,86,15.1,17.9,982.9
4656,7/12/2024 0:00,0,0,0,0.0,0,0.0,8,85,15.0,18.6,982.9
4657,7/12/2024 1:00,12,4,8,51.5,12,43.9,13,86,14.8,20.3,983.0
4658,7/12/2024 2:00,86,44,42,293.4,86,198.4,8,83,15.4,21.0,983.1
4659,7/12/2024 3:00,215,147,68,507.2,215,383.5,37,80,16.0,27.4,982.9
4660,7/12/2024 4:00,306,184,122,427.4,306,569.8,34,75,17.0,28.2,982.8
4661,7/12/2024 5:00,432,314,118,558.2,432,744.4,28,70,17.8,27.4,982.5
4662,7/12/2024 6:00,545,377,168,557.1,545,895.7,19,64,18.8,27.4,982.3
4663,7/12/2024 7:00,671,536,135,700.2,671,1013.1,23,57,19.7,29.2,982.1
4664,7/12/2024 8:00,773,645,128,784.0,773,1088.7,17,53,20.4,30.6,982.0
4665,7/12/2024 9:00,803,680,123,805.4,803,1117.4,23,47,21.0,31.4,981.8
4666,7/12/2024 10:00,789,665,124,802.1,789,1097.2,38,48,20.9,32.5,981.8
4667,7/12/2024 11:00,582,451,131,579.8,582,1029.4,98,49,20.6,31.8,981.9
4668,7/12/2024 12:00,567,381,186,548.9,567,918.6,100,48,20.8,32.2,981.9
4669,7/12/2024 13:00,358,108,250,185.0,358,772.5,95,57,18.3,31.8,982.1
4670,7/12/2024 14:00,324,164,160,361.2,324,600.9,93,59,17.5,30.3,982.3
4671,7/12/2024 15:00,198,89,109,283.5,198,415.5,96,59,17.0,30.6,982.5
4672,7/12/2024 16:00,65,17,48,98.3,65,228.9,100,61,16.4,26.4,982.8
4673,7/12/2024 17:00,11,2,9,22.6,11,57.8,91,60,16.1,27.3,982.8
4674,7/12/2024 18:00,0,0,0,0.0,0,0.0,87,62,15.6,26.8,982.6
4675,7/12/2024 19:00,0,0,0,0.0,0,0.0,97,65,15.0,27.5,982.2
4676,7/12/2024 20:00,0,0,0,0.0,0,0.0,97,68,14.4,26.3,982.0
4677,7/12/2024 21:00,0,0,0,0.0,0,0.0,100,70,13.9,27.3,981.6
4678,7/12/2024 22:00,0,0,0,0.0,0,0.0,100,69,14.0,26.9,981.5
4679,7/12/2024 23:00,0,0,0,0.0,0,0.0,61,69,13.9,26.1,981.1
4680,7/13/2024 0:00,0,0,0,0.0,0,0.0,21,72,13.2,25.0,981.0
4681,7/13/2024 1:00,9,1,8,13.1,9,42.4,16,78,12.9,25.4,980.7
4682,7/13/2024 2:00,88,44,44,297.9,88,195.4,100,77,13.6,26.1,981.0
4683,7/13/2024 3:00,118,22,96,76.5,118,380.7,100,77,14.1,25.1,980.7
4684,7/13/2024 4:00,213,46,167,107.3,213,567.2,100,76,15.1,30.0,980.7
4685,7/13/2024 5:00,220,35,185,62.4,220,742.1,100,77,15.2,28.7,980.9
4686,7/13/2024 6:00,194,0,194,0.0,194,893.5,100,77,15.6,27.6,980.5
4687,7/13/2024 7:00,400,67,333,87.7,400,1011.1,100,74,16.6,27.8,980.7
4688,7/13/2024 8:00,313,24,289,29.2,313,1086.9,100,76,16.8,27.5,980.8
4689,7/13/2024 9:00,259,5,254,5.9,259,1115.7,100,80,16.5,27.6,981.0
4690,7/13/2024 10:00,308,30,278,36.2,308,1095.5,100,80,17.9,23.0,980.6
4691,7/13/2024 11:00,397,74,323,95.3,397,1027.7,100,71,20.2,24.7,980.3
4692,7/13/2024 12:00,355,119,236,171.8,355,916.9,100,66,21.4,25.2,980.5
4693,7/13/2024 13:00,223,22,201,37.8,223,770.7,89,70,20.9,21.7,981.7
4694,7/13/2024 14:00,236,86,150,190.1,236,598.9,75,70,21.0,26.0,981.7
4695,7/13/2024 15:00,161,55,106,176.1,161,413.3,43,72,20.6,21.7,982.3
4696,7/13/2024 16:00,95,44,51,257.1,95,226.5,4,76,19.8,19.0,982.4
4697,7/13/2024 17:00,18,6,12,68.5,18,56.6,2,78,18.6,18.6,982.7
4698,7/13/2024 18:00,0,0,0,0.0,0,0.0,0,80,17.8,18.9,982.4
4699,7/13/2024 19:00,0,0,0,0.0,0,0.0,0,81,17.3,18.6,982.1
4700,7/13/2024 20:00,0,0,0,0.0,0,0.0,0,83,16.9,18.9,982.2
4701,7/13/2024 21:00,0,0,0,0.0,0,0.0,0,84,16.5,18.6,982.3
4702,7/13/2024 22:00,0,0,0,0.0,0,0.0,0,84,16.2,17.7,982.3
4703,7/13/2024 23:00,0,0,0,0.0,0,0.0,0,85,15.9,16.1,982.2
4704,7/14/2024 0:00,0,0,0,0.0,0,0.0,4,87,15.4,14.3,982.8
4705,7/14/2024 1:00,10,3,7,39.8,10,40.9,10,90,15.4,16.4,982.6
4706,7/14/2024 2:00,84,43,41,295.9,84,192.3,2,88,16.0,14.8,982.6
4707,7/14/2024 3:00,211,147,64,515.0,211,377.8,0,83,17.4,15.6,982.5
4708,7/14/2024 4:00,355,276,79,647.2,355,564.5,0,79,19.0,15.3,982.5
4709,7/14/2024 5:00,498,407,91,728.4,498,739.6,0,75,20.5,15.4,982.8
4710,7/14/2024 6:00,624,524,100,778.2,624,891.2,0,71,22.0,16.5,983.0
4711,7/14/2024 7:00,723,618,105,810.7,723,1009.0,0,68,23.4,17.3,982.9
4712,7/14/2024 8:00,788,680,108,829.6,788,1085.0,0,65,24.4,17.9,982.7
4713,7/14/2024 9:00,813,704,109,836.6,813,1113.9,4,62,25.2,18.1,982.1
4714,7/14/2024 10:00,758,635,123,768.5,758,1093.8,20,60,25.6,17.9,982.0
4715,7/14/2024 11:00,662,523,139,674.7,662,1026.0,35,59,25.8,17.4,981.8
4716,7/14/2024 12:00,584,461,123,666.8,584,915.1,89,58,25.8,17.1,982.1
4717,7/14/2024 13:00,479,372,107,640.5,479,768.7,99,54,26.0,16.4,982.8
4718,7/14/2024 14:00,343,251,92,556.7,343,596.8,93,56,25.6,14.8,983.0
4719,7/14/2024 15:00,225,153,72,492.8,225,411.0,78,61,24.8,12.3,983.2
4720,7/14/2024 16:00,103,58,45,342.7,103,224.0,79,67,23.1,11.0,983.3
4721,7/14/2024 17:00,16,5,11,57.7,16,55.4,50,72,21.6,11.5,983.4
4722,7/14/2024 18:00,0,0,0,0.0,0,0.0,98,76,20.5,11.5,983.3
4723,7/14/2024 19:00,0,0,0,0.0,0,0.0,99,80,19.8,11.4,983.3
4724,7/14/2024 20:00,0,0,0,0.0,0,0.0,98,83,19.1,11.1,983.3
4725,7/14/2024 21:00,0,0,0,0.0,0,0.0,42,85,18.6,11.1,983.1
4726,7/14/2024 22:00,0,0,0,0.0,0,0.0,3,87,18.0,10.5,982.8
4727,7/14/2024 23:00,0,0,0,0.0,0,0.0,0,89,17.5,10.3,983.1
4728,7/15/2024 0:00,0,0,0,0.0,0,0.0,0,91,17.0,10.2,983.2
4729,7/15/2024 1:00,10,3,7,40.5,10,39.3,1,92,16.7,10.7,983.4
4730,7/15/2024 2:00,86,47,39,329.0,86,189.1,1,88,17.9,11.3,983.7
4731,7/15/2024 3:00,211,148,63,522.7,211,374.8,1,83,19.5,8.9,983.9
4732,7/15/2024 4:00,355,275,80,648.1,355,561.7,0,77,21.4,9.1,984.2
4733,7/15/2024 5:00,497,406,91,729.2,497,737.0,0,70,23.1,10.4,984.1
4734,7/15/2024 6:00,623,525,98,781.9,623,888.9,8,63,24.3,12.2,984.0
4735,7/15/2024 7:00,690,569,121,748.1,690,1006.9,34,61,25.0,11.8,983.9
4736,7/15/2024 8:00,695,543,152,663.7,695,1083.0,32,60,25.3,10.6,984.1
4737,7/15/2024 9:00,731,547,184,651.2,731,1112.0,30,59,25.6,10.2,984.0
4738,7/15/2024 10:00,708,511,197,619.5,708,1091.9,61,57,25.8,10.6,983.8
4739,7/15/2024 11:00,625,390,235,504.1,625,1024.1,99,58,25.0,12.6,983.9
4740,7/15/2024 12:00,360,108,252,156.6,360,913.2,95,73,21.5,14.8,984.2
4741,7/15/2024 13:00,436,266,170,459.3,436,766.7,72,65,23.5,12.9,984.4
4742,7/15/2024 14:00,251,111,140,247.1,251,594.6,70,78,20.5,11.2,984.3
4743,7/15/2024 15:00,161,57,104,184.7,161,408.5,58,81,20.6,9.7,984.6
4744,7/15/2024 16:00,85,37,48,221.3,85,221.3,43,83,20.6,11.6,984.9
4745,7/15/2024 17:00,16,4,12,46.8,16,54.1,50,81,19.9,13.1,985.0
4746,7/15/2024 18:00,0,0,0,0.0,0,0.0,42,79,19.1,13.0,985.1
4747,7/15/2024 19:00,0,0,0,0.0,0,0.0,44,79,18.6,10.5,985.1
4748,7/15/2024 20:00,0,0,0,0.0,0,0.0,39,78,18.3,10.0,985.2
4749,7/15/2024 21:00,0,0,0,0.0,0,0.0,30,78,17.8,12.0,984.9
4750,7/15/2024 22:00,0,0,0,0.0,0,0.0,17,78,17.4,13.4,985.0
4751,7/15/2024 23:00,0,0,0,0.0,0,0.0,5,78,16.6,13.4,985.0
4752,7/16/2024 0:00,0,0,0,0.0,0,0.0,0,80,15.9,12.5,985.1
4753,7/16/2024 1:00,9,2,7,27.4,9,37.6,13,85,14.9,12.0,985.1
4754,7/16/2024 2:00,83,44,39,313.5,83,185.8,4,84,15.6,11.8,985.8
4755,7/16/2024 3:00,209,143,66,509.4,209,371.7,6,79,17.0,12.4,986.3
4756,7/16/2024 4:00,354,273,81,646.8,354,558.8,0,75,18.2,14.3,986.3
4757,7/16/2024 5:00,500,410,90,739.1,500,734.4,0,71,19.6,14.7,986.4
4758,7/16/2024 6:00,632,537,95,802.0,632,886.4,55,66,20.9,15.8,986.4
4759,7/16/2024 7:00,730,620,110,817.0,730,1004.7,91,61,21.9,16.9,986.6
4760,7/16/2024 8:00,793,660,133,808.4,793,1080.9,100,56,22.7,17.3,986.8
4761,7/16/2024 9:00,737,530,207,632.1,737,1110.0,100,54,23.1,16.6,986.8
4762,7/16/2024 10:00,740,523,217,635.2,740,1090.0,100,51,23.5,15.7,987.0
4763,7/16/2024 11:00,666,429,237,555.6,666,1022.2,100,49,23.8,15.9,987.0
4764,7/16/2024 12:00,601,407,194,591.4,601,911.2,97,48,23.7,16.9,987.0
4765,7/16/2024 13:00,441,245,196,424.3,441,764.5,96,45,23.6,13.6,987.5
4766,7/16/2024 14:00,298,140,158,313.0,298,592.2,53,52,22.5,16.6,987.6
4767,7/16/2024 15:00,216,122,94,397.9,216,406.0,6,57,21.6,14.1,987.7
4768,7/16/2024 16:00,102,56,46,339.3,102,218.5,0,62,20.3,12.8,987.9
4769,7/16/2024 17:00,16,6,10,71.1,16,52.6,3,68,18.7,10.6,988.0
4770,7/16/2024 18:00,0,0,0,0.0,0,0.0,18,73,17.6,10.2,987.9
4771,7/16/2024 19:00,0,0,0,0.0,0,0.0,26,73,17.2,11.1,987.9
4772,7/16/2024 20:00,0,0,0,0.0,0,0.0,92,72,17.0,11.4,987.8
4773,7/16/2024 21:00,0,0,0,0.0,0,0.0,100,74,16.7,11.1,988.0
4774,7/16/2024 22:00,0,0,0,0.0,0,0.0,92,71,17.5,11.8,987.8
4775,7/16/2024 23:00,0,0,0,0.0,0,0.0,3,71,17.5,11.7,987.7
4776,7/17/2024 0:00,0,0,0,0.0,0,0.0,76,77,16.2,11.5,987.6
4777,7/17/2024 1:00,8,2,6,28.0,8,35.9,8,84,15.6,12.1,988.2
4778,7/17/2024 2:00,79,40,39,287.7,79,182.3,73,82,16.5,12.5,988.6
4779,7/17/2024 3:00,206,138,68,495.9,206,368.4,100,79,18.0,10.1,988.8
4780,7/17/2024 4:00,344,246,98,586.0,344,555.8,100,74,19.7,9.3,989.0
4781,7/17/2024 5:00,467,319,148,577.3,467,731.6,98,69,21.2,9.7,989.3
4782,7/17/2024 6:00,597,444,153,665.1,597,883.9,51,61,22.5,11.0,989.1
4783,7/17/2024 7:00,716,588,128,776.7,716,1002.4,94,55,23.5,12.5,988.8
4784,7/17/2024 8:00,713,517,196,634.5,713,1078.8,100,52,24.0,12.5,988.6
4785,7/17/2024 9:00,698,453,245,541.3,698,1108.0,100,50,24.5,11.9,988.4
4786,7/17/2024 10:00,456,111,345,135.1,456,1088.0,90,51,24.0,11.6,988.1
4787,7/17/2024 11:00,482,222,260,288.1,482,1020.1,63,51,24.2,9.5,988.1
4788,7/17/2024 12:00,455,212,243,308.8,455,909.0,60,50,24.2,9.9,988.0
4789,7/17/2024 13:00,461,307,154,533.3,461,762.2,18,49,25.0,8.2,987.8
4790,7/17/2024 14:00,320,213,107,478.3,320,589.7,46,50,24.5,7.5,987.6
4791,7/17/2024 15:00,210,127,83,417.0,210,403.2,98,57,23.6,7.2,987.5
4792,7/17/2024 16:00,79,29,50,178.2,79,215.5,53,66,21.9,6.0,987.4
4793,7/17/2024 17:00,14,4,10,48.0,14,51.2,54,71,20.2,6.3,987.0
4794,7/17/2024 18:00,0,0,0,0.0,0,0.0,37,73,19.0,7.3,986.9
4795,7/17/2024 19:00,0,0,0,0.0,0,0.0,72,74,18.4,7.3,986.5
4796,7/17/2024 20:00,0,0,0,0.0,0,0.0,29,76,17.7,6.9,986.0
4797,7/17/2024 21:00,0,0,0,0.0,0,0.0,9,79,17.0,6.2,985.7
4798,7/17/2024 22:00,0,0,0,0.0,0,0.0,14,85,15.8,5.4,985.5
4799,7/17/2024 23:00,0,0,0,0.0,0,0.0,12,86,15.5,6.2,985.6
4800,7/18/2024 0:00,0,0,0,0.0,0,0.0,17,86,15.3,5.9,985.6
4801,7/18/2024 1:00,7,2,5,28.5,7,34.2,33,83,15.2,6.3,985.6
4802,7/18/2024 2:00,79,40,39,290.3,79,178.8,29,79,17.0,6.9,985.5
4803,7/18/2024 3:00,200,135,65,489.6,200,365.1,22,74,19.4,4.4,985.5
4804,7/18/2024 4:00,339,255,84,610.9,339,552.7,85,68,21.5,6.6,985.4
4805,7/18/2024 5:00,407,233,174,423.3,407,728.8,93,62,22.8,7.4,985.1
4806,7/18/2024 6:00,546,353,193,530.4,546,881.4,99,58,23.7,9.4,984.8
4807,7/18/2024 7:00,543,298,245,394.6,543,1000.0,100,55,24.3,11.2,984.3
4808,7/18/2024 8:00,659,349,310,429.3,659,1076.6,97,55,24.9,12.2,983.8
4809,7/18/2024 9:00,674,351,323,420.3,674,1105.9,40,55,25.2,12.6,983.1
4810,7/18/2024 10:00,723,558,165,680.5,723,1085.9,29,56,25.4,13.9,982.5
4811,7/18/2024 11:00,655,501,154,651.7,655,1018.0,68,57,25.2,15.5,981.8
4812,7/18/2024 12:00,426,192,234,280.4,426,906.8,72,80,19.6,23.5,982.4
4813,7/18/2024 13:00,333,181,152,315.5,333,759.8,41,76,20.5,9.2,982.3
4814,7/18/2024 14:00,270,178,92,401.5,270,587.1,17,74,21.2,10.0,982.0
4815,7/18/2024 15:00,206,134,72,443.2,206,400.4,23,76,21.1,9.3,981.9
4816,7/18/2024 16:00,90,47,43,293.0,90,212.4,18,80,20.3,10.0,982.1
4817,7/18/2024 17:00,13,4,9,48.8,13,49.6,3,84,18.9,8.7,981.9
4818,7/18/2024 18:00,0,0,0,0.0,0,0.0,2,87,18.0,9.0,981.7
4819,7/18/2024 19:00,0,0,0,0.0,0,0.0,1,87,17.2,9.1,981.7
4820,7/18/2024 20:00,0,0,0,0.0,0,0.0,0,89,16.5,8.3,981.4
4821,7/18/2024 21:00,0,0,0,0.0,0,0.0,0,91,15.9,8.3,981.3
4822,7/18/2024 22:00,0,0,0,0.0,0,0.0,0,93,15.4,8.6,981.0
4823,7/18/2024 23:00,0,0,0,0.0,0,0.0,0,94,15.1,8.3,981.0
4824,7/19/2024 0:00,0,0,0,0.0,0,0.0,0,94,14.7,7.9,980.9
4825,7/19/2024 1:00,7,2,5,29.1,7,32.4,0,96,14.2,8.2,981.0
4826,7/19/2024 2:00,79,43,36,315.1,79,175.2,0,93,15.4,9.4,981.4
4827,7/19/2024 3:00,207,146,61,534.5,207,361.7,4,89,17.0,8.4,981.6
4828,7/19/2024 4:00,349,268,81,645.8,349,549.6,45,78,19.0,12.2,981.6
4829,7/19/2024 5:00,445,309,136,563.7,445,725.9,50,71,20.3,11.5,981.3
4830,7/19/2024 6:00,557,365,192,550.1,557,878.7,100,64,21.5,10.6,981.0
4831,7/19/2024 7:00,518,231,287,306.7,518,997.5,58,62,22.1,9.3,980.9
4832,7/19/2024 8:00,604,386,218,475.9,604,1074.3,45,57,23.2,7.1,980.5
4833,7/19/2024 9:00,672,407,265,488.4,672,1103.7,97,52,24.2,7.0,980.2
4834,7/19/2024 10:00,420,164,256,200.4,420,1083.7,69,54,23.9,8.8,980.1
4835,7/19/2024 11:00,606,401,205,522.8,606,1015.8,52,51,24.7,8.0,980.1
4836,7/19/2024 12:00,497,326,171,477.4,497,904.5,68,50,24.8,7.9,979.9
4837,7/19/2024 13:00,449,314,135,549.1,449,757.3,7,51,24.8,10.2,979.6
4838,7/19/2024 14:00,348,254,94,575.7,348,584.4,7,53,24.2,9.0,979.2
4839,7/19/2024 15:00,217,146,71,486.6,217,397.4,57,63,24.0,2.6,979.1
4840,7/19/2024 16:00,88,45,43,284.9,88,209.2,94,53,24.0,2.0,979.0
4841,7/19/2024 17:00,13,4,9,49.5,13,48.0,100,58,22.9,2.9,979.0
4842,7/19/2024 18:00,0,0,0,0.0,0,0.0,100,76,19.3,5.0,978.7
4843,7/19/2024 19:00,0,0,0,0.0,0,0.0,99,84,17.6,5.5,978.3
4844,7/19/2024 20:00,0,0,0,0.0,0,0.0,3,88,16.9,4.2,978.1
4845,7/19/2024 21:00,0,0,0,0.0,0,0.0,33,91,16.4,3.6,977.9
4846,7/19/2024 22:00,0,0,0,0.0,0,0.0,93,93,15.6,4.1,977.9
4847,7/19/2024 23:00,0,0,0,0.0,0,0.0,100,93,15.6,5.7,977.6
4848,7/20/2024 0:00,0,0,0,0.0,0,0.0,100,92,15.4,5.2,977.7
4849,7/20/2024 1:00,6,0,6,0.0,6,30.5,100,92,15.1,6.3,978.1
4850,7/20/2024 2:00,61,11,50,81.4,61,171.5,95,86,17.0,6.8,978.2
4851,7/20/2024 3:00,172,79,93,292.1,172,358.3,89,80,19.4,4.3,978.3
4852,7/20/2024 4:00,309,182,127,441.2,309,546.4,77,72,21.6,2.5,978.5
4853,7/20/2024 5:00,467,339,128,621.1,467,723.0,12,61,23.4,4.8,978.5
4854,7/20/2024 6:00,613,505,108,763.6,613,876.0,18,54,24.5,3.6,978.6
4855,7/20/2024 7:00,653,536,117,713.5,653,995.0,35,51,24.9,3.4,978.5
4856,7/20/2024 8:00,709,560,149,692.0,709,1071.9,63,51,25.5,3.8,978.3
4857,7/20/2024 9:00,747,595,152,715.6,747,1101.4,26,49,26.0,4.7,978.4
4858,7/20/2024 10:00,717,576,141,705.5,717,1081.5,36,48,26.0,5.9,978.5
4859,7/20/2024 11:00,633,479,154,626.0,633,1013.5,48,48,25.9,4.9,978.4
4860,7/20/2024 12:00,553,414,139,608.0,553,902.0,26,48,26.0,5.4,978.1
4861,7/20/2024 13:00,420,302,118,530.1,420,754.7,33,48,25.9,9.1,977.7
4862,7/20/2024 14:00,316,215,101,489.7,316,581.5,31,50,25.6,6.9,977.7
4863,7/20/2024 15:00,204,129,75,433.4,204,394.3,44,61,24.8,3.5,977.7
4864,7/20/2024 16:00,79,32,47,206.0,79,205.8,61,78,22.6,5.6,977.9
4865,7/20/2024 17:00,10,2,8,25.2,10,46.3,50,80,20.5,7.3,977.6
4866,7/20/2024 18:00,0,0,0,0.0,0,0.0,70,80,20.0,7.6,977.5
4867,7/20/2024 19:00,0,0,0,0.0,0,0.0,42,81,19.3,8.1,977.5
4868,7/20/2024 20:00,0,0,0,0.0,0,0.0,94,84,18.4,5.2,977.2
4869,7/20/2024 21:00,0,0,0,0.0,0,0.0,100,85,18.1,5.9,977.1
4870,7/20/2024 22:00,0,0,0,0.0,0,0.0,98,88,17.6,7.2,977.1
4871,7/20/2024 23:00,0,0,0,0.0,0,0.0,93,96,16.8,20.9,978.5
4872,7/21/2024 0:00,0,0,0,0.0,0,0.0,88,93,16.9,10.2,977.8
4873,7/21/2024 1:00,2,0,2,0.0,2,28.6,79,91,17.6,4.7,977.4
4874,7/21/2024 2:00,67,26,41,194.4,67,167.6,91,90,18.5,5.6,978.1
4875,7/21/2024 3:00,167,88,79,328.6,167,354.7,98,89,19.6,4.9,977.7
4876,7/21/2024 4:00,313,204,109,497.6,313,543.1,62,79,21.4,4.0,977.8
4877,7/21/2024 5:00,450,324,126,596.2,450,720.0,30,71,22.9,4.2,977.9
4878,7/21/2024 6:00,588,470,118,713.0,588,873.2,26,64,24.2,5.5,977.8
4879,7/21/2024 7:00,622,467,155,623.4,622,992.4,83,62,24.2,6.0,978.0
4880,7/21/2024 8:00,468,205,263,253.9,468,1069.5,70,61,24.4,3.6,977.9
4881,7/21/2024 9:00,584,316,268,380.9,584,1099.0,55,60,24.9,1.6,977.5
4882,7/21/2024 10:00,583,376,207,461.6,583,1079.1,42,59,25.3,1.6,977.2
4883,7/21/2024 11:00,612,421,191,551.6,612,1011.1,69,57,25.9,4.2,976.8
4884,7/21/2024 12:00,565,431,134,634.8,565,899.5,84,57,25.9,4.1,976.6
4885,7/21/2024 13:00,418,277,141,488.0,418,752.0,69,50,26.5,4.3,976.7
4886,7/21/2024 14:00,267,145,122,332.0,267,578.6,100,52,26.2,4.2,976.4
4887,7/21/2024 15:00,140,45,95,152.4,140,391.1,100,63,25.0,4.0,976.3
4888,7/21/2024 16:00,52,6,46,39.3,52,202.3,72,66,23.6,8.9,975.8
4889,7/21/2024 17:00,9,2,7,25.6,9,44.6,77,71,22.0,10.8,975.5
4890,7/21/2024 18:00,0,0,0,0.0,0,0.0,100,83,19.8,20.4,976.1
4891,7/21/2024 19:00,0,0,0,0.0,0,0.0,100,94,17.9,14.0,976.9
4892,7/21/2024 20:00,0,0,0,0.0,0,0.0,100,93,18.0,12.8,975.7
4893,7/21/2024 21:00,0,0,0,0.0,0,0.0,100,92,18.1,4.1,975.2
4894,7/21/2024 22:00,0,0,0,0.0,0,0.0,100,96,17.6,9.1,974.8
4895,7/21/2024 23:00,0,0,0,0.0,0,0.0,100,96,17.2,10.2,974.7
4896,7/22/2024 0:00,0,0,0,0.0,0,0.0,99,97,16.8,11.9,975.1
4897,7/22/2024 1:00,2,0,2,0.0,2,26.7,100,97,17.0,7.3,975.3
4898,7/22/2024 2:00,21,0,21,0.0,21,163.8,100,95,17.1,6.5,975.1
4899,7/22/2024 3:00,95,8,87,30.2,95,351.1,100,93,17.5,7.8,975.3
4900,7/22/2024 4:00,69,0,69,0.0,69,539.8,100,93,17.0,5.2,975.4
4901,7/22/2024 5:00,92,0,92,0.0,92,716.9,100,93,17.0,9.9,975.3
4902,7/22/2024 6:00,201,1,200,1.5,201,870.4,100,90,18.0,10.8,975.4
4903,7/22/2024 7:00,263,14,249,18.7,263,989.8,100,88,18.0,12.0,975.6
4904,7/22/2024 8:00,234,17,217,21.1,234,1067.0,100,93,17.8,12.7,975.9
4905,7/22/2024 9:00,280,25,255,30.2,280,1096.6,100,85,18.6,11.5,976.1
4906,7/22/2024 10:00,217,20,197,24.6,217,1076.7,100,82,19.0,10.1,976.5
4907,7/22/2024 11:00,354,101,253,132.7,354,1008.6,99,80,19.4,11.9,977.2
4908,7/22/2024 12:00,172,12,160,17.7,172,896.8,96,83,18.5,14.3,977.7
4909,7/22/2024 13:00,251,55,196,97.3,251,749.1,100,78,18.7,16.9,978.2
4910,7/22/2024 14:00,186,29,157,66.8,186,575.5,100,76,18.2,17.9,978.7
4911,7/22/2024 15:00,60,0,60,0.0,60,387.7,100,78,17.3,16.3,979.2
4912,7/22/2024 16:00,52,3,49,20.0,52,198.6,100,78,16.9,14.5,979.5
4913,7/22/2024 17:00,5,0,5,0.0,5,42.7,100,77,16.3,17.6,979.7
4914,7/22/2024 18:00,0,0,0,0.0,0,0.0,98,78,15.6,16.7,979.9
4915,7/22/2024 19:00,0,0,0,0.0,0,0.0,100,79,14.9,14.7,980.1
4916,7/22/2024 20:00,0,0,0,0.0,0,0.0,100,81,14.2,12.6,980.2
4917,7/22/2024 21:00,0,0,0,0.0,0,0.0,100,83,13.6,11.0,980.1
4918,7/22/2024 22:00,0,0,0,0.0,0,0.0,100,85,13.1,9.7,980.1
4919,7/22/2024 23:00,0,0,0,0.0,0,0.0,100,85,12.8,9.8,980.3
4920,7/23/2024 0:00,0,0,0,0.0,0,0.0,100,84,12.6,11.6,980.4
4921,7/23/2024 1:00,2,0,2,0.0,2,24.7,100,80,13.6,11.5,980.4
4922,7/23/2024 2:00,31,0,31,0.0,31,159.8,100,80,13.9,12.6,980.6
4923,7/23/2024 3:00,88,5,83,19.1,88,347.4,100,80,14.2,13.8,980.7
4924,7/23/2024 4:00,187,26,161,64.2,187,536.3,100,78,15.0,15.8,980.8
4925,7/23/2024 5:00,212,10,202,18.6,212,713.7,100,77,15.5,15.7,980.9
4926,7/23/2024 6:00,229,10,219,15.3,229,867.5,100,76,15.8,14.5,980.9
4927,7/23/2024 7:00,248,5,243,6.7,248,987.1,100,74,16.2,14.7,980.8
4928,7/23/2024 8:00,299,14,285,17.4,299,1064.4,100,72,17.0,15.4,981.1
4929,7/23/2024 9:00,195,1,194,1.2,195,1094.1,100,73,17.0,14.0,981.2
4930,7/23/2024 10:00,185,6,179,7.4,185,1074.2,100,74,17.1,13.0,981.2
4931,7/23/2024 11:00,203,9,194,11.9,203,1006.0,100,73,17.5,13.6,981.2
4932,7/23/2024 12:00,210,17,193,25.2,210,894.1,100,73,17.6,14.2,981.1
4933,7/23/2024 13:00,125,4,121,7.1,125,746.2,100,78,17.0,12.7,981.2
4934,7/23/2024 14:00,66,0,66,0.0,66,572.3,100,81,16.5,11.0,981.1
4935,7/23/2024 15:00,102,7,95,24.1,102,384.2,81,83,16.6,10.3,980.8
4936,7/23/2024 16:00,80,31,49,210.8,80,194.9,83,89,15.8,8.7,980.8
4937,7/23/2024 17:00,8,1,7,13.3,8,40.9,97,95,14.9,9.4,980.8
4938,7/23/2024 18:00,0,0,0,0.0,0,0.0,100,93,15.4,10.5,980.3
4939,7/23/2024 19:00,0,0,0,0.0,0,0.0,100,92,15.6,10.1,980.2
4940,7/23/2024 20:00,0,0,0,0.0,0,0.0,100,92,15.6,8.3,980.1
4941,7/23/2024 21:00,0,0,0,0.0,0,0.0,100,89,15.6,10.0,980.0
4942,7/23/2024 22:00,0,0,0,0.0,0,0.0,100,86,15.4,13.4,979.5
4943,7/23/2024 23:00,0,0,0,0.0,0,0.0,10,84,14.9,14.1,978.8
4944,7/24/2024 0:00,0,0,0,0.0,0,0.0,61,86,13.6,13.0,978.7
4945,7/24/2024 1:00,4,0,4,0.0,4,22.7,48,89,13.1,12.7,979.7
4946,7/24/2024 2:00,65,31,34,239.4,65,155.8,1,88,13.4,14.2,979.8
4947,7/24/2024 3:00,187,121,66,466.7,187,343.6,0,86,14.6,12.4,979.6
4948,7/24/2024 4:00,346,271,75,674.1,346,532.9,0,81,16.5,11.8,979.6
4949,7/24/2024 5:00,490,402,88,749.9,490,710.5,14,72,18.1,13.0,979.5
4950,7/24/2024 6:00,615,512,103,785.0,615,864.5,6,62,19.4,16.1,979.1
4951,7/24/2024 7:00,717,612,105,824.1,717,984.3,0,53,20.2,17.3,978.6
4952,7/24/2024 8:00,790,685,105,855.1,790,1061.8,5,51,20.8,16.3,978.3
4953,7/24/2024 9:00,781,634,147,769.9,781,1091.5,100,48,21.5,14.8,978.1
4954,7/24/2024 10:00,537,238,299,294.4,537,1071.6,66,48,21.6,13.2,977.5
4955,7/24/2024 11:00,574,308,266,406.9,574,1003.3,72,47,22.1,12.5,977.2
4956,7/24/2024 12:00,533,337,196,501.2,533,891.3,77,43,22.5,12.3,976.6
4957,7/24/2024 13:00,374,190,184,338.9,374,743.1,32,46,21.6,13.3,976.8
4958,7/24/2024 14:00,356,267,89,622.0,356,569.0,94,47,21.6,8.9,976.5
4959,7/24/2024 15:00,205,131,74,456.2,205,380.6,92,56,20.2,13.0,976.4
4960,7/24/2024 16:00,78,32,46,222.1,78,191.0,33,65,18.3,9.3,976.2
4961,7/24/2024 17:00,9,2,7,27.2,9,38.9,1,71,16.5,9.2,976.0
4962,7/24/2024 18:00,0,0,0,0.0,0,0.0,4,75,15.4,8.7,975.5
4963,7/24/2024 19:00,0,0,0,0.0,0,0.0,57,76,14.8,10.8,975.1
4964,7/24/2024 20:00,0,0,0,0.0,0,0.0,48,77,14.4,13.5,974.7
4965,7/24/2024 21:00,0,0,0,0.0,0,0.0,54,80,13.9,13.9,974.6
4966,7/24/2024 22:00,0,0,0,0.0,0,0.0,38,83,13.4,13.9,974.1
4967,7/24/2024 23:00,0,0,0,0.0,0,0.0,37,86,12.9,14.2,973.7
4968,7/25/2024 0:00,0,0,0,0.0,0,0.0,74,89,12.4,15.3,973.4
4969,7/25/2024 1:00,3,1,2,16.8,3,20.6,34,96,12.4,16.0,973.7
4970,7/25/2024 2:00,62,27,35,210.9,62,151.6,29,92,13.2,15.0,973.6
4971,7/25/2024 3:00,188,125,63,487.6,188,339.8,49,86,14.5,16.6,973.4
4972,7/25/2024 4:00,328,241,87,603.6,328,529.3,74,79,15.7,20.8,973.1
4973,7/25/2024 5:00,451,315,136,590.4,451,707.3,87,73,17.0,21.0,972.9
4974,7/25/2024 6:00,543,372,171,572.4,543,861.5,61,70,18.0,18.8,972.7
4975,7/25/2024 7:00,576,352,224,475.4,576,981.5,89,69,18.5,18.7,972.5
4976,7/25/2024 8:00,576,294,282,368.0,576,1059.1,92,69,18.7,18.2,972.3
4977,7/25/2024 9:00,609,272,337,331.2,609,1088.9,89,67,19.2,18.0,972.2
4978,7/25/2024 10:00,606,317,289,393.2,606,1068.9,83,67,18.1,19.4,972.4
4979,7/25/2024 11:00,364,187,177,247.8,364,1000.5,6,71,18.5,17.1,972.2
4980,7/25/2024 12:00,575,449,126,670.1,575,888.3,83,65,19.7,20.1,972.0
4981,7/25/2024 13:00,340,194,146,347.6,340,740.0,31,70,17.8,18.9,972.8
4982,7/25/2024 14:00,298,202,96,473.5,298,565.6,16,71,17.8,19.0,972.5
4983,7/25/2024 15:00,201,132,69,464.3,201,376.9,41,70,17.1,20.0,972.3
4984,7/25/2024 16:00,67,30,37,211.9,67,186.9,17,77,15.6,17.3,972.6
4985,7/25/2024 17:00,8,2,6,27.8,8,36.9,33,84,14.6,17.4,972.8
4986,7/25/2024 18:00,0,0,0,0.0,0,0.0,100,87,14.0,16.0,972.6
4987,7/25/2024 19:00,0,0,0,0.0,0,0.0,23,86,14.1,16.3,972.6
4988,7/25/2024 20:00,0,0,0,0.0,0,0.0,7,93,12.8,15.9,972.7
4989,7/25/2024 21:00,0,0,0,0.0,0,0.0,100,95,12.4,15.5,972.9
4990,7/25/2024 22:00,0,0,0,0.0,0,0.0,26,91,13.1,16.2,972.9
4991,7/25/2024 23:00,0,0,0,0.0,0,0.0,14,92,12.6,15.9,973.0
4992,7/26/2024 0:00,0,0,0,0.0,0,0.0,11,92,12.4,16.2,973.1
4993,7/26/2024 1:00,2,0,2,0.0,2,18.5,100,86,13.0,18.8,972.6
4994,7/26/2024 2:00,34,5,29,39.5,34,147.5,22,86,13.0,18.8,972.7
4995,7/26/2024 3:00,172,99,73,390.7,172,335.9,30,81,13.8,24.5,972.9
4996,7/26/2024 4:00,297,191,106,481.7,297,525.7,67,77,14.5,24.1,973.2
4997,7/26/2024 5:00,409,251,158,472.8,409,704.0,69,73,15.2,23.8,973.1
4998,7/26/2024 6:00,458,251,207,387.7,458,858.4,39,65,15.6,24.5,973.4
4999,7/26/2024 7:00,497,344,153,466.1,497,978.6,96,67,15.7,25.8,973.5
5000,7/26/2024 8:00,378,179,199,224.7,378,1056.3,97,72,15.6,21.0,974.0
5001,7/26/2024 9:00,648,371,277,452.9,648,1086.2,100,66,16.9,21.7,974.4
5002,7/26/2024 10:00,514,213,301,264.9,514,1066.2,100,63,17.0,22.9,974.7
5003,7/26/2024 11:00,286,69,217,91.7,286,997.7,99,78,14.9,17.4,975.1
5004,7/26/2024 12:00,508,301,207,450.8,508,885.3,97,68,15.6,24.9,975.5
5005,7/26/2024 13:00,313,160,153,288.0,313,736.7,100,69,15.1,21.0,976.0
5006,7/26/2024 14:00,239,97,142,228.9,239,562.0,21,68,14.6,22.7,976.5
5007,7/26/2024 15:00,198,118,80,419.4,198,373.1,100,73,14.0,17.0,976.4
5008,7/26/2024 16:00,61,12,49,85.7,61,182.8,100,77,13.4,17.1,976.6
5009,7/26/2024 17:00,5,0,5,0.0,5,34.8,100,80,12.9,18.7,977.2
5010,7/26/2024 18:00,0,0,0,0.0,0,0.0,100,81,12.6,18.5,977.2
5011,7/26/2024 19:00,0,0,0,0.0,0,0.0,100,85,12.1,18.2,976.9
5012,7/26/2024 20:00,0,0,0,0.0,0,0.0,100,88,11.9,18.3,977.1
5013,7/26/2024 21:00,0,0,0,0.0,0,0.0,100,90,11.9,19.2,976.9
5014,7/26/2024 22:00,0,0,0,0.0,0,0.0,100,91,11.8,19.7,976.9
5015,7/26/2024 23:00,0,0,0,0.0,0,0.0,100,90,11.8,20.8,977.0
5016,7/27/2024 0:00,0,0,0,0.0,0,0.0,100,90,11.8,20.2,977.2
5017,7/27/2024 1:00,0,0,0,0.0,0,16.4,100,91,11.9,19.6,977.2
5018,7/27/2024 2:00,14,0,14,0.0,14,143.3,100,91,12.1,18.8,977.7
5019,7/27/2024 3:00,61,0,61,0.0,61,332.0,98,88,12.6,18.8,977.8
5020,7/27/2024 4:00,204,42,162,106.7,204,522.1,100,87,13.8,16.9,978.0
5021,7/27/2024 5:00,349,129,220,244.2,349,700.6,100,81,15.0,17.8,978.3
5022,7/27/2024 6:00,478,231,247,358.2,478,855.3,100,74,16.4,18.1,978.5
5023,7/27/2024 7:00,639,426,213,579.0,639,975.7,100,61,17.8,20.7,978.5
5024,7/27/2024 8:00,673,397,276,499.8,673,1053.5,74,55,18.5,22.2,979.0
5025,7/27/2024 9:00,700,528,172,646.4,700,1083.4,77,51,19.3,21.9,979.3
5026,7/27/2024 10:00,731,561,170,699.7,731,1063.4,22,46,20.0,23.2,979.9
5027,7/27/2024 11:00,680,542,138,722.6,680,994.7,22,42,20.2,24.3,980.1
5028,7/27/2024 12:00,571,438,133,658.5,571,882.2,19,41,20.2,23.7,980.0
5029,7/27/2024 13:00,451,316,135,571.5,451,733.4,100,42,20.6,21.9,979.4
5030,7/27/2024 14:00,210,68,142,161.5,210,558.4,37,50,19.7,18.9,979.7
5031,7/27/2024 15:00,177,104,73,373.7,177,369.1,14,55,18.7,13.6,979.6
5032,7/27/2024 16:00,77,38,39,274.2,77,178.5,28,62,17.0,9.7,979.6
5033,7/27/2024 17:00,6,1,5,14.5,6,32.7,19,64,16.4,13.2,979.8
5034,7/27/2024 18:00,0,0,0,0.0,0,0.0,65,70,15.6,12.6,979.9
5035,7/27/2024 19:00,0,0,0,0.0,0,0.0,21,74,15.2,10.9,979.6
5036,7/27/2024 20:00,0,0,0,0.0,0,0.0,37,81,14.1,12.6,979.5
5037,7/27/2024 21:00,0,0,0,0.0,0,0.0,9,84,13.7,12.6,979.3
5038,7/27/2024 22:00,0,0,0,0.0,0,0.0,100,86,13.3,12.7,979.0
5039,7/27/2024 23:00,0,0,0,0.0,0,0.0,35,84,13.6,13.0,979.0
5040,7/28/2024 0:00,0,0,0,0.0,0,0.0,23,88,12.9,12.6,978.8
5041,7/28/2024 1:00,2,0,2,0.0,2,14.2,18,93,12.9,13.8,978.8
5042,7/28/2024 2:00,54,23,31,186.3,54,139.0,61,93,13.2,12.5,979.1
5043,7/28/2024 3:00,160,82,78,331.6,160,328.0,43,87,14.4,17.1,979.3
5044,7/28/2024 4:00,284,171,113,437.5,284,518.4,99,81,15.4,16.4,979.4
5045,7/28/2024 5:00,418,251,167,477.5,418,697.2,100,70,16.0,17.7,979.4
5046,7/28/2024 6:00,476,229,247,356.5,476,852.2,26,65,16.5,19.3,979.7
5047,7/28/2024 7:00,690,573,117,781.4,690,972.7,17,59,17.5,20.3,979.9
5048,7/28/2024 8:00,735,601,134,758.8,735,1050.6,42,55,18.0,21.3,979.8
5049,7/28/2024 9:00,658,477,181,585.6,658,1080.6,100,54,18.2,22.2,979.9
5050,7/28/2024 10:00,618,407,211,509.1,618,1060.5,100,50,18.8,21.9,980.0
5051,7/28/2024 11:00,593,420,173,561.8,593,991.7,100,48,19.4,22.0,979.8
5052,7/28/2024 12:00,440,197,243,297.3,440,879.0,91,46,19.3,21.4,979.9
5053,7/28/2024 13:00,426,286,140,519.8,426,729.9,67,41,19.7,20.0,979.6
5054,7/28/2024 14:00,228,95,133,227.2,228,554.6,54,49,19.0,12.8,979.6
5055,7/28/2024 15:00,176,94,82,341.6,176,365.1,49,56,18.1,7.1,979.4
5056,7/28/2024 16:00,69,28,41,204.4,69,174.2,12,69,16.1,6.0,979.4
5057,7/28/2024 17:00,6,1,5,14.9,6,30.5,11,74,13.6,9.2,979.3
5058,7/28/2024 18:00,0,0,0,0.0,0,0.0,34,75,13.0,8.8,979.0
5059,7/28/2024 19:00,0,0,0,0.0,0,0.0,27,71,13.5,6.8,978.9
5060,7/28/2024 20:00,0,0,0,0.0,0,0.0,51,73,12.9,7.9,978.5
5061,7/28/2024 21:00,0,0,0,0.0,0,0.0,9,70,12.9,7.8,978.1
5062,7/28/2024 22:00,0,0,0,0.0,0,0.0,0,72,12.1,7.7,977.6
5063,7/28/2024 23:00,0,0,0,0.0,0,0.0,0,72,11.6,7.2,977.5
5064,7/29/2024 0:00,0,0,0,0.0,0,0.0,45,74,11.1,7.1,977.4
5065,7/29/2024 1:00,2,0,2,0.0,2,12.0,14,81,10.2,6.9,977.1
5066,7/29/2024 2:00,57,26,31,213.3,57,134.6,7,77,12.1,6.8,977.3
5067,7/29/2024 3:00,181,124,57,507.8,181,324.0,5,74,14.5,7.1,977.2
5068,7/29/2024 4:00,329,254,75,654.7,329,514.7,8,70,16.8,6.2,977.4
5069,7/29/2024 5:00,475,387,88,740.1,475,693.8,6,65,18.9,6.9,977.2
5070,7/29/2024 6:00,607,511,96,798.6,607,849.0,0,62,20.5,7.7,976.8
5071,7/29/2024 7:00,710,609,101,833.3,710,969.7,30,49,21.7,9.8,976.6
5072,7/29/2024 8:00,666,497,169,629.4,666,1047.7,33,47,22.2,8.9,976.3
5073,7/29/2024 9:00,679,493,186,607.0,679,1077.6,26,48,22.4,12.1,975.9
5074,7/29/2024 10:00,660,501,159,628.6,660,1057.5,24,48,22.6,10.6,975.8
5075,7/29/2024 11:00,645,495,150,664.3,645,988.6,27,49,22.9,12.6,975.5
5076,7/29/2024 12:00,541,412,129,624.3,541,875.7,33,53,22.3,15.0,975.5
5077,7/29/2024 13:00,356,209,147,381.8,356,726.3,78,60,22.8,11.5,975.1
5078,7/29/2024 14:00,194,55,139,132.5,194,550.7,82,68,21.8,10.8,974.9
5079,7/29/2024 15:00,152,86,66,316.2,152,360.9,97,76,20.9,4.5,974.9
5080,7/29/2024 16:00,64,22,42,162.5,64,169.7,100,83,18.9,4.9,974.6
5081,7/29/2024 17:00,4,0,4,0.0,4,28.2,100,85,17.7,6.2,974.6
5082,7/29/2024 18:00,0,0,0,0.0,0,0.0,100,83,17.8,6.9,974.5
5083,7/29/2024 19:00,0,0,0,0.0,0,0.0,100,83,18.0,8.4,974.4
5084,7/29/2024 20:00,0,0,0,0.0,0,0.0,100,86,17.4,8.4,974.3
5085,7/29/2024 21:00,0,0,0,0.0,0,0.0,100,87,16.9,7.6,974.0
5086,7/29/2024 22:00,0,0,0,0.0,0,0.0,100,89,16.6,4.7,973.7
5087,7/29/2024 23:00,0,0,0,0.0,0,0.0,100,91,16.4,6.5,973.9
5088,7/30/2024 0:00,0,0,0,0.0,0,0.0,100,95,15.9,8.7,973.9
5089,7/30/2024 1:00,1,0,1,0.0,1,9.8,97,97,16.2,8.0,974.0
5090,7/30/2024 2:00,26,4,22,33.2,26,130.3,100,95,16.6,9.7,973.7
5091,7/30/2024 3:00,122,25,97,103.7,122,319.9,100,95,17.4,12.0,973.6
5092,7/30/2024 4:00,131,9,122,23.4,131,511.0,100,94,17.9,14.3,973.8
5093,7/30/2024 5:00,224,60,164,115.3,224,690.3,100,88,19.0,12.1,973.4
5094,7/30/2024 6:00,363,127,236,199.3,363,845.7,100,80,20.4,12.2,973.2
5095,7/30/2024 7:00,318,64,254,87.9,318,966.6,100,79,20.6,17.7,973.5
5096,7/30/2024 8:00,300,45,255,57.2,300,1044.7,100,84,20.6,13.1,973.1
5097,7/30/2024 9:00,312,21,291,25.9,312,1074.7,100,84,20.5,16.4,972.8
5098,7/30/2024 10:00,328,46,282,57.9,328,1054.5,100,83,21.0,17.7,972.6
5099,7/30/2024 11:00,408,76,332,102.4,408,985.4,100,82,21.9,15.5,972.7
5100,7/30/2024 12:00,354,87,267,132.4,354,872.3,100,76,22.2,17.9,972.6
5101,7/30/2024 13:00,220,30,190,55.1,220,722.6,100,77,21.8,12.0,973.4
5102,7/30/2024 14:00,227,65,162,157.8,227,546.8,100,76,22.1,13.8,973.5
5103,7/30/2024 15:00,162,65,97,241.9,162,356.6,100,77,21.9,12.7,973.5
5104,7/30/2024 16:00,50,4,46,29.9,50,165.1,100,81,20.7,12.2,973.3
5105,7/30/2024 17:00,4,0,4,0.0,4,25.9,100,83,20.0,15.7,973.7
5106,7/30/2024 18:00,0,0,0,0.0,0,0.0,100,85,19.5,15.5,973.4
5107,7/30/2024 19:00,0,0,0,0.0,0,0.0,100,89,18.7,14.8,973.6
5108,7/30/2024 20:00,0,0,0,0.0,0,0.0,100,94,18.0,14.8,973.5
5109,7/30/2024 21:00,0,0,0,0.0,0,0.0,100,96,17.8,12.7,973.0
5110,7/30/2024 22:00,0,0,0,0.0,0,0.0,100,97,17.4,12.7,972.8
5111,7/30/2024 23:00,0,0,0,0.0,0,0.0,100,98,17.0,10.8,972.4
5112,7/31/2024 0:00,0,0,0,0.0,0,0.0,100,96,16.6,12.9,972.5
5113,7/31/2024 1:00,0,0,0,0.0,0,7.5,100,97,16.6,13.0,972.1
5114,7/31/2024 2:00,36,6,30,50.5,36,125.9,100,92,18.0,17.3,971.6
5115,7/31/2024 3:00,69,3,66,12.6,69,315.8,100,93,18.2,18.1,971.5
5116,7/31/2024 4:00,130,5,125,13.1,130,507.2,100,89,18.7,20.2,971.0
5117,7/31/2024 5:00,121,18,103,34.8,121,686.8,100,89,18.6,21.4,970.6
5118,7/31/2024 6:00,223,33,190,52.0,223,842.4,100,88,19.2,22.1,970.4
5119,7/31/2024 7:00,253,17,236,23.4,253,963.5,100,83,19.9,23.0,970.0
5120,7/31/2024 8:00,241,11,230,14.0,241,1041.7,62,86,18.5,17.6,970.3
5121,7/31/2024 9:00,492,245,247,303.5,492,1071.6,100,85,19.3,21.6,970.8
5122,7/31/2024 10:00,229,33,196,41.7,229,1051.4,56,87,18.2,10.0,971.2
5123,7/31/2024 11:00,507,328,179,443.3,507,982.2,42,82,19.6,18.6,970.9
5124,7/31/2024 12:00,494,352,142,537.9,494,868.8,10,74,20.6,17.7,971.4
5125,7/31/2024 13:00,413,304,109,561.4,413,718.9,53,65,21.0,15.7,971.5
5126,7/31/2024 14:00,254,151,103,369.4,254,542.7,23,68,20.8,14.4,971.8
5127,7/31/2024 15:00,166,102,64,384.5,166,352.2,15,71,20.1,9.3,971.6
5128,7/31/2024 16:00,63,31,32,234.9,63,160.3,7,77,18.6,6.6,971.9
5129,7/31/2024 17:00,4,1,3,16.2,4,23.5,6,83,17.0,7.1,972.1
5130,7/31/2024 18:00,0,0,0,0.0,0,0.0,100,87,15.8,5.9,972.0
5131,7/31/2024 19:00,0,0,0,0.0,0,0.0,100,87,15.6,6.6,972.0
5132,7/31/2024 20:00,0,0,0,0.0,0,0.0,99,88,15.1,6.4,971.8
5133,7/31/2024 21:00,0,0,0,0.0,0,0.0,98,90,14.3,5.7,971.7
5134,7/31/2024 22:00,0,0,0,0.0,0,0.0,88,90,13.9,6.0,971.5
5135,7/31/2024 23:00,0,0,0,0.0,0,0.0,100,92,13.0,7.7,971.5
5136,8/1/2024 0:00,0,0,0,0.0,0,0.0,87,92,13.2,5.9,971.8
5137,8/1/2024 1:00,1,0,1,0.0,1,5.2,51,95,13.1,5.0,971.5
5138,8/1/2024 2:00,44,13,31,111.0,44,121.4,18,93,14.2,5.9,971.9
5139,8/1/2024 3:00,162,101,61,430.2,162,311.7,7,89,16.2,5.2,972.3
5140,8/1/2024 4:00,306,224,82,590.9,306,503.3,1,82,18.4,5.7,972.2
5141,8/1/2024 5:00,452,359,93,697.7,452,683.2,21,73,20.2,7.7,971.9
5142,8/1/2024 6:00,556,436,120,689.9,556,839.1,57,73,19.9,10.8,971.9
5143,8/1/2024 7:00,551,342,209,472.9,551,960.3,59,73,20.4,11.2,971.7
5144,8/1/2024 8:00,665,453,212,579.2,665,1038.5,72,70,21.1,13.8,971.9
5145,8/1/2024 9:00,698,474,224,589.0,698,1068.5,91,78,19.9,12.7,972.0
5146,8/1/2024 10:00,484,163,321,206.5,484,1048.1,99,72,20.6,13.3,971.6
5147,8/1/2024 11:00,204,34,170,46.1,204,978.8,99,76,19.5,6.4,971.7
5148,8/1/2024 12:00,439,204,235,313.1,439,865.1,100,70,20.2,15.5,971.6
5149,8/1/2024 13:00,344,139,205,258.2,344,715.0,99,74,19.2,16.0,972.1
5150,8/1/2024 14:00,249,109,140,268.8,249,538.4,100,73,19.0,11.8,972.0
5151,8/1/2024 15:00,145,43,102,164.3,145,347.6,98,79,18.7,10.7,972.1
5152,8/1/2024 16:00,58,22,36,168.9,58,155.4,87,83,17.5,10.4,972.1
5153,8/1/2024 17:00,3,0,3,0.0,3,21.0,17,87,16.3,11.2,972.3
5154,8/1/2024 18:00,0,0,0,0.0,0,0.0,6,91,15.1,11.8,972.1
5155,8/1/2024 19:00,0,0,0,0.0,0,0.0,2,94,14.4,11.0,972.1
5156,8/1/2024 20:00,0,0,0,0.0,0,0.0,49,94,14.1,10.2,972.1
5157,8/1/2024 21:00,0,0,0,0.0,0,0.0,95,93,14.2,13.5,972.3
5158,8/1/2024 22:00,0,0,0,0.0,0,0.0,78,92,14.6,11.1,972.1
5159,8/1/2024 23:00,0,0,0,0.0,0,0.0,100,96,13.8,9.5,971.8
5160,8/2/2024 0:00,0,0,0,0.0,0,0.0,100,96,13.7,8.1,971.8
5161,8/2/2024 1:00,0,0,0,0.0,0,2.9,100,98,14.3,9.5,972.1
5162,8/2/2024 2:00,31,1,30,8.7,31,116.8,100,97,14.4,10.1,972.2
5163,8/2/2024 3:00,113,17,96,73.4,113,307.4,100,93,15.6,12.8,972.1
5164,8/2/2024 4:00,257,116,141,308.5,257,499.4,97,88,16.9,14.2,972.0
5165,8/2/2024 5:00,345,155,190,302.9,345,679.6,18,80,18.1,15.8,971.8
5166,8/2/2024 6:00,535,401,134,637.3,535,835.6,19,76,19.4,15.0,971.9
5167,8/2/2024 7:00,644,507,137,703.6,644,957.0,37,72,20.3,16.2,971.8
5168,8/2/2024 8:00,676,496,180,636.3,676,1035.3,55,69,20.6,16.8,971.5
5169,8/2/2024 9:00,668,435,233,542.3,668,1065.3,100,62,21.3,17.9,971.2
5170,8/2/2024 10:00,318,32,286,40.7,318,1044.8,69,73,19.5,15.1,971.2
5171,8/2/2024 11:00,572,378,194,514.8,572,975.3,99,63,21.1,15.9,970.9
5172,8/2/2024 12:00,225,51,174,78.6,225,861.4,90,82,17.9,15.8,971.2
5173,8/2/2024 13:00,251,58,193,108.4,251,710.9,68,76,18.2,9.9,971.6
5174,8/2/2024 14:00,280,152,128,378.0,280,534.1,81,75,18.1,13.5,971.4
5175,8/2/2024 15:00,149,57,92,220.8,149,342.9,100,80,17.5,8.9,971.3
5176,8/2/2024 16:00,54,15,39,116.8,54,150.4,49,86,16.4,9.2,971.4
5177,8/2/2024 17:00,2,0,2,0.0,2,18.5,21,85,15.6,8.7,971.5
5178,8/2/2024 18:00,0,0,0,0.0,0,0.0,3,90,14.4,7.8,971.2
5179,8/2/2024 19:00,0,0,0,0.0,0,0.0,10,92,13.9,8.0,971.0
5180,8/2/2024 20:00,0,0,0,0.0,0,0.0,3,94,13.3,7.4,970.9
5181,8/2/2024 21:00,0,0,0,0.0,0,0.0,17,94,12.9,7.5,971.0
5182,8/2/2024 22:00,0,0,0,0.0,0,0.0,26,95,12.6,5.5,970.8
5183,8/2/2024 23:00,0,0,0,0.0,0,0.0,8,96,12.1,5.4,970.6
5184,8/3/2024 0:00,0,0,0,0.0,0,0.0,12,97,12.2,6.6,970.6
5185,8/3/2024 1:00,0,0,0,0.0,0,0.5,26,98,12.3,6.0,970.8
5186,8/3/2024 2:00,39,16,23,140.6,39,112.2,59,97,12.8,8.7,971.0
5187,8/3/2024 3:00,142,69,73,302.4,142,303.1,100,91,14.3,11.6,971.0
5188,8/3/2024 4:00,221,63,158,168.9,221,495.4,100,87,15.4,12.1,971.1
5189,8/3/2024 5:00,301,72,229,141.5,301,675.8,100,83,16.4,10.0,971.3
5190,8/3/2024 6:00,354,84,270,134.1,354,832.1,100,82,17.0,10.0,971.4
5191,8/3/2024 7:00,475,166,309,231.2,475,953.6,100,79,17.8,11.4,971.8
5192,8/3/2024 8:00,525,223,302,287.1,525,1032.0,100,73,18.8,11.6,972.2
5193,8/3/2024 9:00,531,192,339,240.2,531,1062.0,100,69,19.3,11.5,972.4
5194,8/3/2024 10:00,374,60,314,76.5,374,1041.4,37,70,18.9,11.3,972.3
5195,8/3/2024 11:00,590,426,164,582.5,590,971.7,31,68,19.9,11.3,972.5
5196,8/3/2024 12:00,539,405,134,627.5,539,857.5,13,66,20.3,11.3,972.5
5197,8/3/2024 13:00,396,273,123,513.2,396,706.7,56,68,19.8,16.8,972.9
5198,8/3/2024 14:00,243,146,97,366.3,243,529.5,33,73,19.2,14.1,973.0
5199,8/3/2024 15:00,151,85,66,334.1,151,338.0,72,77,18.6,12.3,973.3
5200,8/3/2024 16:00,53,20,33,158.1,53,145.2,81,84,17.2,8.7,973.5
5201,8/3/2024 17:00,2,0,2,0.0,2,15.8,85,92,15.9,8.8,973.8
5202,8/3/2024 18:00,0,0,0,0.0,0,0.0,51,93,15.4,8.2,973.9
5203,8/3/2024 19:00,0,0,0,0.0,0,0.0,9,95,14.9,9.5,974.0
5204,8/3/2024 20:00,0,0,0,0.0,0,0.0,7,95,14.8,9.7,974.1
5205,8/3/2024 21:00,0,0,0,0.0,0,0.0,5,95,14.8,10.3,974.2
5206,8/3/2024 22:00,0,0,0,0.0,0,0.0,4,95,14.6,10.1,974.2
5207,8/3/2024 23:00,0,0,0,0.0,0,0.0,13,96,14.5,9.3,974.4
5208,8/4/2024 0:00,0,0,0,0.0,0,0.0,5,96,14.4,9.6,974.8
5209,8/4/2024 1:00,0,0,0,0.0,0,0.0,1,97,14.2,9.1,975.3
5210,8/4/2024 2:00,41,18,23,160.6,41,107.4,2,97,14.8,9.8,975.4
5211,8/4/2024 3:00,153,95,58,422.6,153,298.7,0,93,16.1,9.3,975.7
5212,8/4/2024 4:00,296,217,79,586.9,296,491.3,12,89,17.7,11.4,976.1
5213,8/4/2024 5:00,438,343,95,678.2,438,672.0,42,80,19.5,15.9,976.2
5214,8/4/2024 6:00,535,384,151,615.8,535,828.6,13,77,20.5,13.3,976.3
5215,8/4/2024 7:00,651,520,131,727.2,651,950.2,12,72,21.7,14.8,976.3
5216,8/4/2024 8:00,718,590,128,762.2,718,1028.7,100,67,22.5,16.2,976.5
5217,8/4/2024 9:00,552,215,337,269.9,552,1058.6,100,62,22.8,16.9,976.8
5218,8/4/2024 10:00,329,60,269,76.8,329,1037.9,66,65,22.0,17.0,977.0
5219,8/4/2024 11:00,537,331,206,454.4,537,967.9,23,63,22.9,16.3,977.0
5220,8/4/2024 12:00,536,421,115,655.5,536,853.5,23,63,23.2,16.3,976.9
5221,8/4/2024 13:00,368,235,133,444.6,368,702.4,74,58,23.4,16.2,977.1
5222,8/4/2024 14:00,289,201,88,508.9,289,524.9,7,60,23.0,10.4,977.0
5223,8/4/2024 15:00,174,115,59,458.9,174,333.0,12,67,22.0,7.2,977.1
5224,8/4/2024 16:00,55,26,29,208.7,55,139.9,11,72,20.1,7.0,977.0
5225,8/4/2024 17:00,2,0,2,0.0,2,13.1,100,73,19.0,8.7,977.4
5226,8/4/2024 18:00,0,0,0,0.0,0,0.0,99,70,19.2,8.3,977.5
5227,8/4/2024 19:00,0,0,0,0.0,0,0.0,85,72,18.8,6.7,977.1
5228,8/4/2024 20:00,0,0,0,0.0,0,0.0,100,80,17.1,6.1,977.0
5229,8/4/2024 21:00,0,0,0,0.0,0,0.0,100,79,17.6,5.0,977.0
5230,8/4/2024 22:00,0,0,0,0.0,0,0.0,100,80,17.5,5.9,977.1
5231,8/4/2024 23:00,0,0,0,0.0,0,0.0,100,84,17.2,5.7,977.4
5232,8/5/2024 0:00,0,0,0,0.0,0,0.0,100,87,16.9,2.6,977.5
5233,8/5/2024 1:00,0,0,0,0.0,0,0.0,100,95,16.5,2.3,977.8
5234,8/5/2024 2:00,13,0,13,0.0,13,102.6,100,94,16.8,4.2,977.8
5235,8/5/2024 3:00,26,0,26,0.0,26,294.3,100,92,17.3,4.4,977.9
5236,8/5/2024 4:00,31,0,31,0.0,31,487.2,100,92,17.3,6.0,977.9
5237,8/5/2024 5:00,88,0,88,0.0,88,668.2,100,92,17.8,6.4,977.7
5238,8/5/2024 6:00,106,1,105,1.6,106,824.9,100,87,18.1,5.9,977.6
5239,8/5/2024 7:00,196,9,187,12.6,196,946.7,100,84,18.8,4.2,977.5
5240,8/5/2024 8:00,521,204,317,264.5,521,1025.2,100,74,20.5,5.9,977.7
5241,8/5/2024 9:00,327,47,280,59.2,327,1055.1,100,75,20.4,7.8,977.7
5242,8/5/2024 10:00,108,0,108,0.0,108,1034.2,100,87,19.2,6.4,977.7
5243,8/5/2024 11:00,203,4,199,5.5,203,964.1,100,84,19.6,8.7,977.6
5244,8/5/2024 12:00,247,22,225,34.4,247,849.4,100,83,19.6,11.1,977.7
5245,8/5/2024 13:00,329,200,129,380.9,329,697.9,45,73,20.6,14.5,978.1
5246,8/5/2024 14:00,233,138,95,352.7,233,520.1,41,77,20.2,12.5,978.1
5247,8/5/2024 15:00,144,77,67,312.2,144,327.9,26,80,19.8,9.2,978.4
5248,8/5/2024 16:00,46,18,28,146.9,46,134.4,66,84,18.6,9.4,978.9
5249,8/5/2024 17:00,1,0,1,0.0,1,10.4,77,87,18.0,7.9,978.9
5250,8/5/2024 18:00,0,0,0,0.0,0,0.0,99,92,16.8,5.5,978.6
5251,8/5/2024 19:00,0,0,0,0.0,0,0.0,100,93,16.1,6.6,978.1
5252,8/5/2024 20:00,0,0,0,0.0,0,0.0,90,94,15.6,5.2,977.9
5253,8/5/2024 21:00,0,0,0,0.0,0,0.0,100,96,14.8,5.2,978.0
5254,8/5/2024 22:00,0,0,0,0.0,0,0.0,100,96,15.3,6.6,978.5
5255,8/5/2024 23:00,0,0,0,0.0,0,0.0,98,97,15.1,5.9,978.6
5256,8/6/2024 0:00,0,0,0,0.0,0,0.0,0,97,14.9,5.8,978.4
5257,8/6/2024 1:00,0,0,0,0.0,0,0.0,100,100,13.6,8.0,978.4
5258,8/6/2024 2:00,29,5,24,46.1,29,97.7,100,99,15.2,4.6,978.5
5259,8/6/2024 3:00,91,9,82,41.3,91,289.7,100,99,16.0,2.8,978.6
5260,8/6/2024 4:00,187,43,144,118.4,187,483.0,100,99,17.1,3.1,978.4
5261,8/6/2024 5:00,323,127,196,254.2,323,664.2,91,91,19.0,0.4,978.4
5262,8/6/2024 6:00,548,410,138,663.8,548,821.2,23,81,21.0,1.6,978.7
5263,8/6/2024 7:00,673,569,104,802.2,673,943.1,19,68,22.5,1.1,978.5
5264,8/6/2024 8:00,675,547,128,711.9,675,1021.7,19,61,23.3,1.5,978.4
5265,8/6/2024 9:00,704,566,138,715.7,704,1051.5,31,58,23.8,2.6,978.0
5266,8/6/2024 10:00,676,533,143,687.7,676,1030.5,62,56,24.1,3.8,978.3
5267,8/6/2024 11:00,617,480,137,664.7,617,960.1,100,56,24.2,5.8,977.8
5268,8/6/2024 12:00,471,289,182,454.7,471,845.1,100,56,24.0,5.6,977.6
5269,8/6/2024 13:00,416,318,98,609.8,416,693.4,16,53,24.4,3.3,977.9
5270,8/6/2024 14:00,289,200,89,516.3,289,515.1,40,55,24.0,2.2,977.8
5271,8/6/2024 15:00,148,90,58,371.0,148,322.6,49,59,23.1,1.6,977.9
5272,8/6/2024 16:00,36,14,22,116.2,36,128.8,41,74,20.6,5.1,978.3
5273,8/6/2024 17:00,1,0,1,0.0,1,7.5,19,81,18.4,6.8,978.1
5274,8/6/2024 18:00,0,0,0,0.0,0,0.0,7,85,17.8,5.6,977.8
5275,8/6/2024 19:00,0,0,0,0.0,0,0.0,5,91,16.0,7.3,977.8
5276,8/6/2024 20:00,0,0,0,0.0,0,0.0,14,93,15.5,6.2,977.9
5277,8/6/2024 21:00,0,0,0,0.0,0,0.0,21,93,15.3,5.1,977.6
5278,8/6/2024 22:00,0,0,0,0.0,0,0.0,5,93,14.9,4.8,977.6
5279,8/6/2024 23:00,0,0,0,0.0,0,0.0,36,93,14.7,4.8,977.3
5280,8/7/2024 0:00,0,0,0,0.0,0,0.0,100,93,14.6,5.4,977.4
5281,8/7/2024 1:00,0,0,0,0.0,0,0.0,65,96,14.4,4.8,977.6
5282,8/7/2024 2:00,35,14,21,131.1,35,92.8,0,94,15.4,7.1,977.7
5283,8/7/2024 3:00,149,96,53,447.8,149,285.1,5,88,17.8,6.1,978.1
5284,8/7/2024 4:00,291,218,73,605.7,291,478.7,63,83,20.2,4.4,978.5
5285,8/7/2024 5:00,431,342,89,688.9,431,660.2,64,74,22.0,5.9,978.4
5286,8/7/2024 6:00,554,442,112,719.2,554,817.4,98,67,23.1,7.9,978.2
5287,8/7/2024 7:00,628,458,170,648.4,628,939.4,100,66,23.8,7.6,978.5
5288,8/7/2024 8:00,681,475,206,620.6,681,1018.0,61,65,24.1,6.0,978.4
5289,8/7/2024 9:00,715,539,176,684.2,715,1047.8,21,63,24.5,5.6,978.2
5290,8/7/2024 10:00,680,548,132,709.9,680,1026.7,33,61,24.9,6.2,978.1
5291,8/7/2024 11:00,542,404,138,562.0,542,956.1,50,60,24.6,5.5,978.0
5292,8/7/2024 12:00,412,227,185,359.1,412,840.8,28,60,24.4,5.1,977.5
5293,8/7/2024 13:00,244,78,166,150.6,244,688.7,91,71,22.5,3.6,978.5
5294,8/7/2024 14:00,170,51,119,133.0,170,510.1,73,73,22.5,3.9,978.2
5295,8/7/2024 15:00,147,70,77,293.6,147,317.1,27,81,22.0,2.1,978.3
5296,8/7/2024 16:00,46,19,27,160.4,46,123.0,9,83,20.1,6.0,978.2
5297,8/7/2024 17:00,1,0,1,0.0,1,4.6,2,89,18.6,5.3,977.9
5298,8/7/2024 18:00,0,0,0,0.0,0,0.0,1,92,17.9,7.5,978.0
5299,8/7/2024 19:00,0,0,0,0.0,0,0.0,1,93,17.2,7.0,977.9
5300,8/7/2024 20:00,0,0,0,0.0,0,0.0,0,95,16.5,6.4,977.8
5301,8/7/2024 21:00,0,0,0,0.0,0,0.0,0,96,15.9,6.3,977.8
5302,8/7/2024 22:00,0,0,0,0.0,0,0.0,0,96,15.4,6.6,977.9
5303,8/7/2024 23:00,0,0,0,0.0,0,0.0,0,96,15.1,6.4,978.0
5304,8/8/2024 0:00,0,0,0,0.0,0,0.0,0,96,14.6,5.8,978.1
5305,8/8/2024 1:00,0,0,0,0.0,0,0.0,4,96,14.6,6.8,978.4
5306,8/8/2024 2:00,33,14,19,133.4,33,87.8,8,95,15.4,8.9,978.7
5307,8/8/2024 3:00,141,85,56,403.2,141,280.5,4,92,17.4,8.3,979.0
5308,8/8/2024 4:00,282,205,77,575.0,282,474.3,0,87,19.4,7.0,979.0
5309,8/8/2024 5:00,430,343,87,695.4,430,656.2,0,80,21.4,7.2,979.2
5310,8/8/2024 6:00,560,464,96,758.8,560,813.5,23,72,22.5,7.4,979.3
5311,8/8/2024 7:00,624,486,138,691.0,624,935.7,15,67,23.3,5.9,979.4
5312,8/8/2024 8:00,710,588,122,771.2,710,1014.3,18,63,24.1,5.5,979.4
5313,8/8/2024 9:00,682,552,130,703.4,682,1044.0,25,60,24.5,6.2,979.3
5314,8/8/2024 10:00,661,522,139,679.1,661,1022.7,42,59,24.5,6.2,979.0
5315,8/8/2024 11:00,551,422,129,589.8,551,951.9,44,61,24.0,7.4,978.8
5316,8/8/2024 12:00,480,322,158,512.3,480,836.3,23,61,24.1,8.3,978.6
5317,8/8/2024 13:00,342,219,123,426.1,342,683.9,29,56,24.0,8.5,979.0
5318,8/8/2024 14:00,241,148,93,390.0,241,504.9,26,61,23.2,11.9,979.4
5319,8/8/2024 15:00,143,84,59,358.7,143,311.6,22,71,21.4,10.8,979.4
5320,8/8/2024 16:00,44,19,25,163.4,44,117.1,9,81,19.2,5.5,979.6
5321,8/8/2024 17:00,0,0,0,0.0,0,1.6,9,88,17.9,5.6,979.5
5322,8/8/2024 18:00,0,0,0,0.0,0,0.0,8,92,17.2,7.4,979.3
5323,8/8/2024 19:00,0,0,0,0.0,0,0.0,0,94,17.0,10.6,979.3
5324,8/8/2024 20:00,0,0,0,0.0,0,0.0,50,95,16.7,9.6,979.4
5325,8/8/2024 21:00,0,0,0,0.0,0,0.0,11,96,16.1,7.4,979.4
5326,8/8/2024 22:00,0,0,0,0.0,0,0.0,1,97,15.9,9.3,979.4
5327,8/8/2024 23:00,0,0,0,0.0,0,0.0,0,97,15.6,8.8,979.4
5328,8/9/2024 0:00,0,0,0,0.0,0,0.0,6,98,15.4,8.0,979.6
5329,8/9/2024 1:00,0,0,0,0.0,0,0.0,100,100,16.5,11.2,979.8
5330,8/9/2024 2:00,15,1,14,9.7,15,82.7,100,99,16.5,11.5,979.7
5331,8/9/2024 3:00,61,3,58,14.5,61,275.7,100,98,16.6,11.7,980.0
5332,8/9/2024 4:00,131,14,117,39.6,131,469.9,100,91,17.9,10.5,979.8
5333,8/9/2024 5:00,239,69,170,140.8,239,652.0,100,85,19.4,8.7,979.9
5334,8/9/2024 6:00,367,103,264,169.3,367,809.6,100,79,20.8,8.2,980.3
5335,8/9/2024 7:00,359,79,280,112.8,359,931.9,97,76,21.2,6.6,979.9
5336,8/9/2024 8:00,617,384,233,505.7,617,1010.5,100,71,22.5,6.3,979.9
5337,8/9/2024 9:00,504,178,326,227.8,504,1040.2,100,69,22.7,9.4,979.5
5338,8/9/2024 10:00,502,151,351,197.3,502,1018.7,100,67,22.3,14.1,979.6
5339,8/9/2024 11:00,316,72,244,101.1,316,947.6,100,82,19.7,5.2,979.5
5340,8/9/2024 12:00,356,110,246,176.0,356,831.7,99,78,21.0,7.2,979.0
5341,8/9/2024 13:00,272,123,149,241.1,272,678.9,100,77,20.0,9.5,980.0
5342,8/9/2024 14:00,85,5,80,13.3,85,499.6,100,81,19.2,7.0,979.6
5343,8/9/2024 15:00,91,5,86,21.8,91,305.9,100,83,18.8,11.2,980.0
5344,8/9/2024 16:00,16,0,16,0.0,16,111.1,100,89,17.6,9.8,980.0
5345,8/9/2024 17:00,0,0,0,0.0,0,0.0,100,93,16.8,8.3,980.2
5346,8/9/2024 18:00,0,0,0,0.0,0,0.0,100,95,16.6,10.5,980.0
5347,8/9/2024 19:00,0,0,0,0.0,0,0.0,100,94,16.7,11.6,979.9
5348,8/9/2024 20:00,0,0,0,0.0,0,0.0,100,92,16.5,11.9,979.7
5349,8/9/2024 21:00,0,0,0,0.0,0,0.0,100,91,16.7,12.3,979.5
5350,8/9/2024 22:00,0,0,0,0.0,0,0.0,100,92,16.8,11.3,979.5
5351,8/9/2024 23:00,0,0,0,0.0,0,0.0,100,92,16.8,12.0,979.3
5352,8/10/2024 0:00,0,0,0,0.0,0,0.0,100,91,16.8,13.8,979.3
5353,8/10/2024 1:00,0,0,0,0.0,0,0.0,100,92,15.9,13.3,979.8
5354,8/10/2024 2:00,7,0,7,0.0,7,77.6,100,91,15.6,13.1,980.3
5355,8/10/2024 3:00,55,3,52,14.7,55,271.0,100,89,15.6,13.4,980.4
5356,8/10/2024 4:00,84,0,84,0.0,84,465.5,100,88,15.6,11.9,980.4
5357,8/10/2024 5:00,124,5,119,10.3,124,647.9,100,85,16.1,13.4,980.4
5358,8/10/2024 6:00,256,55,201,90.9,256,805.6,100,79,17.1,16.8,980.4
5359,8/10/2024 7:00,338,64,274,91.8,338,928.0,100,74,18.2,16.6,980.1
5360,8/10/2024 8:00,376,82,294,108.4,376,1006.7,100,72,18.8,18.2,980.3
5361,8/10/2024 9:00,383,59,324,75.8,383,1036.2,100,72,19.0,18.0,980.2
5362,8/10/2024 10:00,275,71,204,93.2,275,1014.6,100,74,18.5,16.8,980.0
5363,8/10/2024 11:00,197,7,190,9.9,197,943.3,100,77,17.9,15.1,979.9
5364,8/10/2024 12:00,271,40,231,64.4,271,827.1,100,78,17.9,14.1,979.8
5365,8/10/2024 13:00,140,10,130,19.8,140,673.9,100,82,17.0,11.4,980.4
5366,8/10/2024 14:00,74,2,72,5.4,74,494.2,100,85,16.7,10.8,980.0
5367,8/10/2024 15:00,46,0,46,0.0,46,300.2,100,88,16.5,10.4,979.9
5368,8/10/2024 16:00,17,2,15,17.9,17,105.0,100,91,16.0,9.0,979.5
5369,8/10/2024 17:00,0,0,0,0.0,0,0.0,100,93,15.6,9.7,979.3
5370,8/10/2024 18:00,0,0,0,0.0,0,0.0,94,94,15.6,8.6,979.0
5371,8/10/2024 19:00,0,0,0,0.0,0,0.0,100,96,15.1,6.2,978.5
5372,8/10/2024 20:00,0,0,0,0.0,0,0.0,100,96,15.1,6.7,978.1
5373,8/10/2024 21:00,0,0,0,0.0,0,0.0,100,96,15.1,6.1,977.6
5374,8/10/2024 22:00,0,0,0,0.0,0,0.0,100,97,14.8,3.9,977.2
5375,8/10/2024 23:00,0,0,0,0.0,0,0.0,100,97,14.4,3.4,976.7
5376,8/11/2024 0:00,0,0,0,0.0,0,0.0,98,99,13.9,3.1,976.4
5377,8/11/2024 1:00,0,0,0,0.0,0,0.0,100,100,14.4,2.3,976.7
5378,8/11/2024 2:00,15,1,14,10.1,15,73.2,100,99,14.7,2.4,976.7
5379,8/11/2024 3:00,74,5,69,25.0,74,266.1,96,97,15.3,2.5,976.4
5380,8/11/2024 4:00,199,87,112,251.3,199,461.0,100,90,16.2,3.7,976.1
5381,8/11/2024 5:00,317,153,164,316.6,317,643.6,98,86,17.2,3.1,976.1
5382,8/11/2024 6:00,315,125,190,207.7,315,801.6,100,80,18.1,5.6,976.0
5383,8/11/2024 7:00,284,68,216,98.0,284,924.1,100,78,18.4,6.2,975.8
5384,8/11/2024 8:00,429,135,294,179.3,429,1002.8,100,73,19.5,5.9,975.6
5385,8/11/2024 9:00,398,89,309,114.8,398,1032.2,100,72,19.8,5.0,975.6
5386,8/11/2024 10:00,267,42,225,55.4,267,1010.4,85,79,18.1,6.3,975.3
5387,8/11/2024 11:00,334,164,170,232.7,334,938.8,82,83,17.6,4.1,975.3
5388,8/11/2024 12:00,291,125,166,202.5,291,822.3,33,80,18.2,2.8,975.0
5389,8/11/2024 13:00,370,262,108,521.8,370,668.8,45,78,18.0,11.4,975.3
5390,8/11/2024 14:00,216,124,92,338.0,216,488.7,51,78,17.9,10.3,975.2
5391,8/11/2024 15:00,133,72,61,325.9,133,294.3,25,84,17.2,6.0,975.2
5392,8/11/2024 16:00,35,14,21,127.8,35,98.8,16,85,16.8,4.5,975.1
5393,8/11/2024 17:00,0,0,0,0.0,0,0.0,10,87,16.3,3.3,975.1
5394,8/11/2024 18:00,0,0,0,0.0,0,0.0,4,91,15.6,2.3,974.5
5395,8/11/2024 19:00,0,0,0,0.0,0,0.0,94,96,14.1,4.0,973.8
5396,8/11/2024 20:00,0,0,0,0.0,0,0.0,72,99,12.4,6.5,973.3
5397,8/11/2024 21:00,0,0,0,0.0,0,0.0,100,98,12.6,5.4,972.8
5398,8/11/2024 22:00,0,0,0,0.0,0,0.0,99,96,13.0,6.5,972.0
5399,8/11/2024 23:00,0,0,0,0.0,0,0.0,100,97,13.4,8.7,971.5
5400,8/12/2024 0:00,0,0,0,0.0,0,0.0,100,97,13.8,9.4,971.0
5401,8/12/2024 1:00,0,0,0,0.0,0,0.0,100,98,13.9,13.2,970.7
5402,8/12/2024 2:00,7,0,7,0.0,7,70.7,100,97,14.4,14.8,970.1
5403,8/12/2024 3:00,35,0,35,0.0,35,261.3,100,96,14.9,14.6,969.4
5404,8/12/2024 4:00,102,13,89,37.9,102,456.4,100,94,15.6,15.7,968.7
5405,8/12/2024 5:00,196,33,163,68.8,196,639.3,100,87,16.8,17.7,968.5
5406,8/12/2024 6:00,164,0,164,0.0,164,797.5,100,86,15.6,19.6,968.2
5407,8/12/2024 7:00,161,17,144,24.6,161,920.1,100,85,16.5,16.1,968.4
5408,8/12/2024 8:00,328,80,248,106.7,328,998.8,100,78,17.6,20.2,968.3
5409,8/12/2024 9:00,368,68,300,88.1,368,1028.1,41,71,18.2,19.9,968.4
5410,8/12/2024 10:00,619,465,154,615.7,619,1006.1,48,64,19.5,20.5,968.3
5411,8/12/2024 11:00,508,365,143,520.5,508,934.3,39,63,19.1,20.3,968.0
5412,8/12/2024 12:00,474,336,138,547.6,474,817.4,25,63,19.1,20.5,967.9
5413,8/12/2024 13:00,357,242,115,485.9,357,663.5,80,63,18.2,20.2,967.9
5414,8/12/2024 14:00,208,95,113,262.0,208,483.1,85,73,16.9,15.2,968.1
5415,8/12/2024 15:00,131,62,69,286.5,131,288.3,13,76,16.5,11.7,968.0
5416,8/12/2024 16:00,35,16,19,149.2,35,92.5,19,78,15.2,13.2,967.9
5417,8/12/2024 17:00,0,0,0,0.0,0,0.0,22,81,14.5,12.5,967.9
5418,8/12/2024 18:00,0,0,0,0.0,0,0.0,15,82,14.0,13.2,967.8
5419,8/12/2024 19:00,0,0,0,0.0,0,0.0,20,85,13.5,13.5,967.6
5420,8/12/2024 20:00,0,0,0,0.0,0,0.0,99,87,12.9,12.7,967.4
5421,8/12/2024 21:00,0,0,0,0.0,0,0.0,100,87,12.6,11.5,967.2
5422,8/12/2024 22:00,0,0,0,0.0,0,0.0,100,88,12.6,10.5,967.0
5423,8/12/2024 23:00,0,0,0,0.0,0,0.0,96,90,12.6,9.1,966.7
5424,8/13/2024 0:00,0,0,0,0.0,0,0.0,100,91,12.1,11.5,966.3
5425,8/13/2024 1:00,0,0,0,0.0,0,0.0,100,93,11.5,16.1,965.4
5426,8/13/2024 2:00,7,0,7,0.0,7,68.3,100,97,11.8,17.4,965.4
5427,8/13/2024 3:00,16,0,16,0.0,16,256.3,100,96,12.7,20.9,964.9
5428,8/13/2024 4:00,36,0,36,0.0,36,451.8,100,96,12.8,23.2,964.4
5429,8/13/2024 5:00,35,0,35,0.0,35,635.0,100,95,13.1,23.8,964.0
5430,8/13/2024 6:00,40,0,40,0.0,40,793.3,100,94,13.1,21.1,964.0
5431,8/13/2024 7:00,83,0,83,0.0,83,916.0,100,95,13.2,19.1,964.1
5432,8/13/2024 8:00,98,0,98,0.0,98,994.7,100,97,13.0,11.9,964.1
5433,8/13/2024 9:00,158,4,154,5.2,158,1023.9,100,90,14.9,14.3,964.4
5434,8/13/2024 10:00,287,30,257,39.9,287,1001.7,97,80,16.4,16.0,964.7
5435,8/13/2024 11:00,250,59,191,84.6,250,929.6,68,86,15.4,16.9,965.2
5436,8/13/2024 12:00,374,192,182,315.0,374,812.4,75,82,16.6,17.0,965.9
5437,8/13/2024 13:00,210,67,143,135.7,210,658.2,58,87,15.1,18.9,966.0
5438,8/13/2024 14:00,177,85,92,237.3,177,477.3,93,84,15.7,17.4,966.8
5439,8/13/2024 15:00,81,16,65,75.6,81,282.2,64,87,15.1,15.6,967.4
5440,8/13/2024 16:00,26,8,18,76.3,26,86.1,82,86,14.4,14.0,968.1
5441,8/13/2024 17:00,0,0,0,0.0,0,0.0,51,89,14.1,12.8,968.7
5442,8/13/2024 18:00,0,0,0,0.0,0,0.0,30,92,13.6,14.1,968.9
5443,8/13/2024 19:00,0,0,0,0.0,0,0.0,68,94,13.1,12.8,969.0
5444,8/13/2024 20:00,0,0,0,0.0,0,0.0,30,95,12.8,11.9,969.0
5445,8/13/2024 21:00,0,0,0,0.0,0,0.0,39,96,12.3,12.2,969.4
5446,8/13/2024 22:00,0,0,0,0.0,0,0.0,15,97,12.1,12.2,969.8
5447,8/13/2024 23:00,0,0,0,0.0,0,0.0,35,97,11.8,11.3,970.0
5448,8/14/2024 0:00,0,0,0,0.0,0,0.0,17,97,11.6,10.9,970.1
5449,8/14/2024 1:00,0,0,0,0.0,0,0.0,16,97,11.5,9.3,970.2
5450,8/14/2024 2:00,21,7,14,74.8,21,65.8,27,98,11.7,10.5,971.0
5451,8/14/2024 3:00,115,56,59,297.0,115,251.4,99,95,12.6,13.1,971.6
5452,8/14/2024 4:00,164,26,138,77.5,164,447.2,100,91,13.6,14.0,972.0
5453,8/14/2024 5:00,183,30,153,63.4,183,630.6,94,86,14.8,13.4,972.1
5454,8/14/2024 6:00,318,78,240,131.8,318,789.1,35,83,16.0,11.2,972.4
5455,8/14/2024 7:00,619,465,154,679.8,619,911.9,26,70,18.2,14.4,972.7
5456,8/14/2024 8:00,687,556,131,748.3,687,990.5,31,64,19.2,14.6,972.8
5457,8/14/2024 9:00,700,546,154,713.9,700,1019.7,72,59,19.7,14.1,973.2
5458,8/14/2024 10:00,565,382,183,510.7,565,997.3,100,54,19.9,12.6,973.2
5459,8/14/2024 11:00,332,79,253,113.9,332,924.9,58,56,19.2,14.3,973.1
5460,8/14/2024 12:00,404,263,141,434.3,404,807.4,54,73,17.6,14.7,973.6
5461,8/14/2024 13:00,285,100,185,204.3,285,652.7,100,69,17.5,10.0,974.1
5462,8/14/2024 14:00,239,105,134,296.9,239,471.5,100,70,17.1,10.3,974.1
5463,8/14/2024 15:00,110,28,82,135.3,110,276.0,32,78,16.2,6.2,974.0
5464,8/14/2024 16:00,30,13,17,126.8,30,79.6,21,87,14.1,7.2,974.4
5465,8/14/2024 17:00,0,0,0,0.0,0,0.0,13,90,13.1,6.8,974.6
5466,8/14/2024 18:00,0,0,0,0.0,0,0.0,30,92,12.6,7.4,974.6
5467,8/14/2024 19:00,0,0,0,0.0,0,0.0,76,94,12.2,7.0,974.8
5468,8/14/2024 20:00,0,0,0,0.0,0,0.0,92,95,11.9,6.9,974.9
5469,8/14/2024 21:00,0,0,0,0.0,0,0.0,98,97,11.6,6.1,974.8
5470,8/14/2024 22:00,0,0,0,0.0,0,0.0,93,97,11.3,6.6,974.7
5471,8/14/2024 23:00,0,0,0,0.0,0,0.0,97,98,11.0,7.5,974.9
5472,8/15/2024 0:00,0,0,0,0.0,0,0.0,99,98,10.6,6.1,975.0
5473,8/15/2024 1:00,0,0,0,0.0,0,0.0,100,98,11.5,7.2,975.3
5474,8/15/2024 2:00,9,0,9,0.0,9,63.2,100,97,11.8,9.2,975.4
5475,8/15/2024 3:00,58,5,53,27.1,58,246.4,100,95,12.2,8.6,975.7
5476,8/15/2024 4:00,156,23,133,69.3,156,442.5,100,90,13.2,10.0,975.6
5477,8/15/2024 5:00,246,40,206,85.2,246,626.2,100,86,14.4,9.8,975.8
5478,8/15/2024 6:00,302,58,244,98.5,302,784.9,99,83,15.1,11.0,975.6
5479,8/15/2024 7:00,433,123,310,180.7,433,907.7,100,76,16.1,12.3,975.8
5480,8/15/2024 8:00,454,111,343,150.1,454,986.4,100,66,17.0,12.7,975.7
5481,8/15/2024 9:00,337,80,257,105.1,337,1015.4,100,62,17.0,12.4,975.6
5482,8/15/2024 10:00,321,49,272,65.8,321,992.8,81,61,17.2,13.0,975.6
5483,8/15/2024 11:00,433,153,280,221.8,433,920.1,73,67,16.1,17.2,975.9
5484,8/15/2024 12:00,339,168,171,279.3,339,802.2,6,72,15.8,14.5,976.0
5485,8/15/2024 13:00,404,297,107,612.0,404,647.2,33,63,16.6,14.1,976.0
5486,8/15/2024 14:00,227,148,79,424.0,227,465.6,46,70,15.8,15.5,976.0
5487,8/15/2024 15:00,106,53,53,262.1,106,269.7,26,76,14.9,11.3,976.4
5488,8/15/2024 16:00,25,10,15,99.9,25,74.4,25,79,13.8,12.0,976.8
5489,8/15/2024 17:00,0,0,0,0.0,0,0.0,25,84,12.7,10.5,976.9
5490,8/15/2024 18:00,0,0,0,0.0,0,0.0,7,88,11.9,10.1,976.6
5491,8/15/2024 19:00,0,0,0,0.0,0,0.0,4,93,11.1,10.4,976.3
5492,8/15/2024 20:00,0,0,0,0.0,0,0.0,2,94,10.8,10.6,976.3
5493,8/15/2024 21:00,0,0,0,0.0,0,0.0,8,94,10.4,10.4,976.2
5494,8/15/2024 22:00,0,0,0,0.0,0,0.0,65,95,10.1,10.0,975.9
5495,8/15/2024 23:00,0,0,0,0.0,0,0.0,69,95,9.9,9.8,975.9
5496,8/16/2024 0:00,0,0,0,0.0,0,0.0,88,95,9.6,10.1,975.7
5497,8/16/2024 1:00,0,0,0,0.0,0,0.0,8,96,9.4,10.4,975.6
5498,8/16/2024 2:00,18,6,12,66.9,18,60.7,34,97,9.6,11.6,975.6
5499,8/16/2024 3:00,117,64,53,353.8,117,241.3,80,93,10.8,15.1,975.5
5500,8/16/2024 4:00,229,129,100,393.1,229,437.8,100,88,12.0,17.0,975.3
5501,8/16/2024 5:00,302,130,172,279.0,302,621.7,100,81,13.3,18.3,975.3
5502,8/16/2024 6:00,189,19,170,32.5,189,780.6,100,79,13.5,18.6,975.1
5503,8/16/2024 7:00,138,0,138,0.0,138,903.5,100,80,13.3,18.0,975.0
5504,8/16/2024 8:00,240,5,235,6.8,240,982.1,100,78,13.9,18.8,974.9
5505,8/16/2024 9:00,233,12,221,15.8,233,1011.0,100,75,14.4,18.4,975.1
5506,8/16/2024 10:00,176,0,176,0.0,176,988.2,100,78,14.2,17.8,974.8
5507,8/16/2024 11:00,145,1,144,1.5,145,915.2,100,80,13.9,17.9,974.8
5508,8/16/2024 12:00,93,1,92,1.7,93,797.0,100,82,13.9,16.0,975.0
5509,8/16/2024 13:00,63,1,62,2.1,63,641.6,100,82,13.9,17.7,974.9
5510,8/16/2024 14:00,41,0,41,0.0,41,459.6,97,85,13.6,16.2,974.6
5511,8/16/2024 15:00,43,2,41,10.1,43,263.4,100,87,13.3,16.4,974.6
5512,8/16/2024 16:00,5,0,5,0.0,5,71.2,100,89,12.9,16.8,974.7
5513,8/16/2024 17:00,0,0,0,0.0,0,0.0,84,90,12.9,18.2,974.8
5514,8/16/2024 18:00,0,0,0,0.0,0,0.0,93,91,12.6,17.4,974.5
5515,8/16/2024 19:00,0,0,0,0.0,0,0.0,65,91,12.6,16.8,974.5
5516,8/16/2024 20:00,0,0,0,0.0,0,0.0,76,94,12.1,15.3,974.7
5517,8/16/2024 21:00,0,0,0,0.0,0,0.0,100,95,12.2,15.8,974.8
5518,8/16/2024 22:00,0,0,0,0.0,0,0.0,100,95,12.5,15.0,974.8
5519,8/16/2024 23:00,0,0,0,0.0,0,0.0,100,95,12.4,14.2,975.1
5520,8/17/2024 0:00,0,0,0,0.0,0,0.0,100,96,12.6,14.1,975.6
5521,8/17/2024 1:00,0,0,0,0.0,0,0.0,100,96,13.0,16.1,975.2
5522,8/17/2024 2:00,7,0,7,0.0,7,58.1,100,96,12.9,16.3,975.8
5523,8/17/2024 3:00,37,0,37,0.0,37,236.2,100,94,13.1,17.7,975.8
5524,8/17/2024 4:00,90,2,88,6.2,90,433.0,100,92,13.5,19.7,976.3
5525,8/17/2024 5:00,143,16,127,34.6,143,617.2,84,89,14.1,17.9,976.7
5526,8/17/2024 6:00,295,144,151,247.6,295,776.2,66,85,14.8,21.4,976.8
5527,8/17/2024 7:00,451,256,195,380.0,451,899.2,32,78,16.2,20.0,977.2
5528,8/17/2024 8:00,581,404,177,551.5,581,977.8,40,71,17.3,21.4,977.5
5529,8/17/2024 9:00,615,416,199,551.6,615,1006.5,28,69,18.2,19.7,977.7
5530,8/17/2024 10:00,660,509,151,690.7,660,983.5,22,66,19.0,18.2,977.7
5531,8/17/2024 11:00,600,480,120,703.8,600,910.2,27,62,19.5,18.4,977.5
5532,8/17/2024 12:00,485,356,129,600.2,485,791.7,24,62,19.5,18.1,977.8
5533,8/17/2024 13:00,375,268,107,562.5,375,635.9,51,63,18.4,19.5,978.5
5534,8/17/2024 14:00,207,118,89,347.3,207,453.5,45,69,17.5,17.1,979.0
5535,8/17/2024 15:00,94,41,53,213.0,94,256.9,42,72,16.5,15.5,979.4
5536,8/17/2024 16:00,17,5,12,52.6,17,68.0,34,76,15.6,13.0,979.9
5537,8/17/2024 17:00,0,0,0,0.0,0,0.0,19,82,14.5,11.5,980.2
5538,8/17/2024 18:00,0,0,0,0.0,0,0.0,12,85,13.6,10.7,980.2
5539,8/17/2024 19:00,0,0,0,0.0,0,0.0,8,89,12.9,10.8,980.3
5540,8/17/2024 20:00,0,0,0,0.0,0,0.0,2,92,12.1,10.0,980.3
5541,8/17/2024 21:00,0,0,0,0.0,0,0.0,3,93,11.6,9.2,980.5
5542,8/17/2024 22:00,0,0,0,0.0,0,0.0,5,94,11.1,8.9,980.5
5543,8/17/2024 23:00,0,0,0,0.0,0,0.0,99,94,11.0,8.0,980.5
5544,8/18/2024 0:00,0,0,0,0.0,0,0.0,100,91,11.9,8.6,980.7
5545,8/18/2024 1:00,0,0,0,0.0,0,0.0,100,91,12.0,7.8,981.3
5546,8/18/2024 2:00,8,0,8,0.0,8,55.6,97,90,12.6,9.8,981.6
5547,8/18/2024 3:00,70,15,55,86.6,70,231.1,100,89,13.4,9.2,981.5
5548,8/18/2024 4:00,119,7,112,21.8,119,428.2,100,87,14.2,9.4,981.4
5549,8/18/2024 5:00,71,0,71,0.0,71,612.6,100,89,14.3,8.9,981.2
5550,8/18/2024 6:00,140,16,124,27.7,140,771.8,100,89,15.1,10.0,981.1
5551,8/18/2024 7:00,123,2,121,3.0,123,894.9,100,85,15.8,16.1,981.1
5552,8/18/2024 8:00,117,5,112,6.9,117,973.4,100,85,16.5,12.3,980.7
5553,8/18/2024 9:00,269,18,251,24.0,269,1002.0,97,78,17.5,14.6,980.3
5554,8/18/2024 10:00,351,129,222,176.0,351,978.8,100,77,18.2,16.5,980.1
5555,8/18/2024 11:00,211,45,166,66.4,211,905.2,100,74,18.8,15.9,979.7
5556,8/18/2024 12:00,397,187,210,317.6,397,786.3,100,68,19.9,19.7,979.6
5557,8/18/2024 13:00,329,170,159,360.2,329,630.1,75,70,20.4,15.5,979.5
5558,8/18/2024 14:00,215,119,96,355.2,215,447.4,27,72,20.3,10.0,979.3
5559,8/18/2024 15:00,106,56,50,298.6,106,250.4,24,75,19.4,9.7,979.4
5560,8/18/2024 16:00,19,7,12,75.6,19,64.7,36,82,17.8,9.4,979.5
5561,8/18/2024 17:00,0,0,0,0.0,0,0.0,22,87,16.8,7.6,979.7
5562,8/18/2024 18:00,0,0,0,0.0,0,0.0,13,89,16.4,9.4,979.6
5563,8/18/2024 19:00,0,0,0,0.0,0,0.0,18,92,16.0,11.5,979.6
5564,8/18/2024 20:00,0,0,0,0.0,0,0.0,6,94,15.6,11.2,979.5
5565,8/18/2024 21:00,0,0,0,0.0,0,0.0,3,95,15.2,10.1,979.5
5566,8/18/2024 22:00,0,0,0,0.0,0,0.0,6,96,15.1,10.2,979.6
5567,8/18/2024 23:00,0,0,0,0.0,0,0.0,0,96,14.9,10.9,979.8
5568,8/19/2024 0:00,0,0,0,0.0,0,0.0,0,97,14.6,11.4,980.0
5569,8/19/2024 1:00,0,0,0,0.0,0,0.0,8,98,14.9,10.5,979.9
5570,8/19/2024 2:00,14,4,10,47.8,14,53.0,9,98,14.8,11.2,980.4
5571,8/19/2024 3:00,104,53,51,313.2,104,226.0,100,95,15.8,14.5,981.0
5572,8/19/2024 4:00,122,3,119,9.5,122,423.4,100,92,16.5,17.1,981.2
5573,8/19/2024 5:00,171,28,143,61.5,171,608.1,100,85,17.0,16.8,981.5
5574,8/19/2024 6:00,342,95,247,165.3,342,767.4,100,78,18.0,18.1,981.9
5575,8/19/2024 7:00,294,25,269,37.5,294,890.5,95,75,18.1,17.3,982.5
5576,8/19/2024 8:00,439,171,268,235.7,439,969.0,15,69,19.2,17.1,982.9
5577,8/19/2024 9:00,694,565,129,756.6,694,997.5,10,62,20.5,17.4,983.3
5578,8/19/2024 10:00,676,542,134,743.3,676,974.0,16,58,21.1,17.1,983.4
5579,8/19/2024 11:00,606,486,120,721.2,606,900.1,14,56,21.3,17.6,983.6
5580,8/19/2024 12:00,517,406,111,694.5,517,780.8,13,56,21.2,17.3,983.8
5581,8/19/2024 13:00,389,295,94,631.2,389,624.3,8,53,21.3,16.5,984.4
5582,8/19/2024 14:00,256,183,73,554.1,256,441.2,9,58,20.5,13.0,984.5
5583,8/19/2024 15:00,119,70,49,383.5,119,243.8,8,63,19.0,11.5,984.8
5584,8/19/2024 16:00,19,7,12,77.7,19,61.4,8,69,17.1,9.2,985.4
5585,8/19/2024 17:00,0,0,0,0.0,0,0.0,1,73,16.0,9.0,985.5
5586,8/19/2024 18:00,0,0,0,0.0,0,0.0,0,77,15.1,9.2,985.7
5587,8/19/2024 19:00,0,0,0,0.0,0,0.0,5,82,14.4,8.5,985.9
5588,8/19/2024 20:00,0,0,0,0.0,0,0.0,48,85,13.6,7.7,985.9
5589,8/19/2024 21:00,0,0,0,0.0,0,0.0,28,88,12.9,6.9,985.8
5590,8/19/2024 22:00,0,0,0,0.0,0,0.0,66,89,12.5,6.9,985.8
5591,8/19/2024 23:00,0,0,0,0.0,0,0.0,100,91,11.9,6.2,985.8
5592,8/20/2024 0:00,0,0,0,0.0,0,0.0,40,91,11.8,5.5,986.0
5593,8/20/2024 1:00,0,0,0,0.0,0,0.0,97,94,10.9,5.7,986.3
5594,8/20/2024 2:00,11,2,9,24.5,11,50.4,96,94,11.8,6.0,986.7
5595,8/20/2024 3:00,91,33,58,199.6,91,220.9,87,89,13.5,6.9,987.1
5596,8/20/2024 4:00,196,73,123,233.0,196,418.5,15,85,15.7,3.6,987.0
5597,8/20/2024 5:00,390,301,89,666.5,390,603.4,96,78,18.2,3.3,987.1
5598,8/20/2024 6:00,509,384,125,672.5,509,762.9,13,70,20.1,5.5,986.9
5599,8/20/2024 7:00,617,495,122,746.5,617,886.1,65,60,21.2,7.7,987.1
5600,8/20/2024 8:00,554,380,174,526.5,554,964.5,100,57,21.5,8.0,987.1
5601,8/20/2024 9:00,480,230,250,309.6,480,992.8,98,56,21.7,8.1,987.0
5602,8/20/2024 10:00,539,251,288,346.1,539,969.1,100,53,22.2,9.7,986.6
5603,8/20/2024 11:00,179,3,176,4.5,179,894.9,100,62,21.1,7.6,986.3
5604,8/20/2024 12:00,125,1,124,1.7,125,775.3,100,72,20.5,6.6,985.9
5605,8/20/2024 13:00,197,27,170,58.3,197,618.4,100,67,20.9,7.9,985.8
5606,8/20/2024 14:00,156,36,120,110.6,156,434.8,100,76,19.9,9.8,985.6
5607,8/20/2024 15:00,62,5,57,28.2,62,237.2,100,84,18.4,4.8,985.3
5608,8/20/2024 16:00,11,0,11,0.0,11,58.1,100,92,16.2,5.5,985.1
5609,8/20/2024 17:00,0,0,0,0.0,0,0.0,5,94,15.4,6.7,984.6
5610,8/20/2024 18:00,0,0,0,0.0,0,0.0,13,93,14.9,7.4,984.3
5611,8/20/2024 19:00,0,0,0,0.0,0,0.0,86,93,14.4,7.7,983.9
5612,8/20/2024 20:00,0,0,0,0.0,0,0.0,100,95,13.6,8.1,983.7
5613,8/20/2024 21:00,0,0,0,0.0,0,0.0,89,96,13.4,8.7,983.6
5614,8/20/2024 22:00,0,0,0,0.0,0,0.0,99,95,14.1,7.2,983.0
5615,8/20/2024 23:00,0,0,0,0.0,0,0.0,91,95,14.1,5.8,982.7
5616,8/21/2024 0:00,0,0,0,0.0,0,0.0,86,95,14.1,5.5,982.5
5617,8/21/2024 1:00,0,0,0,0.0,0,0.0,47,94,15.1,8.9,982.5
5618,8/21/2024 2:00,9,2,7,25.1,9,47.7,44,92,15.1,7.4,982.5
5619,8/21/2024 3:00,72,30,42,185.9,72,215.7,56,92,15.9,9.0,982.3
5620,8/21/2024 4:00,168,81,87,261.7,168,413.6,79,92,16.5,12.3,982.4
5621,8/21/2024 5:00,228,103,125,229.9,228,598.8,100,91,17.1,15.3,982.2
5622,8/21/2024 6:00,169,5,164,8.8,169,758.4,44,86,17.6,12.9,982.3
5623,8/21/2024 7:00,519,341,178,517.1,519,881.6,9,70,19.4,15.8,982.3
5624,8/21/2024 8:00,672,551,121,767.3,672,959.9,14,60,20.2,17.6,982.3
5625,8/21/2024 9:00,689,556,133,752.2,689,988.1,5,58,20.4,18.5,982.4
5626,8/21/2024 10:00,690,575,115,797.3,690,964.1,8,52,20.4,18.2,982.4
5627,8/21/2024 11:00,636,524,112,787.4,636,889.6,20,51,20.4,17.9,982.2
5628,8/21/2024 12:00,514,397,117,689.6,514,769.6,16,52,20.0,19.2,982.1
5629,8/21/2024 13:00,400,307,93,670.3,400,612.3,10,49,19.5,20.0,982.7
5630,8/21/2024 14:00,251,178,73,555.5,251,428.4,75,54,18.9,14.0,982.8
5631,8/21/2024 15:00,89,24,65,139.3,89,230.4,18,57,17.9,16.9,983.0
5632,8/21/2024 16:00,14,4,10,47.1,14,54.7,7,62,16.5,15.4,983.4
5633,8/21/2024 17:00,0,0,0,0.0,0,0.0,1,69,15.2,15.3,983.5
5634,8/21/2024 18:00,0,0,0,0.0,0,0.0,0,71,14.4,14.9,983.4
5635,8/21/2024 19:00,0,0,0,0.0,0,0.0,1,75,13.8,15.0,983.4
5636,8/21/2024 20:00,0,0,0,0.0,0,0.0,0,78,13.1,14.3,983.5
5637,8/21/2024 21:00,0,0,0,0.0,0,0.0,0,82,12.6,14.0,983.7
5638,8/21/2024 22:00,0,0,0,0.0,0,0.0,0,85,12.2,13.5,983.6
5639,8/21/2024 23:00,0,0,0,0.0,0,0.0,0,88,11.8,12.7,983.5
5640,8/22/2024 0:00,0,0,0,0.0,0,0.0,1,90,11.4,12.9,983.8
5641,8/22/2024 1:00,0,0,0,0.0,0,0.0,4,95,11.2,13.4,984.1
5642,8/22/2024 2:00,10,3,7,38.6,10,45.1,100,95,11.4,13.4,984.6
5643,8/22/2024 3:00,61,4,57,25.4,61,210.4,100,87,13.1,16.4,984.8
5644,8/22/2024 4:00,112,3,109,9.8,112,408.7,98,79,14.2,18.4,984.9
5645,8/22/2024 5:00,208,38,170,85.5,208,594.0,100,74,14.9,20.0,984.9
5646,8/22/2024 6:00,245,50,195,88.7,245,753.8,100,70,15.7,19.4,984.8
5647,8/22/2024 7:00,312,50,262,76.2,312,877.0,99,69,16.7,16.6,984.9
5648,8/22/2024 8:00,309,44,265,61.6,309,955.3,100,66,17.2,19.4,984.7
5649,8/22/2024 9:00,415,109,306,148.3,415,983.3,100,64,18.0,20.0,984.9
5650,8/22/2024 10:00,316,57,259,79.5,316,959.0,97,64,18.0,21.0,985.0
5651,8/22/2024 11:00,347,74,273,111.9,347,884.2,100,64,18.4,19.9,985.2
5652,8/22/2024 12:00,282,60,222,105.1,282,763.8,62,65,18.3,21.3,985.4
5653,8/22/2024 13:00,237,71,166,156.7,237,606.1,58,67,18.0,19.0,985.9
5654,8/22/2024 14:00,170,78,92,247.3,170,421.8,15,69,17.6,14.5,985.9
5655,8/22/2024 15:00,100,53,47,317.2,100,223.5,16,73,16.6,11.4,985.8
5656,8/22/2024 16:00,13,4,9,48.6,13,51.2,5,78,15.2,10.3,986.2
5657,8/22/2024 17:00,0,0,0,0.0,0,0.0,0,82,14.2,10.2,986.1
5658,8/22/2024 18:00,0,0,0,0.0,0,0.0,1,85,13.6,9.9,986.0
5659,8/22/2024 19:00,0,0,0,0.0,0,0.0,0,87,13.1,10.1,985.9
5660,8/22/2024 20:00,0,0,0,0.0,0,0.0,0,87,12.9,10.4,985.9
5661,8/22/2024 21:00,0,0,0,0.0,0,0.0,0,89,12.5,9.7,986.2
5662,8/22/2024 22:00,0,0,0,0.0,0,0.0,0,91,12.1,9.4,986.4
5663,8/22/2024 23:00,0,0,0,0.0,0,0.0,0,93,11.9,9.1,986.7
5664,8/23/2024 0:00,0,0,0,0.0,0,0.0,0,94,11.6,9.4,987.2
5665,8/23/2024 1:00,0,0,0,0.0,0,0.0,0,96,11.4,10.8,987.7
5666,8/23/2024 2:00,9,3,6,39.7,9,42.4,0,96,11.5,11.5,988.1
5667,8/23/2024 3:00,97,54,43,352.2,97,205.1,2,93,12.8,11.5,988.4
5668,8/23/2024 4:00,235,165,70,546.8,235,403.7,34,88,14.6,13.2,988.5
5669,8/23/2024 5:00,375,276,99,626.6,375,589.2,17,82,16.3,12.4,988.7
5670,8/23/2024 6:00,511,406,105,725.1,511,749.1,15,77,17.6,13.7,989.0
5671,8/23/2024 7:00,612,496,116,760.7,612,872.3,14,67,19.0,16.2,989.1
5672,8/23/2024 8:00,663,534,129,751.6,663,950.5,32,61,19.8,15.7,989.3
5673,8/23/2024 9:00,664,515,149,704.3,664,978.3,39,58,20.5,14.4,989.5
5674,8/23/2024 10:00,661,520,141,729.4,661,953.8,100,54,21.0,13.3,989.4
5675,8/23/2024 11:00,480,200,280,304.5,480,878.7,100,54,20.8,13.0,989.4
5676,8/23/2024 12:00,437,223,214,393.7,437,757.9,100,53,20.8,12.7,989.3
5677,8/23/2024 13:00,277,95,182,211.9,277,599.8,98,57,19.7,13.0,989.9
5678,8/23/2024 14:00,177,53,124,170.8,177,415.1,89,64,19.0,10.1,989.8
5679,8/23/2024 15:00,100,48,52,296.8,100,216.4,37,72,17.2,7.3,989.7
5680,8/23/2024 16:00,12,4,8,50.3,12,47.6,8,81,15.1,7.5,989.9
5681,8/23/2024 17:00,0,0,0,0.0,0,0.0,2,85,14.0,8.1,990.2
5682,8/23/2024 18:00,0,0,0,0.0,0,0.0,11,89,12.9,7.0,990.1
5683,8/23/2024 19:00,0,0,0,0.0,0,0.0,26,92,11.9,6.0,989.9
5684,8/23/2024 20:00,0,0,0,0.0,0,0.0,0,94,11.1,6.0,990.0
5685,8/23/2024 21:00,0,0,0,0.0,0,0.0,0,95,10.1,7.6,990.2
5686,8/23/2024 22:00,0,0,0,0.0,0,0.0,0,95,9.9,6.5,990.2
5687,8/23/2024 23:00,0,0,0,0.0,0,0.0,1,97,9.1,6.9,990.2
5688,8/24/2024 0:00,0,0,0,0.0,0,0.0,0,98,8.6,7.6,990.4
5689,8/24/2024 1:00,0,0,0,0.0,0,0.0,0,98,8.3,9.4,990.6
5690,8/24/2024 2:00,8,2,6,27.2,8,39.6,0,97,8.9,6.8,990.9
5691,8/24/2024 3:00,96,54,42,361.8,96,199.8,0,93,11.6,5.8,991.3
5692,8/24/2024 4:00,235,168,67,564.1,235,398.6,8,88,14.4,4.3,991.4
5693,8/24/2024 5:00,380,297,83,680.2,380,584.4,17,81,16.8,5.4,991.5
5694,8/24/2024 6:00,512,415,97,746.2,512,744.3,70,73,18.5,6.9,991.6
5695,8/24/2024 7:00,617,513,104,791.4,617,867.6,90,65,19.7,10.2,991.7
5696,8/24/2024 8:00,561,340,221,481.2,561,945.7,65,60,20.2,11.2,991.3
5697,8/24/2024 9:00,596,420,176,577.6,596,973.3,52,56,20.8,11.2,991.1
5698,8/24/2024 10:00,544,323,221,455.8,544,948.5,80,53,21.2,10.4,990.8
5699,8/24/2024 11:00,457,218,239,334.2,457,873.0,100,53,21.2,9.9,990.4
5700,8/24/2024 12:00,273,80,193,142.4,273,751.9,53,55,21.0,8.8,990.0
5701,8/24/2024 13:00,328,202,126,455.7,328,593.4,28,50,21.7,8.6,989.7
5702,8/24/2024 14:00,214,129,85,422.9,214,408.3,4,62,20.6,8.3,989.3
5703,8/24/2024 15:00,100,57,43,364.7,100,209.2,9,67,18.6,8.2,988.9
5704,8/24/2024 16:00,10,3,7,39.1,10,44.0,0,72,16.6,7.1,988.8
5705,8/24/2024 17:00,0,0,0,0.0,0,0.0,9,83,14.6,10.1,988.6
5706,8/24/2024 18:00,0,0,0,0.0,0,0.0,29,85,14.3,7.4,988.5
5707,8/24/2024 19:00,0,0,0,0.0,0,0.0,99,85,14.1,7.7,988.2
5708,8/24/2024 20:00,0,0,0,0.0,0,0.0,100,81,14.7,6.9,988.1
5709,8/24/2024 21:00,0,0,0,0.0,0,0.0,100,77,15.6,7.2,987.6
5710,8/24/2024 22:00,0,0,0,0.0,0,0.0,100,81,15.2,7.8,987.9
5711,8/24/2024 23:00,0,0,0,0.0,0,0.0,100,90,14.9,5.3,987.6
5712,8/25/2024 0:00,0,0,0,0.0,0,0.0,100,92,14.8,3.6,987.1
5713,8/25/2024 1:00,0,0,0,0.0,0,0.0,100,96,14.9,8.2,987.6
5714,8/25/2024 2:00,1,0,1,0.0,1,36.9,100,97,14.9,7.6,988.0
5715,8/25/2024 3:00,11,0,11,0.0,11,194.4,100,97,15.1,10.5,987.6
5716,8/25/2024 4:00,42,0,42,0.0,42,393.5,100,96,15.6,7.0,987.7
5717,8/25/2024 5:00,51,0,51,0.0,51,579.5,100,96,16.0,5.4,987.7
5718,8/25/2024 6:00,127,16,111,29.0,127,739.5,100,94,16.9,3.7,987.7
5719,8/25/2024 7:00,244,26,218,40.4,244,862.8,46,88,18.1,2.9,987.8
5720,8/25/2024 8:00,459,288,171,409.9,459,940.8,31,79,19.6,5.0,987.8
5721,8/25/2024 9:00,602,427,175,590.6,602,968.2,54,74,20.5,3.1,987.9
5722,8/25/2024 10:00,532,349,183,495.5,532,943.1,35,70,21.2,3.9,987.9
5723,8/25/2024 11:00,487,329,158,508.0,487,867.2,52,67,21.7,3.9,988.1
5724,8/25/2024 12:00,358,214,144,384.3,358,745.7,44,68,21.5,5.0,988.1
5725,8/25/2024 13:00,284,170,114,388.0,284,586.8,21,64,21.9,5.1,989.0
5726,8/25/2024 14:00,196,119,77,397.1,196,401.3,25,70,21.2,4.7,989.0
5727,8/25/2024 15:00,84,40,44,265.3,84,201.9,31,78,19.6,6.2,989.1
5728,8/25/2024 16:00,7,2,5,27.1,7,40.3,20,86,18.0,6.9,989.2
5729,8/25/2024 17:00,0,0,0,0.0,0,0.0,15,92,16.9,6.1,989.4
5730,8/25/2024 18:00,0,0,0,0.0,0,0.0,3,95,15.8,5.1,989.3
5731,8/25/2024 19:00,0,0,0,0.0,0,0.0,19,95,15.4,6.0,989.3
5732,8/25/2024 20:00,0,0,0,0.0,0,0.0,8,96,14.9,6.0,989.0
5733,8/25/2024 21:00,0,0,0,0.0,0,0.0,81,96,14.6,6.4,989.2
5734,8/25/2024 22:00,0,0,0,0.0,0,0.0,88,96,14.1,6.1,989.5
5735,8/25/2024 23:00,0,0,0,0.0,0,0.0,97,97,13.6,5.2,989.5
5736,8/26/2024 0:00,0,0,0,0.0,0,0.0,99,97,13.4,6.4,989.6
5737,8/26/2024 1:00,0,0,0,0.0,0,0.0,99,97,13.4,6.8,990.2
5738,8/26/2024 2:00,6,0,6,0.0,6,34.1,95,97,13.8,6.8,990.6
5739,8/26/2024 3:00,80,32,48,221.4,80,188.9,6,94,15.1,8.5,991.0
5740,8/26/2024 4:00,216,145,71,500.2,216,388.3,3,90,17.2,6.2,991.1
5741,8/26/2024 5:00,358,269,89,627.3,358,574.5,0,84,19.2,7.4,991.1
5742,8/26/2024 6:00,501,409,92,745.8,501,734.6,19,70,20.9,12.5,991.5
5743,8/26/2024 7:00,541,421,120,657.4,541,857.9,12,65,21.4,14.4,991.4
5744,8/26/2024 8:00,638,521,117,745.9,638,935.8,48,60,22.2,16.8,991.4
5745,8/26/2024 9:00,517,327,190,454.9,517,963.0,45,58,22.4,15.9,991.2
5746,8/26/2024 10:00,553,339,214,484.4,553,937.6,89,58,22.5,15.8,991.1
5747,8/26/2024 11:00,314,107,207,166.4,314,861.4,59,62,21.9,14.8,991.4
5748,8/26/2024 12:00,371,216,155,391.3,371,739.5,53,60,22.3,15.1,991.3
5749,8/26/2024 13:00,332,224,108,517.3,332,580.1,50,56,22.8,13.5,991.5
5750,8/26/2024 14:00,181,90,91,305.8,181,394.3,10,65,21.7,11.5,991.4
5751,8/26/2024 15:00,85,44,41,300.1,85,194.5,0,71,20.0,9.7,991.4
5752,8/26/2024 16:00,7,2,5,28.1,7,36.6,1,77,18.2,9.2,992.0
5753,8/26/2024 17:00,0,0,0,0.0,0,0.0,0,82,17.1,8.7,992.2
5754,8/26/2024 18:00,0,0,0,0.0,0,0.0,0,85,16.3,9.3,992.4
5755,8/26/2024 19:00,0,0,0,0.0,0,0.0,0,86,15.8,10.5,992.7
5756,8/26/2024 20:00,0,0,0,0.0,0,0.0,0,88,14.9,8.2,993.0
5757,8/26/2024 21:00,0,0,0,0.0,0,0.0,0,91,13.9,7.5,993.3
5758,8/26/2024 22:00,0,0,0,0.0,0,0.0,0,92,13.1,6.9,993.5
5759,8/26/2024 23:00,0,0,0,0.0,0,0.0,0,93,12.3,6.9,993.5
5760,8/27/2024 0:00,0,0,0,0.0,0,0.0,0,94,11.9,7.4,993.9
5761,8/27/2024 1:00,0,0,0,0.0,0,0.0,0,95,11.1,8.0,994.5
5762,8/27/2024 2:00,6,1,5,14.9,6,31.3,0,95,11.1,8.5,995.0
5763,8/27/2024 3:00,87,49,38,343.9,87,183.4,0,91,12.8,9.2,995.6
5764,8/27/2024 4:00,225,161,64,563.2,225,383.1,0,87,15.1,6.5,996.3
5765,8/27/2024 5:00,372,292,80,687.2,372,569.4,0,81,17.3,7.1,996.7
5766,8/27/2024 6:00,505,415,90,762.2,505,729.7,0,73,19.0,8.2,996.8
5767,8/27/2024 7:00,610,513,97,806.1,610,852.9,0,66,20.1,8.0,996.9
5768,8/27/2024 8:00,675,575,100,828.0,675,930.7,0,62,21.0,6.9,996.9
5769,8/27/2024 9:00,697,595,102,832.7,697,957.7,0,59,21.6,6.9,997.1
5770,8/27/2024 10:00,673,574,99,825.5,673,932.0,0,56,22.1,6.9,997.0
5771,8/27/2024 11:00,607,511,96,800.7,607,855.4,0,55,22.2,6.6,997.0
5772,8/27/2024 12:00,501,411,90,751.5,501,733.1,0,55,22.2,6.4,996.7
5773,8/27/2024 13:00,370,291,79,680.3,370,573.4,0,50,22.8,5.9,996.7
5774,8/27/2024 14:00,224,160,64,554.0,224,387.1,0,64,22.0,3.2,996.7
5775,8/27/2024 15:00,87,48,39,333.8,87,187.0,0,75,19.1,7.6,996.5
5776,8/27/2024 16:00,6,2,4,29.3,6,32.8,0,76,16.9,8.3,996.7
5777,8/27/2024 17:00,0,0,0,0.0,0,0.0,0,80,15.8,7.2,996.7
5778,8/27/2024 18:00,0,0,0,0.0,0,0.0,0,84,14.4,8.5,996.7
5779,8/27/2024 19:00,0,0,0,0.0,0,0.0,0,82,14.4,7.1,996.7
5780,8/27/2024 20:00,0,0,0,0.0,0,0.0,0,71,15.9,6.2,996.8
5781,8/27/2024 21:00,0,0,0,0.0,0,0.0,0,68,16.4,6.0,997.0
5782,8/27/2024 22:00,0,0,0,0.0,0,0.0,0,68,16.0,6.1,996.9
5783,8/27/2024 23:00,0,0,0,0.0,0,0.0,0,77,14.1,8.0,996.9
5784,8/28/2024 0:00,0,0,0,0.0,0,0.0,0,86,12.2,9.1,996.9
5785,8/28/2024 1:00,0,0,0,0.0,0,0.0,0,93,11.1,9.4,997.2
5786,8/28/2024 2:00,5,1,4,15.4,5,28.5,0,94,11.8,6.4,997.5
5787,8/28/2024 3:00,80,44,36,313.3,80,177.9,0,90,14.2,7.8,997.6
5788,8/28/2024 4:00,216,152,64,539.4,216,377.8,8,82,17.0,6.5,997.7
5789,8/28/2024 5:00,360,280,80,665.2,360,564.4,15,74,19.4,6.6,998.1
5790,8/28/2024 6:00,491,399,92,738.2,491,724.7,44,68,21.1,8.6,998.2
5791,8/28/2024 7:00,593,492,101,778.0,593,847.9,82,62,22.4,9.9,998.0
5792,8/28/2024 8:00,656,547,109,792.5,656,925.5,62,58,23.3,10.4,997.6
5793,8/28/2024 9:00,680,570,110,802.6,680,952.3,93,56,24.0,11.0,997.4
5794,8/28/2024 10:00,654,543,111,786.0,654,926.3,98,55,24.3,12.2,996.9
5795,8/28/2024 11:00,588,480,108,757.8,588,849.3,75,55,24.5,12.9,996.6
5796,8/28/2024 12:00,490,399,91,736.3,490,726.6,77,56,24.3,14.0,996.2
5797,8/28/2024 13:00,361,281,80,665.2,361,566.5,20,52,24.9,11.5,995.9
5798,8/28/2024 14:00,216,151,65,533.1,216,379.8,16,59,23.6,10.0,995.8
5799,8/28/2024 15:00,81,43,38,305.0,81,179.3,0,63,21.8,10.3,995.5
5800,8/28/2024 16:00,5,1,4,15.3,5,28.9,1,64,20.6,11.3,995.4
5801,8/28/2024 17:00,0,0,0,0.0,0,0.0,2,66,19.8,10.7,995.3
5802,8/28/2024 18:00,0,0,0,0.0,0,0.0,62,69,19.0,10.2,995.3
5803,8/28/2024 19:00,0,0,0,0.0,0,0.0,5,73,18.3,9.5,995.1
5804,8/28/2024 20:00,0,0,0,0.0,0,0.0,5,77,17.8,9.8,995.1
5805,8/28/2024 21:00,0,0,0,0.0,0,0.0,1,81,17.5,10.1,994.9
5806,8/28/2024 22:00,0,0,0,0.0,0,0.0,0,84,17.1,10.2,994.7
5807,8/28/2024 23:00,0,0,0,0.0,0,0.0,0,85,16.6,9.0,994.8
5808,8/29/2024 0:00,0,0,0,0.0,0,0.0,0,89,15.9,6.9,994.7
5809,8/29/2024 1:00,0,0,0,0.0,0,0.0,1,95,14.8,6.3,995.0
5810,8/29/2024 2:00,4,1,3,15.9,4,25.7,1,96,15.1,6.5,995.3
5811,8/29/2024 3:00,75,39,36,281.8,75,172.3,0,94,16.5,9.8,995.5
5812,8/29/2024 4:00,206,140,66,504.1,206,372.5,2,89,18.5,7.5,995.5
5813,8/29/2024 5:00,347,263,84,630.9,347,559.2,6,85,20.2,6.2,995.7
5814,8/29/2024 6:00,472,371,101,691.6,472,719.6,18,81,21.6,5.2,995.7
5815,8/29/2024 7:00,546,426,120,678.1,546,842.8,23,75,22.8,6.7,995.4
5816,8/29/2024 8:00,592,456,136,664.7,592,920.3,27,72,23.3,9.1,995.3
5817,8/29/2024 9:00,627,481,146,681.5,627,946.8,33,69,23.4,13.0,995.3
5818,8/29/2024 10:00,582,427,155,622.3,582,920.5,20,64,23.6,13.7,994.9
5819,8/29/2024 11:00,556,435,121,692.1,556,843.2,3,56,23.6,13.2,994.6
5820,8/29/2024 12:00,490,397,93,739.7,490,720.0,0,52,23.0,13.0,994.4
5821,8/29/2024 13:00,365,286,79,685.8,365,559.5,0,50,22.9,11.7,994.8
5822,8/29/2024 14:00,218,155,63,558.3,218,372.5,3,57,21.5,9.3,994.7
5823,8/29/2024 15:00,80,44,36,318.5,80,171.6,8,64,19.1,8.1,994.5
5824,8/29/2024 16:00,4,1,3,16.0,4,25.0,28,71,17.2,8.2,994.8
5825,8/29/2024 17:00,0,0,0,0.0,0,0.0,83,77,16.2,8.0,994.8
5826,8/29/2024 18:00,0,0,0,0.0,0,0.0,100,80,15.6,6.8,994.8
5827,8/29/2024 19:00,0,0,0,0.0,0,0.0,100,82,15.3,6.3,994.8
5828,8/29/2024 20:00,0,0,0,0.0,0,0.0,83,83,15.2,6.1,994.7
5829,8/29/2024 21:00,0,0,0,0.0,0,0.0,2,83,14.9,8.8,994.8
5830,8/29/2024 22:00,0,0,0,0.0,0,0.0,0,85,14.1,9.7,994.6
5831,8/29/2024 23:00,0,0,0,0.0,0,0.0,4,86,13.7,9.8,995.0
5832,8/30/2024 0:00,0,0,0,0.0,0,0.0,15,88,13.2,8.4,994.9
5833,8/30/2024 1:00,0,0,0,0.0,0,0.0,0,94,12.4,9.4,995.4
5834,8/30/2024 2:00,3,1,2,16.5,3,22.8,9,94,12.2,9.6,995.7
5835,8/30/2024 3:00,72,35,37,256.8,72,166.7,22,91,13.6,10.2,995.9
5836,8/30/2024 4:00,197,123,74,449.6,197,367.2,35,84,15.4,7.7,996.2
5837,8/30/2024 5:00,318,210,108,508.7,318,554.0,27,75,17.1,8.2,996.5
5838,8/30/2024 6:00,443,315,128,591.7,443,714.5,23,67,18.5,8.4,996.5
5839,8/30/2024 7:00,568,439,129,703.4,568,837.6,4,63,19.5,8.3,996.6
5840,8/30/2024 8:00,649,542,107,795.0,649,914.9,39,58,20.5,8.7,996.3
5841,8/30/2024 9:00,603,430,173,613.1,603,941.2,94,54,21.0,8.9,996.1
5842,8/30/2024 10:00,436,192,244,281.7,436,914.6,100,53,21.0,10.1,995.9
5843,8/30/2024 11:00,240,52,188,83.4,240,836.9,99,55,20.4,11.2,995.8
5844,8/30/2024 12:00,315,119,196,223.9,315,713.4,19,55,20.7,11.6,995.8
5845,8/30/2024 13:00,261,143,118,347.4,261,552.4,25,53,20.6,13.5,996.1
5846,8/30/2024 14:00,172,106,66,389.8,172,365.0,18,60,19.5,10.5,996.4
5847,8/30/2024 15:00,68,33,35,244.0,68,163.9,8,68,17.7,6.8,996.4
5848,8/30/2024 16:00,3,0,3,0.0,3,21.1,3,75,15.8,6.7,996.6
5849,8/30/2024 17:00,0,0,0,0.0,0,0.0,3,75,15.3,8.7,997.0
5850,8/30/2024 18:00,0,0,0,0.0,0,0.0,1,78,14.6,9.2,997.2
5851,8/30/2024 19:00,0,0,0,0.0,0,0.0,0,85,13.6,8.6,997.0
5852,8/30/2024 20:00,0,0,0,0.0,0,0.0,0,89,12.8,8.0,997.1
5853,8/30/2024 21:00,0,0,0,0.0,0,0.0,0,92,12.1,6.6,997.3
5854,8/30/2024 22:00,0,0,0,0.0,0,0.0,0,94,11.6,6.4,997.5
5855,8/30/2024 23:00,0,0,0,0.0,0,0.0,0,95,11.2,7.3,997.5
5856,8/31/2024 0:00,0,0,0,0.0,0,0.0,0,95,11.0,7.5,997.9
5857,8/31/2024 1:00,0,0,0,0.0,0,0.0,2,98,10.4,7.7,998.8
5858,8/31/2024 2:00,3,0,3,0.0,3,19.9,9,98,10.2,7.2,999.0
5859,8/31/2024 3:00,73,39,34,290.6,73,161.0,12,95,11.6,8.7,999.3
5860,8/31/2024 4:00,211,149,62,553.0,211,361.8,10,89,13.8,6.8,999.6
5861,8/31/2024 5:00,359,281,78,687.5,359,548.8,9,80,15.9,8.2,1000.0
5862,8/31/2024 6:00,489,397,92,751.5,489,709.3,0,71,17.4,9.0,1000.0
5863,8/31/2024 7:00,593,495,98,798.5,593,832.4,34,63,18.5,11.7,999.9
5864,8/31/2024 8:00,573,404,169,596.4,573,909.6,28,59,19.2,10.2,999.6
5865,8/31/2024 9:00,619,455,164,653.0,619,935.6,22,56,19.7,9.0,999.4
5866,8/31/2024 10:00,611,465,146,687.2,611,908.7,11,54,20.0,9.1,999.2
5867,8/31/2024 11:00,573,455,118,735.6,573,830.6,12,52,20.2,10.3,999.2
5868,8/31/2024 12:00,468,359,109,682.2,468,706.7,22,51,20.0,11.4,999.2
5869,8/31/2024 13:00,340,252,88,620.6,340,545.3,5,49,19.8,12.6,999.1
5870,8/31/2024 14:00,202,134,68,503.4,202,357.5,1,56,18.4,12.0,999.2
5871,8/31/2024 15:00,71,37,34,279.6,71,156.0,3,64,16.5,9.5,999.0
5872,8/31/2024 16:00,2,0,2,0.0,2,17.1,0,71,14.6,10.0,999.4
5873,8/31/2024 17:00,0,0,0,0.0,0,0.0,0,75,13.6,11.8,999.5
5874,8/31/2024 18:00,0,0,0,0.0,0,0.0,0,76,12.7,13.0,999.8
5875,8/31/2024 19:00,0,0,0,0.0,0,0.0,0,77,11.7,12.0,999.9
5876,8/31/2024 20:00,0,0,0,0.0,0,0.0,0,79,10.8,11.2,1000.0
5877,8/31/2024 21:00,0,0,0,0.0,0,0.0,0,82,9.9,10.0,1000.4
5878,8/31/2024 22:00,0,0,0,0.0,0,0.0,0,86,8.9,8.4,1000.4
5879,8/31/2024 23:00,0,0,0,0.0,0,0.0,0,90,8.2,8.4,1000.3
5880,9/1/2024 0:00,0,0,0,0.0,0,0.0,0,91,7.7,9.4,1000.7
5881,9/1/2024 1:00,0,0,0,0.0,0,0.0,0,95,6.8,9.2,1001.5
5882,9/1/2024 2:00,2,0,2,0.0,2,17.0,0,96,6.2,7.6,1001.6
5883,9/1/2024 3:00,72,38,34,287.7,72,155.3,0,91,7.3,8.7,1001.9
5884,9/1/2024 4:00,210,147,63,554.2,210,356.3,0,85,9.2,7.9,1002.2
5885,9/1/2024 5:00,359,280,79,692.1,359,543.5,0,76,11.4,8.3,1002.3
5886,9/1/2024 6:00,494,404,90,770.8,494,704.1,0,68,12.9,8.4,1002.3
5887,9/1/2024 7:00,599,503,96,817.0,599,827.1,0,64,14.0,8.6,1002.6
5888,9/1/2024 8:00,666,565,101,839.5,666,904.1,0,62,14.9,8.0,1002.6
5889,9/1/2024 9:00,689,587,102,848.0,689,929.9,0,61,15.8,6.9,1002.4
5890,9/1/2024 10:00,665,565,100,840.9,665,902.6,0,60,16.5,6.9,1002.3
5891,9/1/2024 11:00,596,500,96,815.0,596,824.2,0,59,16.9,6.1,1002.0
5892,9/1/2024 12:00,489,400,89,767.9,489,699.8,1,59,17.0,6.9,1001.8
5893,9/1/2024 13:00,356,279,77,696.6,356,538.1,0,53,17.3,7.9,1002.2
5894,9/1/2024 14:00,206,145,61,556.8,206,349.9,0,60,16.4,5.9,1002.1
5895,9/1/2024 15:00,69,37,32,285.9,69,148.1,28,70,13.9,6.1,1001.6
5896,9/1/2024 16:00,2,0,2,0.0,2,13.1,0,74,12.4,7.0,1001.9
5897,9/1/2024 17:00,0,0,0,0.0,0,0.0,0,78,11.2,6.6,1001.9
5898,9/1/2024 18:00,0,0,0,0.0,0,0.0,0,83,10.3,6.3,1001.8
5899,9/1/2024 19:00,0,0,0,0.0,0,0.0,0,85,9.6,6.0,1001.7
5900,9/1/2024 20:00,0,0,0,0.0,0,0.0,0,86,9.2,6.4,1001.8
5901,9/1/2024 21:00,0,0,0,0.0,0,0.0,0,88,8.8,5.8,1001.7
5902,9/1/2024 22:00,0,0,0,0.0,0,0.0,0,90,8.1,5.2,1001.7
5903,9/1/2024 23:00,0,0,0,0.0,0,0.0,0,91,7.7,5.0,1001.7
5904,9/2/2024 0:00,0,0,0,0.0,0,0.0,0,92,7.3,4.7,1001.8
5905,9/2/2024 1:00,0,0,0,0.0,0,0.0,0,94,5.8,4.7,1002.5
5906,9/2/2024 2:00,2,0,2,0.0,2,14.1,0,95,5.6,4.0,1002.7
5907,9/2/2024 3:00,69,37,32,284.7,69,149.6,0,91,7.7,5.6,1002.9
5908,9/2/2024 4:00,206,144,62,551.6,206,350.8,0,83,11.3,2.7,1003.2
5909,9/2/2024 5:00,356,278,78,694.3,356,538.1,0,76,14.2,1.1,1003.5
5910,9/2/2024 6:00,491,403,88,775.1,491,698.8,0,67,15.9,0.5,1003.2
5911,9/2/2024 7:00,598,503,95,822.7,598,821.7,0,62,17.1,2.2,1003.2
5912,9/2/2024 8:00,664,566,98,846.6,664,898.6,0,58,18.1,3.2,1002.9
5913,9/2/2024 9:00,686,587,99,853.8,686,924.1,0,56,19.0,4.0,1002.7
5914,9/2/2024 10:00,661,564,97,845.6,661,896.5,0,53,19.6,5.8,1002.1
5915,9/2/2024 11:00,592,498,94,818.6,592,817.7,0,51,19.9,6.5,1001.6
5916,9/2/2024 12:00,485,398,87,772.0,485,693.0,0,52,19.9,6.6,1001.0
5917,9/2/2024 13:00,349,273,76,691.3,349,530.8,0,48,20.5,6.3,1000.9
5918,9/2/2024 14:00,200,140,60,549.8,200,342.2,0,65,19.0,3.9,1000.3
5919,9/2/2024 15:00,64,34,30,268.9,64,140.1,75,69,16.2,7.6,999.9
5920,9/2/2024 16:00,1,0,1,0.0,1,9.1,97,72,14.8,7.9,999.7
5921,9/2/2024 17:00,0,0,0,0.0,0,0.0,100,79,12.8,8.5,999.4
5922,9/2/2024 18:00,0,0,0,0.0,0,0.0,100,79,11.8,7.6,999.0
5923,9/2/2024 19:00,0,0,0,0.0,0,0.0,98,84,10.8,7.0,998.7
5924,9/2/2024 20:00,0,0,0,0.0,0,0.0,75,89,9.8,7.2,998.3
5925,9/2/2024 21:00,0,0,0,0.0,0,0.0,1,85,10.3,4.6,998.0
5926,9/2/2024 22:00,0,0,0,0.0,0,0.0,15,81,11.1,3.8,997.8
5927,9/2/2024 23:00,0,0,0,0.0,0,0.0,47,84,10.2,6.6,997.3
5928,9/3/2024 0:00,0,0,0,0.0,0,0.0,3,88,8.9,8.4,997.0
5929,9/3/2024 1:00,0,0,0,0.0,0,0.0,0,91,7.0,10.6,997.2
5930,9/3/2024 2:00,1,0,1,0.0,1,11.2,0,90,7.5,8.4,997.2
5931,9/3/2024 3:00,64,33,31,258.1,64,143.9,1,84,10.3,7.6,997.3
5932,9/3/2024 4:00,195,134,61,521.8,195,345.3,0,78,13.4,7.9,997.3
5933,9/3/2024 5:00,340,262,78,661.2,340,532.8,0,73,16.0,7.6,997.2
5934,9/3/2024 6:00,472,384,88,744.6,472,693.4,0,68,18.4,10.8,996.9
5935,9/3/2024 7:00,575,480,95,790.7,575,816.3,0,63,20.0,13.4,996.4
5936,9/3/2024 8:00,640,541,99,814.6,640,893.0,0,60,21.2,13.8,996.0
5937,9/3/2024 9:00,660,560,100,820.1,660,918.3,0,57,22.1,14.5,995.5
5938,9/3/2024 10:00,634,535,99,808.0,634,890.3,0,54,22.9,14.4,994.9
5939,9/3/2024 11:00,567,473,94,784.2,567,811.1,33,52,23.2,15.0,994.6
5940,9/3/2024 12:00,410,286,124,560.7,410,686.0,99,51,23.3,14.3,994.0
5941,9/3/2024 13:00,266,151,115,387.9,266,523.4,16,52,23.4,11.5,993.7
5942,9/3/2024 14:00,167,102,65,410.0,167,334.5,49,57,22.0,11.7,993.5
5943,9/3/2024 15:00,40,15,25,121.5,40,132.1,48,66,20.0,9.7,993.2
5944,9/3/2024 16:00,0,0,0,0.0,0,5.0,62,78,18.2,11.0,993.3
5945,9/3/2024 17:00,0,0,0,0.0,0,0.0,71,88,17.0,13.2,993.7
5946,9/3/2024 18:00,0,0,0,0.0,0,0.0,98,90,16.6,17.9,993.8
5947,9/3/2024 19:00,0,0,0,0.0,0,0.0,19,90,15.1,19.9,994.1
5948,9/3/2024 20:00,0,0,0,0.0,0,0.0,4,84,13.6,17.8,994.4
5949,9/3/2024 21:00,0,0,0,0.0,0,0.0,41,80,12.6,16.8,994.6
5950,9/3/2024 22:00,0,0,0,0.0,0,0.0,17,75,12.1,15.8,994.8
5951,9/3/2024 23:00,0,0,0,0.0,0,0.0,17,74,11.3,15.8,995.1
5952,9/4/2024 0:00,0,0,0,0.0,0,0.0,8,71,10.4,16.6,995.6
5953,9/4/2024 1:00,0,0,0,0.0,0,0.0,0,78,9.1,15.3,996.1
5954,9/4/2024 2:00,1,0,1,0.0,1,8.2,0,83,8.2,15.1,996.6
5955,9/4/2024 3:00,62,32,30,254.6,62,138.1,0,83,8.7,13.3,997.0
5956,9/4/2024 4:00,198,136,62,538.5,198,339.8,6,78,9.9,14.6,997.2
5957,9/4/2024 5:00,346,266,80,678.6,346,527.3,0,73,11.4,16.1,997.4
5958,9/4/2024 6:00,480,391,89,764.5,480,688.0,0,69,12.9,15.8,997.4
5959,9/4/2024 7:00,585,490,95,813.0,585,810.8,0,64,14.4,16.3,997.3
5960,9/4/2024 8:00,652,552,100,836.9,652,887.3,1,56,15.6,18.3,997.3
5961,9/4/2024 9:00,673,572,101,843.5,673,912.3,39,53,16.1,19.4,997.3
5962,9/4/2024 10:00,640,527,113,802.0,640,884.1,95,50,16.5,18.9,997.4
5963,9/4/2024 11:00,548,399,149,667.3,548,804.5,35,47,16.7,18.8,997.2
5964,9/4/2024 12:00,470,379,91,751.0,470,679.0,19,47,16.5,19.9,997.1
5965,9/4/2024 13:00,326,241,85,628.3,326,516.0,2,50,15.2,20.4,998.0
5966,9/4/2024 14:00,186,125,61,514.7,186,326.8,5,52,14.4,16.5,997.9
5967,9/4/2024 15:00,54,27,27,224.1,54,124.1,2,55,13.1,16.8,998.2
5968,9/4/2024 16:00,0,0,0,0.0,0,0.9,4,59,12.1,16.8,998.7
5969,9/4/2024 17:00,0,0,0,0.0,0,0.0,9,60,11.4,15.0,998.8
5970,9/4/2024 18:00,0,0,0,0.0,0,0.0,70,61,10.9,12.2,998.9
5971,9/4/2024 19:00,0,0,0,0.0,0,0.0,100,62,10.7,9.9,998.7
5972,9/4/2024 20:00,0,0,0,0.0,0,0.0,92,65,10.4,9.1,998.9
5973,9/4/2024 21:00,0,0,0,0.0,0,0.0,1,72,9.1,9.8,998.8
5974,9/4/2024 22:00,0,0,0,0.0,0,0.0,0,75,8.6,11.2,998.8
5975,9/4/2024 23:00,0,0,0,0.0,0,0.0,0,78,8.1,10.6,999.1
5976,9/5/2024 0:00,0,0,0,0.0,0,0.0,0,80,7.8,10.4,999.3
5977,9/5/2024 1:00,0,0,0,0.0,0,0.0,0,86,7.7,11.4,1000.1
5978,9/5/2024 2:00,1,0,1,0.0,1,5.3,0,87,7.6,11.5,1000.8
5979,9/5/2024 3:00,58,29,29,234.7,58,132.3,0,83,8.9,12.3,1001.0
5980,9/5/2024 4:00,189,127,62,511.5,189,334.2,1,76,10.9,11.6,1001.2
5981,9/5/2024 5:00,336,257,79,662.8,336,521.9,3,68,12.6,14.0,1001.3
5982,9/5/2024 6:00,467,373,94,735.5,467,682.6,36,56,13.8,16.1,1001.4
5983,9/5/2024 7:00,476,333,143,556.6,476,805.3,83,52,14.4,16.2,1001.2
5984,9/5/2024 8:00,449,190,259,290.1,449,881.6,100,51,14.8,15.6,1001.1
5985,9/5/2024 9:00,319,61,258,90.6,319,906.4,100,52,14.6,14.3,1001.2
5986,9/5/2024 10:00,344,84,260,128.8,344,877.8,79,51,14.9,13.0,1000.9
5987,9/5/2024 11:00,363,135,228,227.8,363,797.9,100,49,15.4,13.1,1000.6
5988,9/5/2024 12:00,255,75,180,150.3,255,671.9,100,49,15.2,12.2,1000.4
5989,9/5/2024 13:00,247,101,146,267.3,247,508.6,90,48,14.8,13.1,1001.0
5990,9/5/2024 14:00,141,61,80,257.4,141,319.0,42,52,14.1,10.1,1000.8
5991,9/5/2024 15:00,44,17,27,144.7,44,116.0,96,59,12.4,7.5,1000.7
5992,9/5/2024 16:00,0,0,0,0.0,0,0.0,69,63,11.6,7.7,1000.6
5993,9/5/2024 17:00,0,0,0,0.0,0,0.0,37,69,10.2,6.9,1000.4
5994,9/5/2024 18:00,0,0,0,0.0,0,0.0,0,73,9.4,5.9,1000.2
5995,9/5/2024 19:00,0,0,0,0.0,0,0.0,0,82,7.8,6.4,1000.0
5996,9/5/2024 20:00,0,0,0,0.0,0,0.0,0,87,6.8,6.8,1000.0
5997,9/5/2024 21:00,0,0,0,0.0,0,0.0,1,89,6.3,6.2,1000.0
5998,9/5/2024 22:00,0,0,0,0.0,0,0.0,6,89,6.2,5.4,1000.0
5999,9/5/2024 23:00,0,0,0,0.0,0,0.0,2,89,6.1,6.5,1000.0
6000,9/6/2024 0:00,0,0,0,0.0,0,0.0,0,89,5.8,5.8,999.9
6001,9/6/2024 1:00,0,0,0,0.0,0,0.0,0,92,4.8,6.3,1000.2
6002,9/6/2024 2:00,0,0,0,0.0,0,2.3,4,92,4.7,6.3,1000.2
6003,9/6/2024 3:00,54,27,27,222.4,54,126.5,9,85,7.0,7.7,1000.4
6004,9/6/2024 4:00,184,122,62,500.0,184,328.6,24,77,9.8,4.6,1000.6
6005,9/6/2024 5:00,325,238,87,620.6,325,516.4,29,70,12.0,6.2,1000.8
6006,9/6/2024 6:00,463,371,92,737.8,463,677.1,37,66,13.8,8.2,1000.5
6007,9/6/2024 7:00,559,455,104,766.2,559,799.7,100,56,15.2,14.6,1000.4
6008,9/6/2024 8:00,412,155,257,238.3,412,875.9,100,55,15.4,16.3,999.9
6009,9/6/2024 9:00,329,60,269,89.7,329,900.4,100,55,15.6,14.8,999.8
6010,9/6/2024 10:00,321,57,264,88.1,321,871.5,100,54,16.2,13.3,999.6
6011,9/6/2024 11:00,285,38,247,64.7,285,791.1,100,54,16.6,13.0,999.1
6012,9/6/2024 12:00,222,47,175,95.2,222,664.8,96,56,16.6,12.4,998.7
6013,9/6/2024 13:00,202,57,145,153.2,202,501.1,100,53,16.4,14.5,999.2
6014,9/6/2024 14:00,101,17,84,73.6,101,311.2,15,59,16.0,8.7,998.8
6015,9/6/2024 15:00,41,15,26,131.0,41,107.9,5,72,13.2,6.2,998.6
6016,9/6/2024 16:00,0,0,0,0.0,0,0.0,1,83,10.8,9.7,998.6
6017,9/6/2024 17:00,0,0,0,0.0,0,0.0,0,84,10.1,6.9,998.3
6018,9/6/2024 18:00,0,0,0,0.0,0,0.0,3,84,10.4,7.6,998.2
6019,9/6/2024 19:00,0,0,0,0.0,0,0.0,3,85,10.1,8.0,998.2
6020,9/6/2024 20:00,0,0,0,0.0,0,0.0,10,86,9.8,8.2,998.2
6021,9/6/2024 21:00,0,0,0,0.0,0,0.0,16,86,9.9,8.9,998.0
6022,9/6/2024 22:00,0,0,0,0.0,0,0.0,0,86,10.0,9.2,997.8
6023,9/6/2024 23:00,0,0,0,0.0,0,0.0,0,87,9.9,8.9,997.8
6024,9/7/2024 0:00,0,0,0,0.0,0,0.0,0,89,9.7,7.7,997.8
6025,9/7/2024 1:00,0,0,0,0.0,0,0.0,34,93,9.0,7.7,998.0
6026,9/7/2024 2:00,0,0,0,0.0,0,0.0,95,93,8.9,7.9,998.5
6027,9/7/2024 3:00,47,16,31,134.2,47,120.7,45,90,10.2,9.9,998.5
6028,9/7/2024 4:00,175,115,60,479.8,175,322.9,40,84,12.4,9.5,998.6
6029,9/7/2024 5:00,316,237,79,625.0,316,510.9,98,77,14.9,9.2,998.6
6030,9/7/2024 6:00,409,259,150,519.6,409,671.6,99,72,17.0,10.8,998.4
6031,9/7/2024 7:00,538,416,122,705.8,538,794.1,99,66,19.1,12.9,998.4
6032,9/7/2024 8:00,591,445,146,689.1,591,870.1,100,61,20.4,15.3,998.2
6033,9/7/2024 9:00,580,376,204,566.5,580,894.3,100,58,21.1,15.8,998.1
6034,9/7/2024 10:00,554,358,196,557.6,554,865.1,100,57,21.5,15.5,997.7
6035,9/7/2024 11:00,507,352,155,604.7,507,784.4,100,55,21.9,15.0,997.6
6036,9/7/2024 12:00,406,273,133,559.3,406,657.7,100,52,22.2,15.2,997.2
6037,9/7/2024 13:00,124,7,117,19.1,124,493.6,98,60,21.7,12.8,997.2
6038,9/7/2024 14:00,137,66,71,293.2,137,303.3,82,68,20.5,13.0,997.2
6039,9/7/2024 15:00,35,13,22,116.6,35,99.7,34,76,18.7,9.4,997.3
6040,9/7/2024 16:00,0,0,0,0.0,0,0.0,12,85,16.8,7.2,997.5
6041,9/7/2024 17:00,0,0,0,0.0,0,0.0,5,90,15.8,6.8,997.6
6042,9/7/2024 18:00,0,0,0,0.0,0,0.0,8,93,14.9,6.2,997.6
6043,9/7/2024 19:00,0,0,0,0.0,0,0.0,5,95,13.9,5.4,997.4
6044,9/7/2024 20:00,0,0,0,0.0,0,0.0,1,96,13.0,5.9,997.3
6045,9/7/2024 21:00,0,0,0,0.0,0,0.0,1,97,12.4,6.2,997.3
6046,9/7/2024 22:00,0,0,0,0.0,0,0.0,1,98,11.6,6.4,997.0
6047,9/7/2024 23:00,0,0,0,0.0,0,0.0,0,98,11.4,4.7,997.0
6048,9/8/2024 0:00,0,0,0,0.0,0,0.0,0,97,12.9,0.7,997.3
6049,9/8/2024 1:00,0,0,0,0.0,0,0.0,16,99,11.9,5.4,997.6
6050,9/8/2024 2:00,0,0,0,0.0,0,0.0,96,100,11.9,5.5,997.8
6051,9/8/2024 3:00,39,10,29,85.4,39,114.8,100,100,12.2,4.9,998.0
6052,9/8/2024 4:00,110,26,84,110.5,110,317.3,100,98,14.1,3.1,998.4
6053,9/8/2024 5:00,188,39,149,104.0,188,505.3,42,91,16.5,2.3,998.7
6054,9/8/2024 6:00,360,230,130,465.5,360,666.0,35,83,19.1,3.3,998.9
6055,9/8/2024 7:00,438,283,155,483.8,438,788.5,42,74,20.7,5.0,998.8
6056,9/8/2024 8:00,506,368,138,574.0,506,864.3,33,69,21.5,5.9,998.8
6057,9/8/2024 9:00,541,377,164,572.2,541,888.2,43,66,21.8,7.5,998.7
6058,9/8/2024 10:00,496,333,163,522.8,496,858.6,44,65,22.0,5.9,998.5
6059,9/8/2024 11:00,455,323,132,560.0,455,777.6,58,64,22.4,6.5,998.3
6060,9/8/2024 12:00,334,212,122,439.4,334,650.5,54,63,22.4,5.4,998.0
6061,9/8/2024 13:00,252,165,87,457.7,252,486.1,34,60,23.0,4.6,997.8
6062,9/8/2024 14:00,131,69,62,314.9,131,295.4,29,76,21.6,4.1,997.5
6063,9/8/2024 15:00,32,12,20,110.6,32,91.6,52,76,19.5,6.9,997.6
6064,9/8/2024 16:00,0,0,0,0.0,0,0.0,70,78,18.9,6.0,997.8
6065,9/8/2024 17:00,0,0,0,0.0,0,0.0,24,86,17.2,5.8,997.9
6066,9/8/2024 18:00,0,0,0,0.0,0,0.0,71,89,15.8,7.0,997.8
6067,9/8/2024 19:00,0,0,0,0.0,0,0.0,97,93,14.4,5.4,997.6
6068,9/8/2024 20:00,0,0,0,0.0,0,0.0,81,95,14.2,4.4,997.5
6069,9/8/2024 21:00,0,0,0,0.0,0,0.0,39,96,13.6,4.6,997.7
6070,9/8/2024 22:00,0,0,0,0.0,0,0.0,98,97,13.0,4.8,997.5
6071,9/8/2024 23:00,0,0,0,0.0,0,0.0,94,96,12.9,5.2,997.5
6072,9/9/2024 0:00,0,0,0,0.0,0,0.0,100,96,12.8,5.2,997.7
6073,9/9/2024 1:00,0,0,0,0.0,0,0.0,100,97,11.6,4.8,998.2
6074,9/9/2024 2:00,0,0,0,0.0,0,0.0,100,97,11.6,4.2,998.4
6075,9/9/2024 3:00,40,10,30,87.0,40,108.9,100,96,13.0,6.2,998.9
6076,9/9/2024 4:00,148,70,78,303.0,148,311.6,100,93,15.5,3.4,999.3
6077,9/9/2024 5:00,277,162,115,437.2,277,499.7,100,86,18.4,3.1,999.7
6078,9/9/2024 6:00,413,285,128,582.0,413,660.4,100,75,20.6,3.2,999.6
6079,9/9/2024 7:00,511,371,140,639.2,511,782.8,100,67,21.9,3.8,999.5
6080,9/9/2024 8:00,579,444,135,697.7,579,858.4,100,61,22.8,3.4,999.2
6081,9/9/2024 9:00,586,428,158,654.5,586,882.1,100,57,23.5,4.1,999.1
6082,9/9/2024 10:00,533,350,183,554.0,533,852.2,100,55,23.9,5.4,998.7
6083,9/9/2024 11:00,490,355,135,621.3,490,770.7,32,53,24.0,6.3,998.3
6084,9/9/2024 12:00,390,273,117,572.4,390,643.3,17,53,23.8,7.4,997.8
6085,9/9/2024 13:00,282,203,79,572.3,282,478.5,44,52,23.8,5.8,997.8
6086,9/9/2024 14:00,145,86,59,403.5,145,287.5,23,74,21.8,5.8,997.6
6087,9/9/2024 15:00,32,13,19,123.3,32,83.4,73,64,20.8,5.8,997.5
6088,9/9/2024 16:00,0,0,0,0.0,0,0.0,83,75,18.2,5.8,997.4
6089,9/9/2024 17:00,0,0,0,0.0,0,0.0,38,68,19.2,5.4,997.5
6090,9/9/2024 18:00,0,0,0,0.0,0,0.0,2,73,17.8,5.1,997.3
6091,9/9/2024 19:00,0,0,0,0.0,0,0.0,10,86,14.9,4.4,996.8
6092,9/9/2024 20:00,0,0,0,0.0,0,0.0,6,89,14.1,4.7,996.9
6093,9/9/2024 21:00,0,0,0,0.0,0,0.0,100,90,13.4,7.1,996.9
6094,9/9/2024 22:00,0,0,0,0.0,0,0.0,100,88,13.4,8.1,996.7
6095,9/9/2024 23:00,0,0,0,0.0,0,0.0,100,86,13.9,6.7,996.6
6096,9/10/2024 0:00,0,0,0,0.0,0,0.0,100,85,13.6,7.1,996.8
6097,9/10/2024 1:00,0,0,0,0.0,0,0.0,100,89,13.1,6.3,997.5
6098,9/10/2024 2:00,0,0,0,0.0,0,0.0,100,89,12.9,5.6,997.4
6099,9/10/2024 3:00,29,0,29,0.0,29,103.0,100,85,14.2,5.4,997.7
6100,9/10/2024 4:00,121,23,98,101.5,121,305.9,100,78,16.6,5.7,998.2
6101,9/10/2024 5:00,221,61,160,166.6,221,494.1,100,73,18.9,3.9,998.3
6102,9/10/2024 6:00,325,132,193,272.0,325,654.8,100,65,20.6,4.8,998.1
6103,9/10/2024 7:00,406,173,233,300.4,406,777.0,99,60,21.8,5.9,997.9
6104,9/10/2024 8:00,524,323,201,511.3,524,852.4,75,55,22.8,6.4,997.6
6105,9/10/2024 9:00,587,436,151,671.8,587,875.8,76,53,23.5,6.4,997.3
6106,9/10/2024 10:00,560,410,150,654.3,560,845.6,54,52,23.9,6.5,997.1
6107,9/10/2024 11:00,493,350,143,618.4,493,763.8,86,50,24.0,5.6,996.8
6108,9/10/2024 12:00,355,214,141,454.1,355,636.0,96,50,23.8,5.7,996.6
6109,9/10/2024 13:00,206,64,142,183.5,206,470.8,100,53,23.5,3.2,996.8
6110,9/10/2024 14:00,105,27,78,130.4,105,279.5,99,71,21.7,4.3,996.6
6111,9/10/2024 15:00,20,2,18,19.5,20,79.3,100,76,19.0,7.3,996.4
6112,9/10/2024 16:00,0,0,0,0.0,0,0.0,100,76,18.2,5.1,996.4
6113,9/10/2024 17:00,0,0,0,0.0,0,0.0,95,79,17.5,5.8,996.4
6114,9/10/2024 18:00,0,0,0,0.0,0,0.0,71,77,17.1,7.2,996.3
6115,9/10/2024 19:00,0,0,0,0.0,0,0.0,100,75,16.2,7.3,995.9
6116,9/10/2024 20:00,0,0,0,0.0,0,0.0,99,75,15.6,7.6,995.9
6117,9/10/2024 21:00,0,0,0,0.0,0,0.0,99,77,15.4,7.6,995.8
6118,9/10/2024 22:00,0,0,0,0.0,0,0.0,100,79,14.9,8.0,995.8
6119,9/10/2024 23:00,0,0,0,0.0,0,0.0,100,77,15.1,8.0,995.8
6120,9/11/2024 0:00,0,0,0,0.0,0,0.0,100,78,14.9,7.6,996.0
6121,9/11/2024 1:00,0,0,0,0.0,0,0.0,100,86,13.9,6.9,996.6
6122,9/11/2024 2:00,0,0,0,0.0,0,0.0,100,87,13.8,6.9,996.9
6123,9/11/2024 3:00,29,2,27,18.1,29,97.1,100,84,14.9,7.9,997.2
6124,9/11/2024 4:00,135,52,83,233.9,135,300.1,100,79,17.0,7.6,997.6
6125,9/11/2024 5:00,256,131,125,362.1,256,488.4,83,73,19.4,5.8,998.0
6126,9/11/2024 6:00,368,198,170,411.9,368,649.1,81,66,21.2,6.4,998.1
6127,9/11/2024 7:00,490,339,151,593.5,490,771.2,88,60,22.7,6.9,998.1
6128,9/11/2024 8:00,565,418,147,666.8,565,846.4,90,54,23.8,7.3,998.1
6129,9/11/2024 9:00,585,442,143,686.4,585,869.5,95,50,24.4,7.4,998.0
6130,9/11/2024 10:00,556,409,147,658.3,556,838.9,86,49,24.8,6.7,997.9
6131,9/11/2024 11:00,497,375,122,669.1,497,756.8,19,48,25.0,6.6,998.0
6132,9/11/2024 12:00,401,305,96,655.2,401,628.6,7,48,24.9,6.0,997.8
6133,9/11/2024 13:00,273,197,76,574.5,273,463.0,5,52,25.0,3.4,998.4
6134,9/11/2024 14:00,135,82,53,407.9,135,271.4,10,71,22.8,6.5,998.2
6135,9/11/2024 15:00,26,10,16,100.7,26,75.2,17,62,21.2,6.2,998.3
6136,9/11/2024 16:00,0,0,0,0.0,0,0.0,6,74,18.5,5.8,998.5
6137,9/11/2024 17:00,0,0,0,0.0,0,0.0,7,75,18.1,8.3,998.8
6138,9/11/2024 18:00,0,0,0,0.0,0,0.0,11,73,18.0,8.7,998.7
6139,9/11/2024 19:00,0,0,0,0.0,0,0.0,9,74,17.5,9.4,998.5
6140,9/11/2024 20:00,0,0,0,0.0,0,0.0,6,76,17.0,9.4,998.7
6141,9/11/2024 21:00,0,0,0,0.0,0,0.0,21,78,16.5,8.5,998.6
6142,9/11/2024 22:00,0,0,0,0.0,0,0.0,22,78,16.4,9.9,999.0
6143,9/11/2024 23:00,0,0,0,0.0,0,0.0,21,79,15.8,10.2,999.1
6144,9/12/2024 0:00,0,0,0,0.0,0,0.0,3,80,15.4,9.8,999.6
6145,9/12/2024 1:00,0,0,0,0.0,0,0.0,0,90,14.3,9.7,1000.6
6146,9/12/2024 2:00,0,0,0,0.0,0,0.0,3,90,14.0,9.6,1000.8
6147,9/12/2024 3:00,35,16,19,147.8,35,91.1,1,86,14.8,10.6,1001.3
6148,9/12/2024 4:00,153,97,56,445.2,153,294.3,3,81,16.5,10.0,1001.8
6149,9/12/2024 5:00,291,216,75,604.5,291,482.6,1,76,17.8,11.5,1002.0
6150,9/12/2024 6:00,418,331,87,695.1,418,643.3,2,71,19.2,11.7,1002.2
6151,9/12/2024 7:00,519,425,94,750.2,519,765.3,11,67,20.5,12.0,1002.2
6152,9/12/2024 8:00,582,483,99,776.5,582,840.2,9,63,21.5,12.3,1002.1
6153,9/12/2024 9:00,601,501,100,784.2,601,863.1,14,59,22.1,12.3,1002.1
6154,9/12/2024 10:00,574,472,102,766.2,574,832.2,9,57,22.5,12.1,1002.2
6155,9/12/2024 11:00,507,412,95,742.5,507,749.6,3,56,22.5,12.1,1001.8
6156,9/12/2024 12:00,402,315,87,685.3,402,621.0,5,55,22.2,11.8,1001.6
6157,9/12/2024 13:00,275,203,72,602.6,275,455.2,0,51,22.2,11.0,1002.2
6158,9/12/2024 14:00,136,85,51,436.2,136,263.3,0,57,20.6,8.7,1002.1
6159,9/12/2024 15:00,24,10,14,104.0,24,71.0,0,60,18.5,9.7,1002.3
6160,9/12/2024 16:00,0,0,0,0.0,0,0.0,0,59,17.0,11.4,1002.8
6161,9/12/2024 17:00,0,0,0,0.0,0,0.0,0,59,15.7,10.2,1002.5
6162,9/12/2024 18:00,0,0,0,0.0,0,0.0,0,62,14.6,9.6,1002.4
6163,9/12/2024 19:00,0,0,0,0.0,0,0.0,0,65,13.9,9.8,1002.3
6164,9/12/2024 20:00,0,0,0,0.0,0,0.0,0,67,13.6,10.1,1002.1
6165,9/12/2024 21:00,0,0,0,0.0,0,0.0,0,68,13.4,11.6,1002.2
6166,9/12/2024 22:00,0,0,0,0.0,0,0.0,0,70,13.0,10.2,1002.5
6167,9/12/2024 23:00,0,0,0,0.0,0,0.0,0,73,12.4,9.2,1002.7
6168,9/13/2024 0:00,0,0,0,0.0,0,0.0,0,75,11.8,9.3,1003.0
6169,9/13/2024 1:00,0,0,0,0.0,0,0.0,0,85,10.2,8.4,1004.3
6170,9/13/2024 2:00,0,0,0,0.0,0,0.0,0,85,10.0,9.0,1004.5
6171,9/13/2024 3:00,35,16,19,150.9,35,85.1,0,81,11.1,10.5,1004.7
6172,9/13/2024 4:00,158,103,55,482.6,158,288.4,2,75,13.2,10.1,1004.7
6173,9/13/2024 5:00,302,229,73,649.1,302,476.8,0,68,15.4,9.5,1004.8
6174,9/13/2024 6:00,434,351,83,744.2,434,637.4,0,61,17.0,10.2,1004.7
6175,9/13/2024 7:00,538,447,91,795.7,538,759.3,0,54,18.3,10.8,1004.2
6176,9/13/2024 8:00,603,509,94,824.9,603,834.0,0,51,19.3,11.1,1004.0
6177,9/13/2024 9:00,622,527,95,831.6,622,856.5,0,48,20.1,11.7,1003.7
6178,9/13/2024 10:00,595,501,94,820.5,595,825.3,0,46,20.6,11.5,1003.4
6179,9/13/2024 11:00,524,434,90,790.2,524,742.4,0,45,20.8,11.2,1003.1
6180,9/13/2024 12:00,415,333,82,733.8,415,613.4,4,46,20.5,11.6,1002.8
6181,9/13/2024 13:00,279,208,71,628.7,279,447.2,82,45,20.5,9.9,1003.1
6182,9/13/2024 14:00,133,80,53,424.1,133,255.0,77,56,18.5,6.2,1002.7
6183,9/13/2024 15:00,22,9,13,96.7,22,66.8,99,61,16.2,7.9,1002.3
6184,9/13/2024 16:00,0,0,0,0.0,0,0.0,94,63,15.5,9.8,1002.2
6185,9/13/2024 17:00,0,0,0,0.0,0,0.0,1,67,14.7,10.1,1002.1
6186,9/13/2024 18:00,0,0,0,0.0,0,0.0,0,71,13.9,8.6,1001.9
6187,9/13/2024 19:00,0,0,0,0.0,0,0.0,0,77,12.9,7.2,1001.8
6188,9/13/2024 20:00,0,0,0,0.0,0,0.0,0,81,12.1,6.8,1001.6
6189,9/13/2024 21:00,0,0,0,0.0,0,0.0,4,84,11.5,7.0,1001.3
6190,9/13/2024 22:00,0,0,0,0.0,0,0.0,43,86,11.1,7.2,1001.4
6191,9/13/2024 23:00,0,0,0,0.0,0,0.0,52,89,10.6,6.8,1001.5
6192,9/14/2024 0:00,0,0,0,0.0,0,0.0,9,90,10.1,6.9,1001.7
6193,9/14/2024 1:00,0,0,0,0.0,0,0.0,5,92,9.4,8.1,1002.3
6194,9/14/2024 2:00,0,0,0,0.0,0,0.0,5,92,9.2,7.8,1002.4
6195,9/14/2024 3:00,32,15,17,144.5,32,81.4,16,89,10.4,9.0,1002.5
6196,9/14/2024 4:00,149,92,57,440.3,149,282.5,34,80,13.3,8.2,1002.7
6197,9/14/2024 5:00,286,203,83,582.8,286,471.0,20,74,16.1,5.9,1002.8
6198,9/14/2024 6:00,420,331,89,708.8,420,631.5,32,66,18.2,8.2,1002.5
6199,9/14/2024 7:00,512,403,109,723.5,512,753.2,46,61,19.5,9.8,1002.5
6200,9/14/2024 8:00,565,439,126,717.2,565,827.7,52,58,20.2,9.8,1002.0
6201,9/14/2024 9:00,578,440,138,700.1,578,850.0,90,56,20.8,8.9,1001.7
6202,9/14/2024 10:00,537,385,152,636.2,537,818.4,83,53,21.1,7.7,1001.2
6203,9/14/2024 11:00,488,369,119,678.9,488,735.1,11,52,21.2,8.0,1000.8
6204,9/14/2024 12:00,390,300,90,669.8,390,605.7,46,51,21.1,8.3,1000.4
6205,9/14/2024 13:00,262,190,72,585.2,262,439.1,69,49,21.4,8.7,1000.5
6206,9/14/2024 14:00,122,70,52,383.9,122,246.6,16,65,19.3,5.4,1000.2
6207,9/14/2024 15:00,18,7,11,77.9,18,62.6,1,70,16.9,6.9,999.8
6208,9/14/2024 16:00,0,0,0,0.0,0,0.0,3,71,16.6,7.9,1000.0
6209,9/14/2024 17:00,0,0,0,0.0,0,0.0,1,72,16.3,10.0,999.9
6210,9/14/2024 18:00,0,0,0,0.0,0,0.0,3,75,15.7,9.4,999.6
6211,9/14/2024 19:00,0,0,0,0.0,0,0.0,1,80,14.9,8.7,999.4
6212,9/14/2024 20:00,0,0,0,0.0,0,0.0,7,85,14.1,8.1,999.3
6213,9/14/2024 21:00,0,0,0,0.0,0,0.0,65,89,13.4,7.2,999.2
6214,9/14/2024 22:00,0,0,0,0.0,0,0.0,59,92,13.1,7.1,999.0
6215,9/14/2024 23:00,0,0,0,0.0,0,0.0,56,93,12.7,7.6,999.0
6216,9/15/2024 0:00,0,0,0,0.0,0,0.0,85,93,12.6,8.1,999.2
6217,9/15/2024 1:00,0,0,0,0.0,0,0.0,13,95,11.8,8.4,999.6
6218,9/15/2024 2:00,0,0,0,0.0,0,0.0,16,95,11.9,8.6,999.6
6219,9/15/2024 3:00,28,11,17,108.3,28,78.4,28,94,12.9,9.4,999.5
6220,9/15/2024 4:00,135,75,60,366.8,135,276.6,51,88,14.9,12.4,999.8
6221,9/15/2024 5:00,224,141,83,410.2,224,465.1,43,88,16.1,9.9,999.6
6222,9/15/2024 6:00,344,218,126,471.5,344,625.6,40,79,18.2,10.7,999.3
6223,9/15/2024 7:00,468,325,143,588.6,468,747.1,58,71,19.9,12.0,999.2
6224,9/15/2024 8:00,480,327,153,538.7,480,821.4,19,68,20.0,14.1,999.2
6225,9/15/2024 9:00,553,433,120,694.8,553,843.3,6,65,21.0,12.8,998.8
6226,9/15/2024 10:00,548,440,108,733.8,548,811.3,17,62,21.5,13.6,998.6
6227,9/15/2024 11:00,465,355,110,660.2,465,727.7,18,59,21.6,13.9,998.5
6228,9/15/2024 12:00,347,255,92,577.1,347,597.9,10,58,21.3,13.5,998.4
6229,9/15/2024 13:00,244,167,77,524.3,244,431.0,31,53,21.6,12.9,998.6
6230,9/15/2024 14:00,102,54,48,306.7,102,238.2,15,56,20.1,12.2,998.8
6231,9/15/2024 15:00,15,5,10,57.7,15,58.3,14,62,18.2,10.8,999.1
6232,9/15/2024 16:00,0,0,0,0.0,0,0.0,10,65,17.2,12.2,999.4
6233,9/15/2024 17:00,0,0,0,0.0,0,0.0,6,68,16.5,10.5,999.6
6234,9/15/2024 18:00,0,0,0,0.0,0,0.0,6,73,15.3,9.3,999.3
6235,9/15/2024 19:00,0,0,0,0.0,0,0.0,0,79,14.2,9.2,999.3
6236,9/15/2024 20:00,0,0,0,0.0,0,0.0,0,83,13.4,9.0,999.3
6237,9/15/2024 21:00,0,0,0,0.0,0,0.0,0,83,13.0,10.0,999.3
6238,9/15/2024 22:00,0,0,0,0.0,0,0.0,0,80,12.9,10.9,999.4
6239,9/15/2024 23:00,0,0,0,0.0,0,0.0,0,80,12.6,10.7,999.6
6240,9/16/2024 0:00,0,0,0,0.0,0,0.0,0,81,12.1,10.7,999.9
6241,9/16/2024 1:00,0,0,0,0.0,0,0.0,0,90,11.4,10.5,1000.7
6242,9/16/2024 2:00,0,0,0,0.0,0,0.0,0,90,11.1,10.6,1001.2
6243,9/16/2024 3:00,27,12,15,120.9,27,75.4,0,85,11.9,11.4,1001.5
6244,9/16/2024 4:00,143,91,52,455.2,143,270.6,0,79,14.1,10.8,1001.8
6245,9/16/2024 5:00,284,212,72,625.1,284,459.1,0,70,16.5,9.4,1002.2
6246,9/16/2024 6:00,413,330,83,721.1,413,619.5,0,62,18.6,10.4,1002.3
6247,9/16/2024 7:00,514,423,91,772.9,514,740.9,0,53,20.1,12.1,1002.4
6248,9/16/2024 8:00,576,481,95,799.1,576,814.9,0,50,20.9,13.8,1002.2
6249,9/16/2024 9:00,594,498,96,805.9,594,836.5,0,49,21.5,14.1,1002.1
6250,9/16/2024 10:00,562,466,96,784.5,562,804.2,19,48,21.8,14.1,1002.0
6251,9/16/2024 11:00,436,329,107,618.5,436,720.2,29,48,21.6,13.4,1001.9
6252,9/16/2024 12:00,332,225,107,516.2,332,590.1,24,49,21.5,13.0,1001.8
6253,9/16/2024 13:00,216,131,85,419.5,216,422.8,20,48,21.4,9.8,1002.6
6254,9/16/2024 14:00,99,49,50,288.7,99,229.8,13,55,19.9,8.4,1002.5
6255,9/16/2024 15:00,13,4,9,47.9,13,54.0,11,61,17.8,9.9,1002.5
6256,9/16/2024 16:00,0,0,0,0.0,0,0.0,2,66,16.7,10.3,1002.6
6257,9/16/2024 17:00,0,0,0,0.0,0,0.0,0,68,16.0,10.8,1002.9
6258,9/16/2024 18:00,0,0,0,0.0,0,0.0,0,70,15.4,11.6,1002.9
6259,9/16/2024 19:00,0,0,0,0.0,0,0.0,0,73,14.7,10.5,1003.1
6260,9/16/2024 20:00,0,0,0,0.0,0,0.0,0,78,13.9,10.2,1003.0
6261,9/16/2024 21:00,0,0,0,0.0,0,0.0,0,81,13.2,10.6,1003.2
6262,9/16/2024 22:00,0,0,0,0.0,0,0.0,0,84,12.4,9.7,1003.3
6263,9/16/2024 23:00,0,0,0,0.0,0,0.0,0,87,11.5,7.9,1003.7
6264,9/17/2024 0:00,0,0,0,0.0,0,0.0,0,86,10.8,7.2,1004.0
6265,9/17/2024 1:00,0,0,0,0.0,0,0.0,0,89,9.6,7.4,1004.8
6266,9/17/2024 2:00,0,0,0,0.0,0,0.0,0,88,8.9,7.5,1005.3
6267,9/17/2024 3:00,26,11,15,113.4,26,72.4,0,81,9.4,8.5,1005.9
6268,9/17/2024 4:00,142,90,52,460.7,142,264.6,0,72,11.4,7.4,1006.3
6269,9/17/2024 5:00,285,213,72,636.7,285,453.1,0,62,13.4,7.0,1006.6
6270,9/17/2024 6:00,417,334,83,737.4,417,613.5,0,54,15.1,7.2,1006.7
6271,9/17/2024 7:00,522,431,91,794.6,522,734.7,0,49,16.4,7.4,1006.4
6272,9/17/2024 8:00,587,493,94,826.0,587,808.4,0,45,17.4,9.0,1006.1
6273,9/17/2024 9:00,607,512,95,835.9,607,829.7,0,44,18.0,11.2,1006.0
6274,9/17/2024 10:00,580,487,93,827.7,580,797.1,0,42,18.2,11.9,1005.9
6275,9/17/2024 11:00,508,419,89,796.5,508,712.6,0,40,18.2,11.2,1005.5
6276,9/17/2024 12:00,397,317,80,737.6,397,582.2,0,40,17.9,10.2,1005.1
6277,9/17/2024 13:00,260,192,68,627.4,260,414.6,0,41,18.1,6.3,1005.4
6278,9/17/2024 14:00,115,70,45,428.6,115,221.3,0,60,16.1,6.5,1005.0
6279,9/17/2024 15:00,13,5,8,62.3,13,49.7,0,58,14.1,6.7,1004.8
6280,9/17/2024 16:00,0,0,0,0.0,0,0.0,0,65,12.4,6.8,1005.0
6281,9/17/2024 17:00,0,0,0,0.0,0,0.0,0,66,11.6,8.7,1004.9
6282,9/17/2024 18:00,0,0,0,0.0,0,0.0,0,63,10.9,8.3,1004.9
6283,9/17/2024 19:00,0,0,0,0.0,0,0.0,0,64,9.9,7.1,1004.7
6284,9/17/2024 20:00,0,0,0,0.0,0,0.0,0,69,8.8,6.6,1004.5
6285,9/17/2024 21:00,0,0,0,0.0,0,0.0,0,74,7.9,7.2,1004.4
6286,9/17/2024 22:00,0,0,0,0.0,0,0.0,0,76,7.4,6.0,1004.4
6287,9/17/2024 23:00,0,0,0,0.0,0,0.0,0,79,6.7,6.2,1004.3
6288,9/18/2024 0:00,0,0,0,0.0,0,0.0,0,81,6.2,5.2,1004.4
6289,9/18/2024 1:00,0,0,0,0.0,0,0.0,0,87,4.2,4.8,1005.1
6290,9/18/2024 2:00,0,0,0,0.0,0,0.0,0,88,4.0,4.9,1005.1
6291,9/18/2024 3:00,25,11,14,116.1,25,69.4,0,84,5.2,5.5,1005.2
6292,9/18/2024 4:00,143,92,51,482.2,143,258.6,0,74,8.9,5.8,1005.5
6293,9/18/2024 5:00,289,219,70,663.8,289,447.1,0,64,12.8,3.3,1005.6
6294,9/18/2024 6:00,423,342,81,763.1,423,607.3,0,52,15.1,3.8,1005.5
6295,9/18/2024 7:00,527,438,89,815.0,527,728.4,0,46,16.5,4.8,1005.2
6296,9/18/2024 8:00,590,497,93,840.0,590,801.9,0,42,17.5,4.6,1004.8
6297,9/18/2024 9:00,605,512,93,843.3,605,822.8,0,39,18.2,4.3,1004.3
6298,9/18/2024 10:00,573,481,92,825.4,573,789.8,0,39,18.6,3.8,1003.7
6299,9/18/2024 11:00,497,410,87,788.2,497,705.0,0,40,18.9,5.0,1003.2
6300,9/18/2024 12:00,385,306,79,722.3,385,574.2,0,44,18.7,6.0,1002.6
6301,9/18/2024 13:00,250,184,66,613.8,250,406.3,0,46,18.8,5.3,1002.3
6302,9/18/2024 14:00,108,65,43,414.2,108,212.7,0,65,15.9,7.2,1001.8
6303,9/18/2024 15:00,11,4,7,51.9,11,45.4,0,66,13.7,7.9,1001.6
6304,9/18/2024 16:00,0,0,0,0.0,0,0.0,0,70,13.1,6.8,1001.4
6305,9/18/2024 17:00,0,0,0,0.0,0,0.0,0,75,11.9,8.2,1001.1
6306,9/18/2024 18:00,0,0,0,0.0,0,0.0,0,80,10.9,8.2,1000.5
6307,9/18/2024 19:00,0,0,0,0.0,0,0.0,0,83,10.4,6.5,1000.1
6308,9/18/2024 20:00,0,0,0,0.0,0,0.0,0,88,9.5,7.3,999.7
6309,9/18/2024 21:00,0,0,0,0.0,0,0.0,0,89,8.9,7.0,999.3
6310,9/18/2024 22:00,0,0,0,0.0,0,0.0,0,90,8.4,7.1,999.0
6311,9/18/2024 23:00,0,0,0,0.0,0,0.0,0,91,8.1,6.9,998.7
6312,9/19/2024 0:00,0,0,0,0.0,0,0.0,1,91,7.9,6.0,998.5
6313,9/19/2024 1:00,0,0,0,0.0,0,0.0,0,91,6.6,7.1,998.6
6314,9/19/2024 2:00,0,0,0,0.0,0,0.0,0,90,6.8,6.0,998.3
6315,9/19/2024 3:00,21,8,13,86.6,21,66.3,0,90,7.6,3.7,998.1
6316,9/19/2024 4:00,130,80,50,429.6,130,252.5,0,81,10.5,4.7,998.0
6317,9/19/2024 5:00,268,198,70,608.8,268,441.0,0,70,14.1,3.3,998.1
6318,9/19/2024 6:00,397,314,83,708.3,397,601.2,0,60,16.6,3.7,997.9
6319,9/19/2024 7:00,498,407,91,764.4,498,722.0,0,55,18.2,5.4,997.3
6320,9/19/2024 8:00,560,467,93,796.3,560,795.2,51,51,19.1,7.0,996.8
6321,9/19/2024 9:00,571,471,100,782.8,571,815.9,67,49,19.5,8.3,996.1
6322,9/19/2024 10:00,550,451,99,781.6,550,782.5,24,46,19.7,9.9,995.3
6323,9/19/2024 11:00,481,395,86,768.1,481,697.4,20,45,19.5,11.1,994.7
6324,9/19/2024 12:00,374,294,80,704.2,374,566.2,3,45,19.2,11.3,994.0
6325,9/19/2024 13:00,241,176,65,599.8,241,398.0,0,42,19.5,9.0,993.7
6326,9/19/2024 14:00,102,61,41,405.3,102,204.1,94,51,17.0,7.4,992.8
6327,9/19/2024 15:00,8,1,7,13.5,8,41.0,100,52,15.6,9.1,992.3
6328,9/19/2024 16:00,0,0,0,0.0,0,0.0,100,53,15.3,8.9,992.1
6329,9/19/2024 17:00,0,0,0,0.0,0,0.0,100,56,14.5,7.6,991.4
6330,9/19/2024 18:00,0,0,0,0.0,0,0.0,100,59,14.2,7.5,991.0
6331,9/19/2024 19:00,0,0,0,0.0,0,0.0,100,64,13.5,6.2,990.7
6332,9/19/2024 20:00,0,0,0,0.0,0,0.0,100,75,12.6,3.6,990.3
6333,9/19/2024 21:00,0,0,0,0.0,0,0.0,84,76,12.6,5.9,989.9
6334,9/19/2024 22:00,0,0,0,0.0,0,0.0,94,80,12.2,5.4,989.4
6335,9/19/2024 23:00,0,0,0,0.0,0,0.0,84,87,11.3,4.9,988.8
6336,9/20/2024 0:00,0,0,0,0.0,0,0.0,94,89,10.8,4.3,988.5
6337,9/20/2024 1:00,0,0,0,0.0,0,0.0,85,90,11.2,8.7,988.4
6338,9/20/2024 2:00,0,0,0,0.0,0,0.0,97,94,10.8,10.2,988.5
6339,9/20/2024 3:00,8,1,7,11.1,8,63.2,100,95,10.9,7.2,988.7
6340,9/20/2024 4:00,63,8,55,44.1,63,246.4,97,93,11.9,10.2,988.8
6341,9/20/2024 5:00,124,10,114,31.2,124,434.9,96,85,12.6,11.3,988.9
6342,9/20/2024 6:00,270,113,157,257.7,270,594.9,99,77,13.6,11.6,988.9
6343,9/20/2024 7:00,311,90,221,170.6,311,715.6,89,71,14.1,10.4,988.9
6344,9/20/2024 8:00,370,122,248,209.9,370,788.6,97,64,14.9,10.6,988.6
6345,9/20/2024 9:00,308,88,220,147.6,308,808.9,69,62,15.1,9.8,988.4
6346,9/20/2024 10:00,367,227,140,397.3,367,775.2,84,67,15.1,12.1,988.3
6347,9/20/2024 11:00,295,138,157,271.5,295,689.7,24,67,15.4,12.4,988.0
6348,9/20/2024 12:00,296,199,97,483.8,296,558.2,98,77,13.6,14.4,988.2
6349,9/20/2024 13:00,176,101,75,351.8,176,389.6,61,77,13.6,14.5,988.5
6350,9/20/2024 14:00,74,32,42,219.2,74,195.5,40,81,12.9,12.1,988.5
6351,9/20/2024 15:00,5,1,4,14.2,5,36.7,47,84,12.2,11.3,988.5
6352,9/20/2024 16:00,0,0,0,0.0,0,0.0,38,86,11.6,12.0,988.6
6353,9/20/2024 17:00,0,0,0,0.0,0,0.0,30,88,11.3,10.5,988.5
6354,9/20/2024 18:00,0,0,0,0.0,0,0.0,17,93,10.2,8.0,988.3
6355,9/20/2024 19:00,0,0,0,0.0,0,0.0,77,93,9.6,8.2,988.0
6356,9/20/2024 20:00,0,0,0,0.0,0,0.0,93,93,9.2,8.4,988.0
6357,9/20/2024 21:00,0,0,0,0.0,0,0.0,98,89,9.9,8.9,988.0
6358,9/20/2024 22:00,0,0,0,0.0,0,0.0,100,92,8.8,6.3,987.5
6359,9/20/2024 23:00,0,0,0,0.0,0,0.0,99,89,9.1,8.9,987.2
6360,9/21/2024 0:00,0,0,0,0.0,0,0.0,100,88,8.9,8.9,986.9
6361,9/21/2024 1:00,0,0,0,0.0,0,0.0,98,87,9.5,8.8,986.9
6362,9/21/2024 2:00,0,0,0,0.0,0,0.0,94,90,9.3,8.0,986.7
6363,9/21/2024 3:00,12,1,11,11.4,12,60.2,100,90,9.6,10.4,986.6
6364,9/21/2024 4:00,48,0,48,0.0,48,240.2,100,87,10.6,10.2,986.6
6365,9/21/2024 5:00,141,27,114,85.5,141,428.7,100,80,11.9,12.7,986.6
6366,9/21/2024 6:00,148,9,139,20.8,148,588.7,100,79,12.2,12.7,986.4
6367,9/21/2024 7:00,167,13,154,24.9,167,709.1,100,76,13.0,12.9,985.9
6368,9/21/2024 8:00,142,4,138,6.9,142,781.9,100,74,13.6,13.4,985.4
6369,9/21/2024 9:00,260,37,223,62.6,260,801.9,100,66,15.9,18.8,984.9
6370,9/21/2024 10:00,271,58,213,102.6,271,767.8,57,65,16.3,17.6,984.4
6371,9/21/2024 11:00,328,200,128,398.2,328,681.9,91,64,16.6,16.3,984.0
6372,9/21/2024 12:00,199,92,107,227.1,199,550.1,98,65,16.5,15.5,983.7
6373,9/21/2024 13:00,158,89,69,317.0,158,381.2,83,69,16.1,8.7,984.0
6374,9/21/2024 14:00,83,41,42,287.2,83,186.9,14,73,15.1,9.5,983.6
6375,9/21/2024 15:00,5,1,4,14.8,5,32.3,9,77,13.5,9.3,983.4
6376,9/21/2024 16:00,0,0,0,0.0,0,0.0,8,80,12.6,8.6,983.3
6377,9/21/2024 17:00,0,0,0,0.0,0,0.0,100,84,11.6,8.5,983.0
6378,9/21/2024 18:00,0,0,0,0.0,0,0.0,100,82,11.6,10.2,982.6
6379,9/21/2024 19:00,0,0,0,0.0,0,0.0,100,78,12.0,11.0,982.3
6380,9/21/2024 20:00,0,0,0,0.0,0,0.0,100,78,11.9,10.6,981.9
6381,9/21/2024 21:00,0,0,0,0.0,0,0.0,100,76,12.7,10.4,981.3
6382,9/21/2024 22:00,0,0,0,0.0,0,0.0,97,80,12.2,10.5,980.9
6383,9/21/2024 23:00,0,0,0,0.0,0,0.0,91,84,11.4,11.6,980.1
6384,9/22/2024 0:00,0,0,0,0.0,0,0.0,82,84,11.4,15.3,980.0
6385,9/22/2024 1:00,0,0,0,0.0,0,0.0,88,89,11.1,16.4,979.8
6386,9/22/2024 2:00,0,0,0,0.0,0,0.0,65,90,10.8,16.3,979.7
6387,9/22/2024 3:00,14,3,11,35.1,14,57.1,69,90,10.8,16.0,979.7
6388,9/22/2024 4:00,101,41,60,237.9,101,234.1,52,84,11.9,13.8,979.6
6389,9/22/2024 5:00,219,125,94,401.8,219,422.5,100,78,13.6,19.5,979.6
6390,9/22/2024 6:00,131,0,131,0.0,131,582.4,97,75,13.2,28.8,980.2
6391,9/22/2024 7:00,182,34,148,65.7,182,702.6,25,69,11.9,24.2,981.6
6392,9/22/2024 8:00,477,320,157,560.8,477,775.1,0,52,12.3,24.8,982.2
6393,9/22/2024 9:00,585,496,89,847.7,585,794.8,0,45,12.4,23.6,983.1
6394,9/22/2024 10:00,560,471,89,841.4,560,760.4,1,43,12.2,21.4,983.8
6395,9/22/2024 11:00,484,399,85,804.0,484,674.1,0,40,12.3,19.8,984.4
6396,9/22/2024 12:00,371,294,77,736.9,371,542.0,0,36,12.2,18.4,985.0
6397,9/22/2024 13:00,233,171,62,623.0,233,372.8,0,34,12.2,16.0,985.8
6398,9/22/2024 14:00,91,53,38,380.0,91,178.3,0,40,10.8,9.5,986.0
6399,9/22/2024 15:00,5,1,4,15.6,5,27.9,6,45,9.0,10.0,986.4
6400,9/22/2024 16:00,0,0,0,0.0,0,0.0,1,49,8.2,10.0,987.1
6401,9/22/2024 17:00,0,0,0,0.0,0,0.0,2,53,7.4,9.6,987.5
6402,9/22/2024 18:00,0,0,0,0.0,0,0.0,6,55,7.1,11.9,988.1
6403,9/22/2024 19:00,0,0,0,0.0,0,0.0,2,57,6.8,12.1,988.9
6404,9/22/2024 20:00,0,0,0,0.0,0,0.0,0,64,5.7,7.1,989.2
6405,9/22/2024 21:00,0,0,0,0.0,0,0.0,0,72,4.3,5.9,989.4
6406,9/22/2024 22:00,0,0,0,0.0,0,0.0,0,76,3.8,6.8,990.0
6407,9/22/2024 23:00,0,0,0,0.0,0,0.0,0,79,3.5,7.1,990.0
6408,9/23/2024 0:00,0,0,0,0.0,0,0.0,0,82,3.2,7.1,990.2
6409,9/23/2024 1:00,0,0,0,0.0,0,0.0,0,91,1.5,7.4,991.0
6410,9/23/2024 2:00,0,0,0,0.0,0,0.0,0,92,1.1,7.2,991.4
6411,9/23/2024 3:00,15,6,9,72.1,15,54.0,0,93,1.5,9.0,991.8
6412,9/23/2024 4:00,121,75,46,447.3,121,227.9,0,86,3.7,9.4,992.4
6413,9/23/2024 5:00,262,195,67,636.5,262,416.3,0,77,6.1,9.4,993.1
6414,9/23/2024 6:00,393,313,80,738.5,393,576.0,0,67,8.4,11.9,993.3
6415,9/23/2024 7:00,494,406,88,792.7,494,696.1,0,57,10.1,14.6,993.4
6416,9/23/2024 8:00,549,453,96,801.3,549,768.3,53,48,11.2,20.2,993.3
6417,9/23/2024 9:00,421,236,185,407.2,421,787.7,71,45,11.6,20.2,992.9
6418,9/23/2024 10:00,388,195,193,352.0,388,752.9,61,43,12.1,20.3,992.9
6419,9/23/2024 11:00,357,196,161,399.8,357,666.3,28,43,12.2,20.8,993.0
6420,9/23/2024 12:00,313,210,103,534.7,313,533.9,49,43,12.1,20.8,992.7
6421,9/23/2024 13:00,192,108,84,402.8,192,364.4,10,47,11.2,17.6,993.4
6422,9/23/2024 14:00,80,42,38,308.3,80,169.6,2,51,9.9,11.8,993.5
6423,9/23/2024 15:00,4,1,3,16.4,4,23.6,3,58,7.8,7.4,993.8
6424,9/23/2024 16:00,0,0,0,0.0,0,0.0,2,62,6.7,8.9,994.3
6425,9/23/2024 17:00,0,0,0,0.0,0,0.0,0,62,6.2,8.6,994.8
6426,9/23/2024 18:00,0,0,0,0.0,0,0.0,0,66,5.1,7.6,995.2
6427,9/23/2024 19:00,0,0,0,0.0,0,0.0,0,68,4.5,7.3,995.5
6428,9/23/2024 20:00,0,0,0,0.0,0,0.0,0,70,4.0,7.1,995.8
6429,9/23/2024 21:00,0,0,0,0.0,0,0.0,0,73,3.2,6.5,996.1
6430,9/23/2024 22:00,0,0,0,0.0,0,0.0,0,77,2.3,6.2,996.2
6431,9/23/2024 23:00,0,0,0,0.0,0,0.0,0,83,1.4,8.5,996.4
6432,9/24/2024 0:00,0,0,0,0.0,0,0.0,0,80,1.7,7.1,996.9
6433,9/24/2024 1:00,0,0,0,0.0,0,0.0,0,87,-0.6,7.6,997.5
6434,9/24/2024 2:00,0,0,0,0.0,0,0.0,0,89,-0.9,7.3,998.0
6435,9/24/2024 3:00,13,5,8,61.8,13,50.8,0,90,-0.3,4.7,998.5
6436,9/24/2024 4:00,116,71,45,435.5,116,221.6,0,81,2.6,4.3,999.1
6437,9/24/2024 5:00,256,190,66,630.0,256,410.1,0,71,5.8,2.5,999.9
6438,9/24/2024 6:00,387,307,80,732.8,387,569.6,0,57,8.4,4.1,1000.3
6439,9/24/2024 7:00,488,402,86,792.8,488,689.5,0,47,9.9,5.8,1000.3
6440,9/24/2024 8:00,550,460,90,821.5,550,761.4,1,44,10.9,6.4,1000.1
6441,9/24/2024 9:00,566,475,91,827.6,566,780.5,0,41,11.5,7.2,999.8
6442,9/24/2024 10:00,536,446,90,813.6,536,745.4,0,40,11.9,7.7,999.5
6443,9/24/2024 11:00,461,377,84,778.5,461,658.5,0,39,12.0,6.9,999.3
6444,9/24/2024 12:00,350,274,76,708.8,350,525.7,0,40,11.9,6.6,998.9
6445,9/24/2024 13:00,214,153,61,584.4,214,356.1,3,46,12.0,4.0,998.8
6446,9/24/2024 14:00,77,43,34,323.3,77,161.0,0,44,11.0,5.6,998.6
6447,9/24/2024 15:00,3,1,2,17.3,3,19.2,0,43,10.4,4.9,998.7
6448,9/24/2024 16:00,0,0,0,0.0,0,0.0,0,65,5.9,7.7,998.5
6449,9/24/2024 17:00,0,0,0,0.0,0,0.0,0,68,5.0,8.2,998.7
6450,9/24/2024 18:00,0,0,0,0.0,0,0.0,0,71,4.2,8.4,998.9
6451,9/24/2024 19:00,0,0,0,0.0,0,0.0,0,73,3.5,6.8,999.0
6452,9/24/2024 20:00,0,0,0,0.0,0,0.0,0,73,3.1,6.1,998.9
6453,9/24/2024 21:00,0,0,0,0.0,0,0.0,0,73,2.8,5.4,998.9
6454,9/24/2024 22:00,0,0,0,0.0,0,0.0,0,73,2.5,5.1,999.1
6455,9/24/2024 23:00,0,0,0,0.0,0,0.0,0,70,2.8,4.3,999.3
6456,9/25/2024 0:00,0,0,0,0.0,0,0.0,0,64,3.7,4.2,999.5
6457,9/25/2024 1:00,0,0,0,0.0,0,0.0,0,63,3.9,4.0,999.9
6458,9/25/2024 2:00,0,0,0,0.0,0,0.0,0,65,3.4,5.6,1000.1
6459,9/25/2024 3:00,12,4,8,50.9,12,47.7,0,76,1.8,7.7,1000.0
6460,9/25/2024 4:00,111,67,44,423.1,111,215.4,2,69,4.9,6.5,1000.4
6461,9/25/2024 5:00,249,183,66,616.6,249,403.8,9,62,8.2,4.1,1001.1
6462,9/25/2024 6:00,378,297,81,717.4,378,563.2,2,55,10.6,4.5,1001.4
6463,9/25/2024 7:00,479,393,86,783.0,479,682.9,31,47,12.1,5.6,1001.5
6464,9/25/2024 8:00,540,448,92,807.8,540,754.6,0,44,13.1,5.3,1001.4
6465,9/25/2024 9:00,556,465,91,818.1,556,773.3,0,44,13.6,5.5,1001.2
6466,9/25/2024 10:00,525,435,90,802.1,525,737.9,0,44,13.9,6.2,1000.8
6467,9/25/2024 11:00,450,366,84,765.3,450,650.7,0,44,14.0,6.9,1000.5
6468,9/25/2024 12:00,339,263,76,691.4,339,517.6,0,45,13.9,6.9,1000.3
6469,9/25/2024 13:00,205,145,60,567.5,205,347.7,0,50,14.1,4.7,1000.0
6470,9/25/2024 14:00,71,39,32,300.5,71,152.5,0,64,10.4,9.2,999.8
6471,9/25/2024 15:00,2,0,2,0.0,2,14.9,0,64,8.6,10.5,999.5
6472,9/25/2024 16:00,0,0,0,0.0,0,0.0,0,61,8.4,8.4,999.5
6473,9/25/2024 17:00,0,0,0,0.0,0,0.0,0,68,6.9,10.0,999.5
6474,9/25/2024 18:00,0,0,0,0.0,0,0.0,0,70,6.5,7.9,999.7
6475,9/25/2024 19:00,0,0,0,0.0,0,0.0,0,73,5.8,7.9,999.9
6476,9/25/2024 20:00,0,0,0,0.0,0,0.0,0,76,5.0,9.3,1000.0
6477,9/25/2024 21:00,0,0,0,0.0,0,0.0,0,77,4.7,8.6,1000.2
6478,9/25/2024 22:00,0,0,0,0.0,0,0.0,3,76,4.7,7.5,1000.3
6479,9/25/2024 23:00,0,0,0,0.0,0,0.0,0,74,4.8,7.3,1000.6
6480,9/26/2024 0:00,0,0,0,0.0,0,0.0,0,74,4.4,7.2,1000.9
6481,9/26/2024 1:00,0,0,0,0.0,0,0.0,0,82,3.3,7.9,1000.9
6482,9/26/2024 2:00,0,0,0,0.0,0,0.0,0,81,3.2,7.6,1001.1
6483,9/26/2024 3:00,10,3,7,39.4,10,44.6,0,78,3.7,7.2,1001.5
6484,9/26/2024 4:00,105,63,42,410.0,105,209.2,58,70,6.4,9.2,1001.9
6485,9/26/2024 5:00,241,174,67,595.9,241,397.5,6,64,9.2,7.1,1002.3
6486,9/26/2024 6:00,370,291,79,711.4,370,556.8,17,56,11.9,8.3,1002.6
6487,9/26/2024 7:00,470,384,86,773.0,470,676.3,16,50,14.0,10.4,1002.8
6488,9/26/2024 8:00,531,440,91,801.2,531,747.7,6,45,15.4,12.4,1002.5
6489,9/26/2024 9:00,547,455,92,808.5,547,766.2,9,43,16.1,12.5,1002.4
6490,9/26/2024 10:00,517,429,88,799.6,517,730.4,9,42,16.5,11.9,1002.4
6491,9/26/2024 11:00,443,359,84,760.3,443,642.9,7,43,16.4,11.9,1002.4
6492,9/26/2024 12:00,333,259,74,692.1,333,509.5,4,44,15.9,12.0,1002.3
6493,9/26/2024 13:00,198,137,61,549.7,198,339.3,2,44,16.0,9.4,1001.8
6494,9/26/2024 14:00,67,36,31,284.4,67,143.9,4,50,13.4,9.4,1001.7
6495,9/26/2024 15:00,1,0,1,0.0,1,10.6,0,55,11.5,8.8,1001.6
6496,9/26/2024 16:00,0,0,0,0.0,0,0.0,0,59,10.3,8.2,1001.6
6497,9/26/2024 17:00,0,0,0,0.0,0,0.0,0,62,9.2,7.6,1001.7
6498,9/26/2024 18:00,0,0,0,0.0,0,0.0,0,66,8.1,7.3,1001.5
6499,9/26/2024 19:00,0,0,0,0.0,0,0.0,0,67,7.7,7.6,1001.3
6500,9/26/2024 20:00,0,0,0,0.0,0,0.0,0,68,7.3,7.5,1001.4
6501,9/26/2024 21:00,0,0,0,0.0,0,0.0,0,70,6.9,7.8,1001.4
6502,9/26/2024 22:00,0,0,0,0.0,0,0.0,0,72,6.5,7.8,1001.4
6503,9/26/2024 23:00,0,0,0,0.0,0,0.0,0,72,6.2,7.7,1001.5
6504,9/27/2024 0:00,0,0,0,0.0,0,0.0,0,72,5.8,7.7,1001.6
6505,9/27/2024 1:00,0,0,0,0.0,0,0.0,0,81,4.3,7.7,1002.2
6506,9/27/2024 2:00,0,0,0,0.0,0,0.0,0,79,4.3,8.2,1002.3
6507,9/27/2024 3:00,9,3,6,40.6,9,41.4,0,77,4.6,8.6,1002.7
6508,9/27/2024 4:00,104,63,41,422.9,104,202.9,0,69,6.9,10.3,1003.1
6509,9/27/2024 5:00,243,179,64,623.3,243,391.2,0,61,9.5,8.7,1003.5
6510,9/27/2024 6:00,372,296,76,732.6,372,550.3,0,53,11.8,9.3,1003.7
6511,9/27/2024 7:00,473,390,83,793.3,473,669.6,0,49,13.8,10.7,1003.7
6512,9/27/2024 8:00,534,447,87,822.0,534,740.8,0,44,15.4,12.1,1003.8
6513,9/27/2024 9:00,550,462,88,829.2,550,758.9,0,41,16.5,13.8,1003.5
6514,9/27/2024 10:00,519,433,86,815.9,519,722.9,0,38,17.1,15.2,1003.4
6515,9/27/2024 11:00,444,362,82,776.5,444,635.1,0,37,17.1,15.6,1003.1
6516,9/27/2024 12:00,332,259,73,703.7,332,501.4,0,38,16.7,14.4,1003.1
6517,9/27/2024 13:00,197,139,58,572.1,197,331.0,0,38,16.6,9.5,1002.8
6518,9/27/2024 14:00,63,35,28,283.6,63,135.4,0,45,13.6,8.4,1002.4
6519,9/27/2024 15:00,1,0,1,0.0,1,6.3,0,50,12.1,9.3,1002.2
6520,9/27/2024 16:00,0,0,0,0.0,0,0.0,0,53,11.2,10.0,1001.9
6521,9/27/2024 17:00,0,0,0,0.0,0,0.0,0,55,10.7,11.0,1001.9
6522,9/27/2024 18:00,0,0,0,0.0,0,0.0,0,56,10.1,10.6,1002.1
6523,9/27/2024 19:00,0,0,0,0.0,0,0.0,0,56,9.6,10.7,1002.1
6524,9/27/2024 20:00,0,0,0,0.0,0,0.0,0,57,9.1,10.2,1002.3
6525,9/27/2024 21:00,0,0,0,0.0,0,0.0,0,58,8.6,10.9,1002.0
6526,9/27/2024 22:00,0,0,0,0.0,0,0.0,0,57,8.5,12.1,1001.9
6527,9/27/2024 23:00,0,0,0,0.0,0,0.0,0,56,8.3,12.9,1002.0
6528,9/28/2024 0:00,0,0,0,0.0,0,0.0,80,54,8.1,13.6,1002.1
6529,9/28/2024 1:00,0,0,0,0.0,0,0.0,94,59,6.8,12.7,1003.0
6530,9/28/2024 2:00,0,0,0,0.0,0,0.0,3,59,6.4,12.1,1003.4
6531,9/28/2024 3:00,8,3,5,41.9,8,38.3,0,59,6.5,12.5,1003.6
6532,9/28/2024 4:00,101,61,40,419.5,101,196.6,5,56,8.4,13.6,1003.8
6533,9/28/2024 5:00,239,176,63,623.3,239,384.8,3,55,10.6,12.6,1004.2
6534,9/28/2024 6:00,369,293,76,734.2,369,543.9,14,49,12.6,14.2,1004.3
6535,9/28/2024 7:00,469,383,86,787.4,469,662.9,9,45,14.6,15.2,1004.5
6536,9/28/2024 8:00,531,443,88,822.8,531,733.8,31,43,16.2,16.7,1004.4
6537,9/28/2024 9:00,547,457,90,828.6,547,751.7,2,39,17.4,20.2,1004.2
6538,9/28/2024 10:00,514,427,87,813.5,514,715.4,29,36,17.8,22.4,1004.0
6539,9/28/2024 11:00,436,348,88,756.2,436,627.3,100,37,17.8,21.6,1003.9
6540,9/28/2024 12:00,307,205,102,566.4,307,493.3,100,40,17.3,20.4,1003.6
6541,9/28/2024 13:00,154,60,94,253.4,154,322.7,100,37,17.4,16.5,1003.3
6542,9/28/2024 14:00,41,6,35,49.9,41,127.0,100,37,16.4,16.4,1003.3
6543,9/28/2024 15:00,0,0,0,0.0,0,2.0,99,39,15.2,15.8,1003.0
6544,9/28/2024 16:00,0,0,0,0.0,0,0.0,95,41,14.3,16.3,1003.1
6545,9/28/2024 17:00,0,0,0,0.0,0,0.0,98,42,13.4,16.8,1002.8
6546,9/28/2024 18:00,0,0,0,0.0,0,0.0,92,42,12.9,16.9,1002.7
6547,9/28/2024 19:00,0,0,0,0.0,0,0.0,97,43,12.2,16.5,1002.7
6548,9/28/2024 20:00,0,0,0,0.0,0,0.0,92,43,11.6,16.6,1002.6
6549,9/28/2024 21:00,0,0,0,0.0,0,0.0,93,42,11.4,16.6,1002.6
6550,9/28/2024 22:00,0,0,0,0.0,0,0.0,94,42,10.9,16.3,1002.5
6551,9/28/2024 23:00,0,0,0,0.0,0,0.0,99,42,10.8,16.2,1002.6
6552,9/29/2024 0:00,0,0,0,0.0,0,0.0,100,43,10.4,16.0,1002.8
6553,9/29/2024 1:00,0,0,0,0.0,0,0.0,89,50,9.1,14.6,1003.8
6554,9/29/2024 2:00,0,0,0,0.0,0,0.0,91,51,8.6,14.2,1004.1
6555,9/29/2024 3:00,7,2,5,28.9,7,35.1,87,53,8.3,15.3,1004.0
6556,9/29/2024 4:00,95,53,42,370.6,95,190.3,17,50,9.6,16.2,1004.1
6557,9/29/2024 5:00,233,169,64,608.9,233,378.5,17,50,11.4,14.6,1004.3
6558,9/29/2024 6:00,364,287,77,728.3,364,537.4,99,44,13.2,14.9,1004.4
6559,9/29/2024 7:00,460,363,97,754.3,460,656.2,99,39,14.9,15.7,1004.3
6560,9/29/2024 8:00,504,370,134,694.1,504,726.9,100,35,16.4,17.5,1004.0
6561,9/29/2024 9:00,490,310,180,567.8,490,744.5,100,32,17.2,18.8,1003.7
6562,9/29/2024 10:00,447,259,188,499.0,447,707.9,100,29,17.7,19.4,1003.3
6563,9/29/2024 11:00,400,259,141,570.2,400,619.5,99,30,17.9,19.0,1003.2
6564,9/29/2024 12:00,302,198,104,556.4,302,485.3,99,32,17.6,17.4,1002.9
6565,9/29/2024 13:00,176,101,75,438.1,176,314.5,100,32,17.8,13.7,1003.0
6566,9/29/2024 14:00,54,26,28,222.0,54,118.6,100,37,15.3,10.6,1002.9
6567,9/29/2024 15:00,0,0,0,0.0,0,0.0,100,42,13.8,10.9,1002.6
6568,9/29/2024 16:00,0,0,0,0.0,0,0.0,100,44,13.2,11.7,1002.6
6569,9/29/2024 17:00,0,0,0,0.0,0,0.0,97,45,12.9,13.0,1002.3
6570,9/29/2024 18:00,0,0,0,0.0,0,0.0,93,44,12.5,13.0,1002.2
6571,9/29/2024 19:00,0,0,0,0.0,0,0.0,100,43,12.1,12.7,1002.2
6572,9/29/2024 20:00,0,0,0,0.0,0,0.0,96,43,11.6,12.2,1001.7
6573,9/29/2024 21:00,0,0,0,0.0,0,0.0,98,44,11.1,12.0,1001.7
6574,9/29/2024 22:00,0,0,0,0.0,0,0.0,97,45,10.8,11.9,1001.6
6575,9/29/2024 23:00,0,0,0,0.0,0,0.0,100,46,10.2,11.3,1001.4
6576,9/30/2024 0:00,0,0,0,0.0,0,0.0,94,46,10.0,11.1,1001.3
6577,9/30/2024 1:00,0,0,0,0.0,0,0.0,97,53,8.4,9.2,1002.1
6578,9/30/2024 2:00,0,0,0,0.0,0,0.0,97,55,7.9,8.7,1002.2
6579,9/30/2024 3:00,6,1,5,14.9,6,31.9,68,58,7.7,7.9,1002.2
6580,9/30/2024 4:00,90,50,40,355.7,90,184.0,92,56,9.6,8.5,1002.4
6581,9/30/2024 5:00,223,156,67,572.1,223,372.1,95,53,12.4,8.2,1002.6
6582,9/30/2024 6:00,352,275,77,706.8,352,530.8,87,46,15.1,7.8,1002.7
6583,9/30/2024 7:00,447,353,94,741.6,447,649.5,81,41,17.1,9.4,1002.5
6584,9/30/2024 8:00,496,377,119,714.6,496,719.9,98,38,18.5,10.3,1002.1
6585,9/30/2024 9:00,486,328,158,607.1,486,737.2,100,37,19.5,11.0,1001.8
6586,9/30/2024 10:00,455,303,152,590.4,455,700.3,100,36,20.1,10.9,1001.4
6587,9/30/2024 11:00,395,269,126,600.1,395,611.6,68,37,20.2,10.7,1001.0
6588,9/30/2024 12:00,308,232,76,663.4,308,477.2,2,41,19.8,9.6,1000.7
6589,9/30/2024 13:00,178,123,55,548.2,178,306.2,0,51,18.6,5.8,1000.5
6590,9/30/2024 14:00,50,26,24,228.2,50,110.2,0,57,14.4,10.8,1000.1
6591,9/30/2024 15:00,0,0,0,0.0,0,0.0,22,55,13.6,8.3,999.8
6592,9/30/2024 16:00,0,0,0,0.0,0,0.0,0,53,13.2,8.5,999.8
6593,9/30/2024 17:00,0,0,0,0.0,0,0.0,0,54,12.2,8.0,999.6
6594,9/30/2024 18:00,0,0,0,0.0,0,0.0,0,55,11.4,8.1,999.3
6595,9/30/2024 19:00,0,0,0,0.0,0,0.0,0,58,10.1,10.7,998.8
6596,9/30/2024 20:00,0,0,0,0.0,0,0.0,0,57,9.8,10.7,998.3
6597,9/30/2024 21:00,0,0,0,0.0,0,0.0,0,50,11.0,8.3,998.3
6598,9/30/2024 22:00,0,0,0,0.0,0,0.0,0,41,12.9,5.5,998.3
6599,9/30/2024 23:00,0,0,0,0.0,0,0.0,11,42,12.7,4.6,997.8
6600,10/1/2024 0:00,0,0,0,0.0,0,0.0,68,42,12.5,3.3,997.6
6601,10/1/2024 1:00,0,0,0,0.0,0,0.0,99,66,7.5,5.5,997.9
6602,10/1/2024 2:00,0,0,0,0.0,0,0.0,98,72,6.3,8.4,998.0
6603,10/1/2024 3:00,5,1,4,15.5,5,28.8,98,72,6.4,8.8,998.1
6604,10/1/2024 4:00,83,38,45,275.1,83,177.6,95,66,9.1,8.4,998.4
6605,10/1/2024 5:00,217,148,69,552.6,217,365.6,33,57,12.9,7.2,998.8
6606,10/1/2024 6:00,350,275,75,716.1,350,524.2,49,52,16.2,5.5,998.9
6607,10/1/2024 7:00,450,368,82,781.7,450,642.7,15,44,18.6,7.6,998.8
6608,10/1/2024 8:00,509,423,86,810.1,509,712.8,24,38,19.9,10.0,998.5
6609,10/1/2024 9:00,523,434,89,811.8,523,729.9,31,35,20.5,10.3,998.2
6610,10/1/2024 10:00,492,407,85,802.2,492,692.7,64,33,20.9,10.3,997.7
6611,10/1/2024 11:00,414,331,83,748.6,414,603.7,51,34,20.9,10.8,997.5
6612,10/1/2024 12:00,296,215,81,625.9,296,469.1,38,36,20.3,11.2,996.9
6613,10/1/2024 13:00,169,112,57,513.5,169,297.8,93,39,19.5,7.8,996.8
6614,10/1/2024 14:00,45,23,22,207.6,45,101.7,90,41,17.2,12.4,996.8
6615,10/1/2024 15:00,0,0,0,0.0,0,0.0,100,49,16.0,16.8,996.8
6616,10/1/2024 16:00,0,0,0,0.0,0,0.0,88,57,14.8,19.4,997.2
6617,10/1/2024 17:00,0,0,0,0.0,0,0.0,84,61,13.9,19.2,997.3
6618,10/1/2024 18:00,0,0,0,0.0,0,0.0,80,66,12.9,19.1,997.3
6619,10/1/2024 19:00,0,0,0,0.0,0,0.0,79,68,11.9,19.2,997.4
6620,10/1/2024 20:00,0,0,0,0.0,0,0.0,86,69,11.1,19.1,997.2
6621,10/1/2024 21:00,0,0,0,0.0,0,0.0,100,65,10.2,18.9,997.3
6622,10/1/2024 22:00,0,0,0,0.0,0,0.0,100,61,9.5,18.1,997.4
6623,10/1/2024 23:00,0,0,0,0.0,0,0.0,100,60,8.7,18.2,997.3
6624,10/2/2024 0:00,0,0,0,0.0,0,0.0,100,58,8.1,18.0,997.4
6625,10/2/2024 1:00,0,0,0,0.0,0,0.0,100,65,7.2,18.0,997.8
6626,10/2/2024 2:00,0,0,0,0.0,0,0.0,99,64,7.0,17.9,997.9
6627,10/2/2024 3:00,4,0,4,0.0,4,25.6,99,63,6.8,17.6,997.9
6628,10/2/2024 4:00,77,32,45,235.9,77,171.3,6,61,7.7,13.7,998.0
6629,10/2/2024 5:00,214,152,62,578.1,214,359.1,9,56,9.4,13.8,998.4
6630,10/2/2024 6:00,340,265,75,699.4,340,517.6,24,53,11.8,12.6,998.4
6631,10/2/2024 7:00,436,351,85,754.1,436,635.8,41,51,14.0,11.9,998.3
6632,10/2/2024 8:00,493,399,94,772.3,493,705.7,49,49,15.9,11.0,998.1
6633,10/2/2024 9:00,509,415,94,784.7,509,722.5,30,47,17.1,10.6,997.7
6634,10/2/2024 10:00,478,389,89,775.8,478,685.0,50,45,18.0,10.2,997.5
6635,10/2/2024 11:00,403,320,83,733.8,403,595.8,73,44,18.3,9.6,997.4
6636,10/2/2024 12:00,289,208,81,616.6,289,460.9,1,44,18.0,9.7,997.2
6637,10/2/2024 13:00,163,110,53,519.2,163,289.4,3,47,17.4,7.1,997.5
6638,10/2/2024 14:00,41,21,20,195.2,41,93.2,0,54,14.6,9.0,997.4
6639,10/2/2024 15:00,0,0,0,0.0,0,0.0,0,59,13.0,10.7,997.5
6640,10/2/2024 16:00,0,0,0,0.0,0,0.0,4,57,12.2,11.6,997.6
6641,10/2/2024 17:00,0,0,0,0.0,0,0.0,7,51,11.6,12.2,998.1
6642,10/2/2024 18:00,0,0,0,0.0,0,0.0,39,50,10.9,12.2,998.2
6643,10/2/2024 19:00,0,0,0,0.0,0,0.0,18,51,10.1,12.2,998.2
6644,10/2/2024 20:00,0,0,0,0.0,0,0.0,27,48,9.3,12.4,998.3
6645,10/2/2024 21:00,0,0,0,0.0,0,0.0,61,45,8.2,11.1,998.4
6646,10/2/2024 22:00,0,0,0,0.0,0,0.0,100,43,7.2,10.7,998.3
6647,10/2/2024 23:00,0,0,0,0.0,0,0.0,100,44,6.2,10.3,998.4
6648,10/3/2024 0:00,0,0,0,0.0,0,0.0,100,46,5.5,10.2,998.5
6649,10/3/2024 1:00,0,0,0,0.0,0,0.0,98,57,4.0,10.8,999.5
6650,10/3/2024 2:00,0,0,0,0.0,0,0.0,99,58,3.5,10.4,999.7
6651,10/3/2024 3:00,3,0,3,0.0,3,22.3,100,59,3.2,10.5,999.8
6652,10/3/2024 4:00,67,13,54,97.6,67,164.8,100,56,4.7,11.6,1000.1
6653,10/3/2024 5:00,174,56,118,217.1,174,352.6,99,51,6.4,10.6,1000.3
6654,10/3/2024 6:00,325,208,117,556.4,325,510.9,100,45,8.5,11.7,1000.1
6655,10/3/2024 7:00,451,357,94,775.9,451,628.9,100,40,10.4,11.2,999.7
6656,10/3/2024 8:00,506,395,111,772.9,506,698.5,100,35,11.9,11.7,999.1
6657,10/3/2024 9:00,495,342,153,653.8,495,715.0,100,31,12.9,11.9,998.6
6658,10/3/2024 10:00,426,232,194,468.2,426,677.3,100,29,13.3,11.3,997.9
6659,10/3/2024 11:00,337,147,190,341.9,337,587.8,97,29,13.4,10.7,997.6
6660,10/3/2024 12:00,284,183,101,552.7,284,452.6,100,30,13.3,10.3,997.2
6661,10/3/2024 13:00,133,43,90,209.2,133,281.0,100,32,12.8,6.5,997.6
6662,10/3/2024 14:00,30,3,27,28.7,30,84.6,100,36,9.9,6.6,997.2
6663,10/3/2024 15:00,0,0,0,0.0,0,0.0,93,36,8.8,8.0,997.0
6664,10/3/2024 16:00,0,0,0,0.0,0,0.0,8,39,7.3,7.5,996.6
6665,10/3/2024 17:00,0,0,0,0.0,0,0.0,20,39,6.9,8.2,996.5
6666,10/3/2024 18:00,0,0,0,0.0,0,0.0,88,41,6.3,7.6,996.4
6667,10/3/2024 19:00,0,0,0,0.0,0,0.0,95,43,5.8,7.8,996.3
6668,10/3/2024 20:00,0,0,0,0.0,0,0.0,96,45,5.7,8.5,996.0
6669,10/3/2024 21:00,0,0,0,0.0,0,0.0,100,47,5.6,9.2,996.0
6670,10/3/2024 22:00,0,0,0,0.0,0,0.0,100,49,5.3,9.9,995.6
6671,10/3/2024 23:00,0,0,0,0.0,0,0.0,88,49,5.2,10.5,995.4
6672,10/4/2024 0:00,0,0,0,0.0,0,0.0,91,50,4.7,9.6,995.3
6673,10/4/2024 1:00,0,0,0,0.0,0,0.0,97,61,2.7,8.9,995.9
6674,10/4/2024 2:00,0,0,0,0.0,0,0.0,100,62,2.3,8.2,995.8
6675,10/4/2024 3:00,2,0,2,0.0,2,19.1,100,62,2.3,8.4,995.6
6676,10/4/2024 4:00,69,24,45,183.6,69,158.4,100,58,4.2,9.3,995.9
6677,10/4/2024 5:00,178,76,102,300.3,178,346.0,27,53,6.3,6.5,996.0
6678,10/4/2024 6:00,334,251,83,680.8,334,504.2,92,47,8.9,7.4,995.8
6679,10/4/2024 7:00,433,338,95,743.2,433,621.9,60,41,11.0,8.3,995.8
6680,10/4/2024 8:00,488,380,108,751.7,488,691.3,100,36,12.4,8.0,995.2
6681,10/4/2024 9:00,444,256,188,494.8,444,707.5,96,34,13.1,7.8,994.8
6682,10/4/2024 10:00,449,310,139,633.3,449,669.5,93,31,13.7,7.2,994.3
6683,10/4/2024 11:00,397,307,90,724.3,397,579.7,13,31,13.8,7.5,993.9
6684,10/4/2024 12:00,283,205,78,631.0,283,444.4,51,32,13.4,7.8,993.2
6685,10/4/2024 13:00,148,86,62,431.5,148,272.6,0,54,12.2,6.1,993.5
6686,10/4/2024 14:00,34,17,17,167.9,34,79.6,0,30,12.5,4.9,993.6
6687,10/4/2024 15:00,0,0,0,0.0,0,0.0,0,32,11.6,3.2,993.5
6688,10/4/2024 16:00,0,0,0,0.0,0,0.0,0,34,10.8,3.1,992.9
6689,10/4/2024 17:00,0,0,0,0.0,0,0.0,72,45,7.2,5.0,992.4
6690,10/4/2024 18:00,0,0,0,0.0,0,0.0,47,50,5.2,7.1,991.4
6691,10/4/2024 19:00,0,0,0,0.0,0,0.0,28,49,5.7,8.6,991.1
6692,10/4/2024 20:00,0,0,0,0.0,0,0.0,66,55,4.1,9.4,990.8
6693,10/4/2024 21:00,0,0,0,0.0,0,0.0,89,54,4.2,9.2,990.8
6694,10/4/2024 22:00,0,0,0,0.0,0,0.0,98,61,2.8,10.8,990.4
6695,10/4/2024 23:00,0,0,0,0.0,0,0.0,99,57,3.4,7.5,989.9
6696,10/5/2024 0:00,0,0,0,0.0,0,0.0,100,59,3.0,7.3,989.5
6697,10/5/2024 1:00,0,0,0,0.0,0,0.0,94,69,1.7,7.2,989.8
6698,10/5/2024 2:00,0,0,0,0.0,0,0.0,100,71,1.4,7.2,989.5
6699,10/5/2024 3:00,2,0,2,0.0,2,15.9,100,69,1.9,8.3,989.4
6700,10/5/2024 4:00,56,7,49,54.6,56,151.9,100,60,4.5,10.4,989.6
6701,10/5/2024 5:00,105,5,100,20.2,105,339.4,100,55,6.8,11.2,989.7
6702,10/5/2024 6:00,160,7,153,19.3,160,497.4,100,51,8.6,9.9,989.4
6703,10/5/2024 7:00,121,0,121,0.0,121,614.9,100,50,9.1,9.8,989.0
6704,10/5/2024 8:00,223,15,208,30.0,223,684.0,100,45,11.1,11.3,989.0
6705,10/5/2024 9:00,293,67,226,131.0,293,700.0,100,41,12.8,12.7,988.4
6706,10/5/2024 10:00,208,8,200,16.5,208,661.7,100,41,13.4,12.8,988.0
6707,10/5/2024 11:00,87,0,87,0.0,87,571.7,100,41,13.1,12.5,987.8
6708,10/5/2024 12:00,42,0,42,0.0,42,436.1,100,43,12.6,11.6,987.6
6709,10/5/2024 13:00,30,0,30,0.0,30,264.2,100,37,13.1,12.8,987.4
6710,10/5/2024 14:00,7,0,7,0.0,7,75.3,100,39,12.6,11.7,987.2
6711,10/5/2024 15:00,0,0,0,0.0,0,0.0,100,42,12.1,10.8,986.8
6712,10/5/2024 16:00,0,0,0,0.0,0,0.0,100,43,12.1,12.3,987.0
6713,10/5/2024 17:00,0,0,0,0.0,0,0.0,100,53,11.1,14.1,987.0
6714,10/5/2024 18:00,0,0,0,0.0,0,0.0,100,63,10.2,11.5,986.9
6715,10/5/2024 19:00,0,0,0,0.0,0,0.0,100,72,9.7,9.1,986.8
6716,10/5/2024 20:00,0,0,0,0.0,0,0.0,100,77,9.6,8.7,986.6
6717,10/5/2024 21:00,0,0,0,0.0,0,0.0,100,80,9.5,8.0,986.8
6718,10/5/2024 22:00,0,0,0,0.0,0,0.0,100,83,9.4,8.0,986.8
6719,10/5/2024 23:00,0,0,0,0.0,0,0.0,36,86,9.2,7.5,986.7
6720,10/6/2024 0:00,0,0,0,0.0,0,0.0,87,94,7.8,6.2,986.7
6721,10/6/2024 1:00,0,0,0,0.0,0,0.0,100,97,7.9,6.5,987.1
6722,10/6/2024 2:00,0,0,0,0.0,0,0.0,100,96,8.4,6.0,987.3
6723,10/6/2024 3:00,1,0,1,0.0,1,12.6,100,96,8.8,5.7,987.9
6724,10/6/2024 4:00,46,5,41,39.8,46,145.4,100,97,9.1,9.2,988.8
6725,10/6/2024 5:00,80,0,80,0.0,80,332.8,100,98,9.1,9.6,989.3
6726,10/6/2024 6:00,143,15,128,41.9,143,490.6,100,91,10.1,11.1,990.1
6727,10/6/2024 7:00,221,51,170,114.9,221,607.9,91,81,11.3,10.8,990.5
6728,10/6/2024 8:00,331,128,203,259.0,331,676.7,23,68,12.8,8.5,990.6
6729,10/6/2024 9:00,439,316,123,624.9,439,692.4,27,59,13.9,9.4,990.6
6730,10/6/2024 10:00,418,306,112,640.8,418,653.8,21,54,14.5,10.6,990.8
6731,10/6/2024 11:00,367,276,91,670.6,367,563.6,13,51,14.5,10.6,991.0
6732,10/6/2024 12:00,262,189,73,605.0,262,427.8,9,52,13.9,9.8,991.2
6733,10/6/2024 13:00,140,92,48,492.7,140,255.7,0,58,12.8,5.3,991.7
6734,10/6/2024 14:00,26,12,14,126.4,26,70.9,21,68,9.9,8.1,991.6
6735,10/6/2024 15:00,0,0,0,0.0,0,0.0,97,77,7.8,9.6,991.8
6736,10/6/2024 16:00,0,0,0,0.0,0,0.0,100,76,7.8,7.0,992.5
6737,10/6/2024 17:00,0,0,0,0.0,0,0.0,100,75,7.7,8.2,992.9
6738,10/6/2024 18:00,0,0,0,0.0,0,0.0,99,78,7.2,7.4,993.3
6739,10/6/2024 19:00,0,0,0,0.0,0,0.0,52,83,6.2,6.8,993.4
6740,10/6/2024 20:00,0,0,0,0.0,0,0.0,99,85,5.7,7.4,993.3
6741,10/6/2024 21:00,0,0,0,0.0,0,0.0,100,84,5.7,7.7,993.6
6742,10/6/2024 22:00,0,0,0,0.0,0,0.0,100,79,6.3,9.0,993.7
6743,10/6/2024 23:00,0,0,0,0.0,0,0.0,100,75,6.8,7.8,993.7
6744,10/7/2024 0:00,0,0,0,0.0,0,0.0,100,73,7.3,8.9,993.9
6745,10/7/2024 1:00,0,0,0,0.0,0,0.0,100,84,7.0,9.0,994.3
6746,10/7/2024 2:00,0,0,0,0.0,0,0.0,100,91,7.0,8.6,994.2
6747,10/7/2024 3:00,0,0,0,0.0,0,9.4,100,92,7.2,8.7,994.6
6748,10/7/2024 4:00,9,0,9,0.0,9,138.9,100,93,7.6,11.2,994.5
6749,10/7/2024 5:00,42,0,42,0.0,42,326.2,98,93,8.2,12.2,994.6
6750,10/7/2024 6:00,214,59,155,167.1,214,483.7,100,88,10.1,12.5,994.5
6751,10/7/2024 7:00,250,62,188,141.4,250,600.8,100,83,11.4,14.4,994.0
6752,10/7/2024 8:00,189,6,183,12.3,189,669.4,100,78,12.3,13.8,993.5
6753,10/7/2024 9:00,333,126,207,252.1,333,684.8,99,70,14.4,13.8,993.0
6754,10/7/2024 10:00,306,142,164,301.2,306,646.0,97,66,15.8,13.9,992.3
6755,10/7/2024 11:00,333,211,122,520.4,333,555.5,100,62,17.2,15.1,991.8
6756,10/7/2024 12:00,235,142,93,463.8,235,419.5,100,60,18.0,15.4,991.4
6757,10/7/2024 13:00,84,5,79,27.7,84,247.3,100,60,17.4,13.4,991.2
6758,10/7/2024 14:00,16,0,16,0.0,16,66.6,99,61,16.3,14.1,990.6
6759,10/7/2024 15:00,0,0,0,0.0,0,0.0,98,58,16.0,15.5,990.6
6760,10/7/2024 16:00,0,0,0,0.0,0,0.0,100,55,15.6,16.4,990.2
6761,10/7/2024 17:00,0,0,0,0.0,0,0.0,100,50,15.4,17.2,990.1
6762,10/7/2024 18:00,0,0,0,0.0,0,0.0,98,48,14.9,17.1,989.8
6763,10/7/2024 19:00,0,0,0,0.0,0,0.0,98,46,14.4,16.9,989.7
6764,10/7/2024 20:00,0,0,0,0.0,0,0.0,97,44,13.7,15.9,989.3
6765,10/7/2024 21:00,0,0,0,0.0,0,0.0,100,42,13.2,15.4,989.1
6766,10/7/2024 22:00,0,0,0,0.0,0,0.0,100,42,12.8,15.4,988.6
6767,10/7/2024 23:00,0,0,0,0.0,0,0.0,96,42,12.4,15.9,988.1
6768,10/8/2024 0:00,0,0,0,0.0,0,0.0,97,43,12.4,16.9,987.8
6769,10/8/2024 1:00,0,0,0,0.0,0,0.0,98,48,12.2,17.7,988.3
6770,10/8/2024 2:00,0,0,0,0.0,0,0.0,75,49,12.0,17.9,988.2
6771,10/8/2024 3:00,1,0,1,0.0,1,6.1,100,51,11.6,17.2,987.8
6772,10/8/2024 4:00,49,10,39,82.8,49,132.3,100,50,12.4,16.9,987.9
6773,10/8/2024 5:00,137,35,102,150.2,137,319.5,100,50,13.6,14.6,988.1
6774,10/8/2024 6:00,228,72,156,207.0,228,476.9,100,47,15.2,14.0,987.7
6775,10/8/2024 7:00,302,126,176,290.9,302,593.7,100,43,16.6,14.4,987.4
6776,10/8/2024 8:00,341,144,197,298.2,341,662.0,100,40,17.9,14.4,986.9
6777,10/8/2024 9:00,453,337,116,682.2,453,677.2,100,38,19.5,14.1,986.3
6778,10/8/2024 10:00,373,198,175,425.4,373,638.1,99,36,20.1,14.5,985.6
6779,10/8/2024 11:00,308,162,146,405.7,308,547.4,97,35,20.4,16.1,985.1
6780,10/8/2024 12:00,222,112,110,373.4,222,411.2,99,37,19.8,14.1,984.5
6781,10/8/2024 13:00,121,65,56,373.1,121,238.9,58,32,19.9,15.1,984.3
6782,10/8/2024 14:00,20,6,14,67.7,20,62.3,100,32,18.1,14.3,983.7
6783,10/8/2024 15:00,0,0,0,0.0,0,0.0,99,34,17.0,13.4,983.4
6784,10/8/2024 16:00,0,0,0,0.0,0,0.0,98,35,15.9,13.3,983.0
6785,10/8/2024 17:00,0,0,0,0.0,0,0.0,100,35,15.2,13.4,982.6
6786,10/8/2024 18:00,0,0,0,0.0,0,0.0,100,33,14.9,12.9,982.0
6787,10/8/2024 19:00,0,0,0,0.0,0,0.0,100,32,14.6,12.5,981.8
6788,10/8/2024 20:00,0,0,0,0.0,0,0.0,99,35,13.6,11.0,981.0
6789,10/8/2024 21:00,0,0,0,0.0,0,0.0,100,36,13.6,12.3,980.8
6790,10/8/2024 22:00,0,0,0,0.0,0,0.0,100,43,13.6,8.3,980.5
6791,10/8/2024 23:00,0,0,0,0.0,0,0.0,100,52,12.4,9.3,980.1
6792,10/9/2024 0:00,0,0,0,0.0,0,0.0,100,52,12.6,8.7,980.0
6793,10/9/2024 1:00,0,0,0,0.0,0,0.0,100,58,11.4,8.0,980.1
6794,10/9/2024 2:00,0,0,0,0.0,0,0.0,100,71,10.8,9.1,979.7
6795,10/9/2024 3:00,0,0,0,0.0,0,2.8,100,73,10.6,10.3,979.3
6796,10/9/2024 4:00,10,0,10,0.0,10,125.7,100,74,10.2,15.5,979.2
6797,10/9/2024 5:00,40,1,39,4.4,40,312.8,100,74,10.4,17.1,979.0
6798,10/9/2024 6:00,62,0,62,0.0,62,470.0,100,78,10.9,12.3,978.6
6799,10/9/2024 7:00,73,0,73,0.0,73,586.6,100,79,11.6,6.6,978.7
6800,10/9/2024 8:00,182,19,163,39.8,182,654.7,100,78,12.9,6.2,978.3
6801,10/9/2024 9:00,270,56,214,114.7,270,669.5,100,77,14.1,5.3,978.1
6802,10/9/2024 10:00,218,62,156,134.9,218,630.2,100,78,14.3,1.6,978.1
6803,10/9/2024 11:00,96,2,94,5.1,96,539.2,100,83,13.8,2.8,978.0
6804,10/9/2024 12:00,115,23,92,78.3,115,402.9,100,82,14.1,4.6,978.0
6805,10/9/2024 13:00,38,1,37,6.0,38,230.5,100,91,12.6,8.5,978.4
6806,10/9/2024 14:00,6,0,6,0.0,6,58.1,100,93,11.9,9.7,978.3
6807,10/9/2024 15:00,0,0,0,0.0,0,0.0,100,93,11.2,12.3,978.3
6808,10/9/2024 16:00,0,0,0,0.0,0,0.0,100,94,10.6,13.1,978.0
6809,10/9/2024 17:00,0,0,0,0.0,0,0.0,100,94,10.2,12.8,978.2
6810,10/9/2024 18:00,0,0,0,0.0,0,0.0,100,94,9.8,14.9,977.8
6811,10/9/2024 19:00,0,0,0,0.0,0,0.0,100,93,9.4,14.1,977.4
6812,10/9/2024 20:00,0,0,0,0.0,0,0.0,100,94,9.1,14.3,977.4
6813,10/9/2024 21:00,0,0,0,0.0,0,0.0,100,93,8.9,16.8,977.1
6814,10/9/2024 22:00,0,0,0,0.0,0,0.0,100,92,8.4,18.2,976.9
6815,10/9/2024 23:00,0,0,0,0.0,0,0.0,100,91,7.9,17.9,976.8
6816,10/10/2024 0:00,0,0,0,0.0,0,0.0,100,91,7.5,18.4,977.2
6817,10/10/2024 1:00,0,0,0,0.0,0,0.0,100,89,6.0,20.0,978.3
6818,10/10/2024 2:00,0,0,0,0.0,0,0.0,100,89,5.5,18.5,978.7
6819,10/10/2024 3:00,0,0,0,0.0,0,0.0,100,89,5.2,18.7,978.9
6820,10/10/2024 4:00,26,1,25,8.6,26,119.2,100,86,5.2,17.9,979.3
6821,10/10/2024 5:00,54,5,49,22.4,54,306.1,100,84,5.4,17.6,979.6
6822,10/10/2024 6:00,93,1,92,3.0,93,463.0,100,80,5.9,17.1,979.8
6823,10/10/2024 7:00,130,3,127,7.1,130,579.4,100,77,6.4,16.7,980.0
6824,10/10/2024 8:00,191,29,162,61.5,191,647.3,100,72,7.2,18.2,980.4
6825,10/10/2024 9:00,197,15,182,31.1,197,661.9,100,71,7.2,20.2,980.7
6826,10/10/2024 10:00,143,10,133,22.1,143,622.3,100,72,6.6,20.4,981.4
6827,10/10/2024 11:00,128,14,114,36.2,128,531.2,100,72,6.4,20.0,981.7
6828,10/10/2024 12:00,108,8,100,27.8,108,394.7,98,72,6.3,20.1,982.4
6829,10/10/2024 13:00,48,0,48,0.0,48,222.1,99,79,4.5,22.5,983.7
6830,10/10/2024 14:00,9,0,9,0.0,9,53.8,100,79,3.9,22.3,984.2
6831,10/10/2024 15:00,0,0,0,0.0,0,0.0,100,78,3.8,18.9,984.6
6832,10/10/2024 16:00,0,0,0,0.0,0,0.0,100,77,3.5,19.0,985.1
6833,10/10/2024 17:00,0,0,0,0.0,0,0.0,82,78,3.0,20.0,985.2
6834,10/10/2024 18:00,0,0,0,0.0,0,0.0,5,79,2.3,18.6,985.4
6835,10/10/2024 19:00,0,0,0,0.0,0,0.0,51,81,1.5,18.6,985.6
6836,10/10/2024 20:00,0,0,0,0.0,0,0.0,100,79,1.8,18.3,985.8
6837,10/10/2024 21:00,0,0,0,0.0,0,0.0,92,79,1.8,18.4,986.1
6838,10/10/2024 22:00,0,0,0,0.0,0,0.0,100,80,1.4,20.2,986.6
6839,10/10/2024 23:00,0,0,0,0.0,0,0.0,100,77,1.1,21.6,987.3
6840,10/11/2024 0:00,0,0,0,0.0,0,0.0,100,76,0.6,21.5,987.9
6841,10/11/2024 1:00,0,0,0,0.0,0,0.0,100,74,-0.2,21.5,988.6
6842,10/11/2024 2:00,0,0,0,0.0,0,0.0,100,72,-0.4,21.2,989.0
6843,10/11/2024 3:00,0,0,0,0.0,0,0.0,40,69,-0.8,20.8,989.7
6844,10/11/2024 4:00,45,19,26,167.8,45,112.6,16,68,-1.1,21.1,990.2
6845,10/11/2024 5:00,175,120,55,550.4,175,299.3,42,65,-0.5,21.3,990.8
6846,10/11/2024 6:00,300,228,72,686.3,300,456.1,29,61,0.6,20.5,990.9
6847,10/11/2024 7:00,398,318,80,763.0,398,572.3,1,57,1.9,20.6,991.4
6848,10/11/2024 8:00,457,374,83,802.6,457,639.9,7,54,3.0,19.9,991.6
6849,10/11/2024 9:00,468,383,85,803.9,468,654.2,16,51,4.0,20.8,991.9
6850,10/11/2024 10:00,435,354,81,791.2,435,614.4,9,49,4.6,19.0,992.1
6851,10/11/2024 11:00,357,282,75,740.3,357,523.1,15,49,4.4,21.8,992.5
6852,10/11/2024 12:00,245,181,64,643.2,245,386.5,7,51,3.7,20.4,993.0
6853,10/11/2024 13:00,96,36,60,231.2,96,213.8,53,57,1.2,20.4,995.0
6854,10/11/2024 14:00,12,3,9,37.8,12,49.6,45,58,0.3,17.6,995.8
6855,10/11/2024 15:00,0,0,0,0.0,0,0.0,5,59,-0.4,17.6,995.9
6856,10/11/2024 16:00,0,0,0,0.0,0,0.0,0,60,-1.0,16.4,996.2
6857,10/11/2024 17:00,0,0,0,0.0,0,0.0,0,61,-1.5,14.8,996.5
6858,10/11/2024 18:00,0,0,0,0.0,0,0.0,0,61,-2.0,14.9,996.9
6859,10/11/2024 19:00,0,0,0,0.0,0,0.0,0,62,-2.3,14.5,997.4
6860,10/11/2024 20:00,0,0,0,0.0,0,0.0,0,62,-2.8,14.3,997.9
6861,10/11/2024 21:00,0,0,0,0.0,0,0.0,0,64,-3.1,13.2,998.2
6862,10/11/2024 22:00,0,0,0,0.0,0,0.0,0,66,-3.5,12.4,998.7
6863,10/11/2024 23:00,0,0,0,0.0,0,0.0,0,68,-3.9,13.0,998.9
6864,10/12/2024 0:00,0,0,0,0.0,0,0.0,0,68,-4.2,13.4,999.3
6865,10/12/2024 1:00,0,0,0,0.0,0,0.0,0,69,-4.5,13.0,1000.3
6866,10/12/2024 2:00,0,0,0,0.0,0,0.0,0,69,-4.7,12.9,1000.8
6867,10/12/2024 3:00,0,0,0,0.0,0,0.0,0,70,-4.8,13.0,1001.2
6868,10/12/2024 4:00,48,25,23,225.8,48,106.0,0,67,-4.0,12.3,1001.6
6869,10/12/2024 5:00,170,116,54,544.6,170,292.6,0,61,-2.5,15.3,1002.0
6870,10/12/2024 6:00,292,223,69,682.0,292,449.2,5,58,-1.2,15.2,1002.0
6871,10/12/2024 7:00,386,308,78,748.8,386,565.1,0,54,0.1,14.0,1002.1
6872,10/12/2024 8:00,443,361,82,784.2,443,632.5,0,52,1.1,13.7,1002.3
6873,10/12/2024 9:00,455,373,82,792.6,455,646.6,0,51,1.9,14.0,1002.3
6874,10/12/2024 10:00,421,341,80,772.4,421,606.6,0,50,2.5,14.9,1002.5
6875,10/12/2024 11:00,344,271,73,723.0,344,515.0,0,49,2.7,15.1,1002.9
6876,10/12/2024 12:00,234,171,63,621.1,234,378.3,0,50,2.5,14.5,1003.1
6877,10/12/2024 13:00,107,65,42,434.5,107,205.6,0,51,1.9,10.1,1003.9
6878,10/12/2024 14:00,11,4,7,52.4,11,45.4,0,58,0.2,8.4,1004.0
6879,10/12/2024 15:00,0,0,0,0.0,0,0.0,0,60,-0.3,11.8,1004.5
6880,10/12/2024 16:00,0,0,0,0.0,0,0.0,0,62,-0.9,11.5,1004.5
6881,10/12/2024 17:00,0,0,0,0.0,0,0.0,0,64,-1.5,10.8,1004.5
6882,10/12/2024 18:00,0,0,0,0.0,0,0.0,0,67,-2.0,10.9,1005.0
6883,10/12/2024 19:00,0,0,0,0.0,0,0.0,0,70,-2.6,10.3,1005.1
6884,10/12/2024 20:00,0,0,0,0.0,0,0.0,0,72,-3.0,9.5,1005.5
6885,10/12/2024 21:00,0,0,0,0.0,0,0.0,0,73,-3.4,9.2,1005.8
6886,10/12/2024 22:00,0,0,0,0.0,0,0.0,0,74,-3.7,9.0,1006.1
6887,10/12/2024 23:00,0,0,0,0.0,0,0.0,0,74,-3.9,9.2,1006.3
6888,10/13/2024 0:00,0,0,0,0.0,0,0.0,0,74,-4.1,9.0,1006.6
6889,10/13/2024 1:00,0,0,0,0.0,0,0.0,0,84,-5.6,7.6,1007.2
6890,10/13/2024 2:00,0,0,0,0.0,0,0.0,0,84,-5.9,7.1,1007.4
6891,10/13/2024 3:00,0,0,0,0.0,0,0.0,0,85,-6.2,6.8,1007.4
6892,10/13/2024 4:00,47,25,22,231.0,47,99.5,0,77,-4.8,8.6,1007.8
6893,10/13/2024 5:00,172,119,53,572.2,172,285.9,0,63,-2.3,5.7,1008.0
6894,10/13/2024 6:00,298,231,67,718.0,298,442.3,0,51,0.0,5.2,1008.0
6895,10/13/2024 7:00,397,321,76,790.9,397,558.0,0,41,2.0,5.8,1007.8
6896,10/13/2024 8:00,456,376,80,826.9,456,625.1,0,35,3.5,6.9,1007.7
6897,10/13/2024 9:00,468,388,80,834.8,468,639.0,0,31,4.7,7.4,1007.3
6898,10/13/2024 10:00,433,355,78,815.1,433,598.7,0,29,5.4,8.2,1007.0
6899,10/13/2024 11:00,354,282,72,764.6,354,507.0,0,28,5.6,8.8,1006.7
6900,10/13/2024 12:00,240,178,62,661.1,240,370.2,0,30,4.9,7.6,1006.2
6901,10/13/2024 13:00,108,67,41,466.7,108,197.4,0,49,2.5,7.5,1005.9
6902,10/13/2024 14:00,10,4,6,54.6,10,41.3,0,55,0.3,10.0,1005.7
6903,10/13/2024 15:00,0,0,0,0.0,0,0.0,0,60,-0.6,10.5,1005.5
6904,10/13/2024 16:00,0,0,0,0.0,0,0.0,0,61,-1.0,10.5,1005.3
6905,10/13/2024 17:00,0,0,0,0.0,0,0.0,0,62,-1.3,9.7,1005.0
6906,10/13/2024 18:00,0,0,0,0.0,0,0.0,0,64,-1.8,8.5,1004.8
6907,10/13/2024 19:00,0,0,0,0.0,0,0.0,0,66,-2.2,8.0,1004.6
6908,10/13/2024 20:00,0,0,0,0.0,0,0.0,0,67,-2.6,7.8,1004.4
6909,10/13/2024 21:00,0,0,0,0.0,0,0.0,0,70,-3.1,6.6,1004.3
6910,10/13/2024 22:00,0,0,0,0.0,0,0.0,0,72,-3.5,6.3,1004.2
6911,10/13/2024 23:00,0,0,0,0.0,0,0.0,1,73,-3.6,6.3,1004.0
6912,10/14/2024 0:00,0,0,0,0.0,0,0.0,3,74,-3.8,5.8,1003.9
6913,10/14/2024 1:00,0,0,0,0.0,0,0.0,3,82,-6.1,7.6,1004.0
6914,10/14/2024 2:00,0,0,0,0.0,0,0.0,0,83,-6.4,6.7,1004.0
6915,10/14/2024 3:00,0,0,0,0.0,0,0.0,0,82,-6.2,4.2,1003.9
6916,10/14/2024 4:00,43,23,20,217.5,43,92.9,0,75,-4.3,6.0,1004.3
6917,10/14/2024 5:00,166,115,51,566.7,166,279.1,0,57,-0.6,4.4,1004.4
6918,10/14/2024 6:00,292,225,67,710.9,292,435.3,0,44,2.8,3.5,1004.5
6919,10/14/2024 7:00,390,315,75,786.6,390,550.8,0,35,5.2,4.4,1004.2
6920,10/14/2024 8:00,448,370,78,823.9,448,617.7,0,30,6.9,5.7,1003.7
6921,10/14/2024 9:00,460,381,79,830.0,460,631.4,0,26,7.9,6.0,1003.1
6922,10/14/2024 10:00,425,348,77,810.1,425,590.9,0,25,8.4,5.5,1002.9
6923,10/14/2024 11:00,346,275,71,757.9,346,499.1,0,25,8.2,5.9,1002.5
6924,10/14/2024 12:00,232,172,60,653.4,232,362.1,0,29,6.1,6.1,1002.0
6925,10/14/2024 13:00,102,63,39,451.0,102,189.3,0,46,3.8,7.1,1001.6
6926,10/14/2024 14:00,8,3,5,42.6,8,37.2,0,49,1.8,9.6,1001.4
6927,10/14/2024 15:00,0,0,0,0.0,0,0.0,0,54,0.6,9.5,1001.1
6928,10/14/2024 16:00,0,0,0,0.0,0,0.0,0,56,-0.1,9.7,1000.8
6929,10/14/2024 17:00,0,0,0,0.0,0,0.0,0,56,-0.2,9.0,1000.5
6930,10/14/2024 18:00,0,0,0,0.0,0,0.0,0,56,-0.3,9.0,1000.2
6931,10/14/2024 19:00,0,0,0,0.0,0,0.0,0,56,-0.6,8.8,999.9
6932,10/14/2024 20:00,0,0,0,0.0,0,0.0,0,56,-1.0,8.0,999.6
6933,10/14/2024 21:00,0,0,0,0.0,0,0.0,0,58,-1.6,7.1,999.5
6934,10/14/2024 22:00,0,0,0,0.0,0,0.0,0,59,-2.1,6.9,999.3
6935,10/14/2024 23:00,0,0,0,0.0,0,0.0,0,59,-2.2,6.7,999.0
6936,10/15/2024 0:00,0,0,0,0.0,0,0.0,0,60,-2.5,6.4,999.0
6937,10/15/2024 1:00,0,0,0,0.0,0,0.0,0,62,-4.2,7.1,999.5
6938,10/15/2024 2:00,0,0,0,0.0,0,0.0,0,62,-4.5,7.7,999.2
6939,10/15/2024 3:00,0,0,0,0.0,0,0.0,0,61,-4.4,6.7,999.0
6940,10/15/2024 4:00,39,21,18,203.4,39,86.3,0,52,-2.2,8.1,999.1
6941,10/15/2024 5:00,160,110,50,555.7,160,272.4,0,43,0.8,7.7,999.3
6942,10/15/2024 6:00,284,219,65,703.5,284,428.4,0,36,3.5,5.2,999.5
6943,10/15/2024 7:00,381,308,73,779.7,381,543.7,0,30,6.0,5.3,999.6
6944,10/15/2024 8:00,437,361,76,814.0,437,610.3,0,26,7.8,6.2,999.5
6945,10/15/2024 9:00,448,371,77,818.5,448,623.8,0,24,8.8,7.1,999.3
6946,10/15/2024 10:00,413,338,75,797.7,413,583.2,0,22,9.1,7.8,999.0
6947,10/15/2024 11:00,335,265,70,742.5,335,491.2,0,21,8.8,7.7,998.5
6948,10/15/2024 12:00,223,164,59,637.4,223,354.1,0,26,6.5,5.6,998.2
6949,10/15/2024 13:00,95,58,37,424.5,95,181.3,0,60,3.5,10.0,998.0
6950,10/15/2024 14:00,7,2,5,29.7,7,33.1,30,58,1.5,9.7,997.9
6951,10/15/2024 15:00,0,0,0,0.0,0,0.0,100,52,1.9,8.6,997.8
6952,10/15/2024 16:00,0,0,0,0.0,0,0.0,100,52,1.5,9.1,997.6
6953,10/15/2024 17:00,0,0,0,0.0,0,0.0,100,57,0.8,8.3,997.6
6954,10/15/2024 18:00,0,0,0,0.0,0,0.0,100,59,0.4,8.1,997.4
6955,10/15/2024 19:00,0,0,0,0.0,0,0.0,70,60,0.1,8.0,997.3
6956,10/15/2024 20:00,0,0,0,0.0,0,0.0,99,62,-0.2,7.8,997.2
6957,10/15/2024 21:00,0,0,0,0.0,0,0.0,100,64,-0.6,7.7,997.2
6958,10/15/2024 22:00,0,0,0,0.0,0,0.0,100,65,-0.5,8.3,997.2
6959,10/15/2024 23:00,0,0,0,0.0,0,0.0,100,64,-0.4,9.1,997.0
6960,10/16/2024 0:00,0,0,0,0.0,0,0.0,100,65,-0.7,8.9,997.1
6961,10/16/2024 1:00,0,0,0,0.0,0,0.0,100,67,-1.6,9.4,997.2
6962,10/16/2024 2:00,0,0,0,0.0,0,0.0,100,65,-1.5,9.5,997.3
6963,10/16/2024 3:00,0,0,0,0.0,0,0.0,100,64,-1.6,10.0,997.3
6964,10/16/2024 4:00,27,3,24,29.8,27,79.9,100,60,-0.9,10.8,997.3
6965,10/16/2024 5:00,111,21,90,108.8,111,265.7,100,51,0.9,11.6,997.7
6966,10/16/2024 6:00,180,33,147,107.8,180,421.5,100,44,2.8,8.8,997.8
6967,10/16/2024 7:00,220,31,189,79.6,220,536.5,100,39,4.1,9.7,998.0
6968,10/16/2024 8:00,274,64,210,146.2,274,603.0,100,35,5.3,10.3,997.9
6969,10/16/2024 9:00,279,56,223,125.1,279,616.3,100,33,6.0,10.7,997.6
6970,10/16/2024 10:00,234,34,200,81.4,234,575.5,100,32,6.3,10.1,997.5
6971,10/16/2024 11:00,177,22,155,62.7,177,483.4,100,33,6.1,9.4,997.4
6972,10/16/2024 12:00,86,7,79,27.8,86,346.2,100,41,4.9,6.4,997.1
6973,10/16/2024 13:00,62,8,54,59.9,62,173.3,100,46,4.5,6.7,997.1
6974,10/16/2024 14:00,5,0,5,0.0,5,29.1,83,47,2.8,8.6,997.1
6975,10/16/2024 15:00,0,0,0,0.0,0,0.0,100,49,2.2,7.3,997.1
6976,10/16/2024 16:00,0,0,0,0.0,0,0.0,100,50,2.3,7.3,997.2
6977,10/16/2024 17:00,0,0,0,0.0,0,0.0,100,55,1.5,6.0,997.0
6978,10/16/2024 18:00,0,0,0,0.0,0,0.0,99,60,0.9,5.6,996.8
6979,10/16/2024 19:00,0,0,0,0.0,0,0.0,100,65,-0.2,6.2,996.9
6980,10/16/2024 20:00,0,0,0,0.0,0,0.0,100,63,0.9,5.1,997.0
6981,10/16/2024 21:00,0,0,0,0.0,0,0.0,100,61,1.5,4.8,997.0
6982,10/16/2024 22:00,0,0,0,0.0,0,0.0,100,63,1.4,5.4,996.8
6983,10/16/2024 23:00,0,0,0,0.0,0,0.0,100,65,1.5,4.8,996.4
6984,10/17/2024 0:00,0,0,0,0.0,0,0.0,100,65,1.6,5.5,996.5
6985,10/17/2024 1:00,0,0,0,0.0,0,0.0,100,67,2.2,6.9,996.7
6986,10/17/2024 2:00,0,0,0,0.0,0,0.0,100,70,2.2,6.5,996.8
6987,10/17/2024 3:00,0,0,0,0.0,0,0.0,100,71,2.0,7.7,997.0
6988,10/17/2024 4:00,19,0,19,0.0,19,76.5,100,70,2.3,8.7,997.4
6989,10/17/2024 5:00,76,2,74,10.6,76,259.0,100,67,3.5,8.6,997.9
6990,10/17/2024 6:00,84,0,84,0.0,84,414.6,100,65,3.9,6.9,998.0
6991,10/17/2024 7:00,97,0,97,0.0,97,529.4,100,68,4.2,5.8,998.1
6992,10/17/2024 8:00,171,11,160,25.4,171,595.7,100,68,5.1,5.5,998.3
6993,10/17/2024 9:00,172,3,169,6.8,172,608.8,100,69,5.5,4.6,998.2
6994,10/17/2024 10:00,265,80,185,194.1,265,567.9,75,65,6.4,3.1,998.2
6995,10/17/2024 11:00,287,182,105,527.2,287,475.6,50,61,6.8,2.9,998.1
6996,10/17/2024 12:00,195,127,68,517.1,195,338.4,27,61,6.5,4.0,998.4
6997,10/17/2024 13:00,63,19,44,145.5,63,165.5,100,65,5.7,4.0,998.4
6998,10/17/2024 14:00,3,0,3,0.0,3,25.1,98,66,5.1,5.1,998.5
6999,10/17/2024 15:00,0,0,0,0.0,0,0.0,100,67,4.8,6.3,998.8
7000,10/17/2024 16:00,0,0,0,0.0,0,0.0,98,70,4.1,7.4,998.9
7001,10/17/2024 17:00,0,0,0,0.0,0,0.0,94,72,3.7,7.8,999.2
7002,10/17/2024 18:00,0,0,0,0.0,0,0.0,78,76,3.0,7.9,999.2
7003,10/17/2024 19:00,0,0,0,0.0,0,0.0,90,84,1.9,8.3,999.1
7004,10/17/2024 20:00,0,0,0,0.0,0,0.0,83,84,2.1,8.4,999.2
7005,10/17/2024 21:00,0,0,0,0.0,0,0.0,100,90,0.9,7.6,999.6
7006,10/17/2024 22:00,0,0,0,0.0,0,0.0,100,87,1.4,8.5,999.8
7007,10/17/2024 23:00,0,0,0,0.0,0,0.0,100,82,2.2,9.2,1000.0
7008,10/18/2024 0:00,0,0,0,0.0,0,0.0,100,78,2.8,10.0,999.9
7009,10/18/2024 1:00,0,0,0,0.0,0,0.0,84,86,1.4,9.8,1000.1
7010,10/18/2024 2:00,0,0,0,0.0,0,0.0,84,89,0.8,9.6,1000.4
7011,10/18/2024 3:00,0,0,0,0.0,0,0.0,100,88,0.9,11.4,1000.6
7012,10/18/2024 4:00,23,4,19,41.7,23,73.1,3,86,1.5,13.7,1000.8
7013,10/18/2024 5:00,130,77,53,420.7,130,252.3,50,80,3.2,13.7,1001.3
7014,10/18/2024 6:00,244,169,75,571.4,244,407.7,97,73,5.2,14.0,1001.2
7015,10/18/2024 7:00,325,223,102,588.5,325,522.4,99,67,6.7,14.3,1001.2
7016,10/18/2024 8:00,382,274,108,641.9,382,588.4,93,61,7.8,13.6,1001.2
7017,10/18/2024 9:00,405,317,88,726.7,405,601.4,97,57,8.6,12.4,1001.2
7018,10/18/2024 10:00,372,290,82,713.6,372,560.3,68,55,8.9,13.0,1001.1
7019,10/18/2024 11:00,299,228,71,671.7,299,468.0,94,56,8.6,15.9,1000.2
7020,10/18/2024 12:00,188,122,66,508.6,188,330.7,12,60,7.8,16.1,1000.2
7021,10/18/2024 13:00,75,43,32,336.8,75,157.8,34,61,7.3,15.0,999.7
7022,10/18/2024 14:00,3,1,2,17.0,3,21.3,35,65,5.8,15.0,999.8
7023,10/18/2024 15:00,0,0,0,0.0,0,0.0,62,67,4.9,15.6,1000.1
7024,10/18/2024 16:00,0,0,0,0.0,0,0.0,100,68,4.3,16.3,999.7
7025,10/18/2024 17:00,0,0,0,0.0,0,0.0,100,70,3.7,17.2,999.5
7026,10/18/2024 18:00,0,0,0,0.0,0,0.0,85,70,3.5,17.3,999.1
7027,10/18/2024 19:00,0,0,0,0.0,0,0.0,56,72,2.7,16.0,998.9
7028,10/18/2024 20:00,0,0,0,0.0,0,0.0,98,74,2.2,15.6,998.5
7029,10/18/2024 21:00,0,0,0,0.0,0,0.0,100,75,1.8,15.7,998.4
7030,10/18/2024 22:00,0,0,0,0.0,0,0.0,98,76,1.4,15.7,998.2
7031,10/18/2024 23:00,0,0,0,0.0,0,0.0,95,76,1.1,15.5,997.6
7032,10/19/2024 0:00,0,0,0,0.0,0,0.0,87,76,0.9,15.2,997.5
7033,10/19/2024 1:00,0,0,0,0.0,0,0.0,100,80,0.7,14.4,998.2
7034,10/19/2024 2:00,0,0,0,0.0,0,0.0,100,79,1.0,15.5,998.0
7035,10/19/2024 3:00,0,0,0,0.0,0,0.0,99,78,1.4,14.6,998.0
7036,10/19/2024 4:00,18,2,16,21.4,18,69.8,70,78,1.9,15.2,998.1
7037,10/19/2024 5:00,113,50,63,280.8,113,245.6,30,75,3.2,13.1,998.1
7038,10/19/2024 6:00,238,161,77,554.0,238,400.9,41,68,5.3,14.3,997.8
7039,10/19/2024 7:00,325,233,92,623.6,325,515.3,64,63,7.3,13.9,997.7
7040,10/19/2024 8:00,342,226,116,536.3,342,581.2,55,59,8.9,13.4,997.5
7041,10/19/2024 9:00,376,263,113,610.7,376,594.0,100,54,10.2,13.1,997.4
7042,10/19/2024 10:00,140,29,111,72.4,140,552.8,100,54,9.9,14.2,996.9
7043,10/19/2024 11:00,90,4,86,12.0,90,460.4,100,53,9.9,12.3,996.6
7044,10/19/2024 12:00,30,0,30,0.0,30,323.1,100,54,9.4,12.0,996.1
7045,10/19/2024 13:00,31,1,30,8.0,31,150.2,100,57,8.9,13.5,996.2
7046,10/19/2024 14:00,1,0,1,0.0,1,17.4,99,58,8.2,14.4,996.1
7047,10/19/2024 15:00,0,0,0,0.0,0,0.0,100,58,7.3,14.8,996.1
7048,10/19/2024 16:00,0,0,0,0.0,0,0.0,100,59,6.4,14.1,995.9
7049,10/19/2024 17:00,0,0,0,0.0,0,0.0,97,62,5.2,13.5,995.7
7050,10/19/2024 18:00,0,0,0,0.0,0,0.0,100,63,4.7,12.9,995.6
7051,10/19/2024 19:00,0,0,0,0.0,0,0.0,100,61,4.8,13.5,995.2
7052,10/19/2024 20:00,0,0,0,0.0,0,0.0,100,60,5.0,11.4,995.1
7053,10/19/2024 21:00,0,0,0,0.0,0,0.0,100,60,4.9,12.3,994.7
7054,10/19/2024 22:00,0,0,0,0.0,0,0.0,100,61,4.5,9.7,994.8
7055,10/19/2024 23:00,0,0,0,0.0,0,0.0,100,64,4.0,9.4,994.1
7056,10/20/2024 0:00,0,0,0,0.0,0,0.0,100,66,3.4,9.7,993.8
7057,10/20/2024 1:00,0,0,0,0.0,0,0.0,77,68,3.5,10.3,993.6
7058,10/20/2024 2:00,0,0,0,0.0,0,0.0,72,69,3.3,12.3,993.2
7059,10/20/2024 3:00,0,0,0,0.0,0,0.0,99,70,2.8,14.6,992.9
7060,10/20/2024 4:00,17,3,14,33.0,17,66.4,100,65,3.7,13.8,993.0
7061,10/20/2024 5:00,38,0,38,0.0,38,238.9,100,63,4.8,11.5,993.1
7062,10/20/2024 6:00,94,1,93,3.5,94,394.0,30,59,5.7,12.7,992.8
7063,10/20/2024 7:00,308,223,85,605.5,308,508.3,89,52,8.1,12.2,992.8
7064,10/20/2024 8:00,248,86,162,206.8,248,574.0,92,50,8.9,10.9,992.7
7065,10/20/2024 9:00,288,131,157,308.2,288,586.6,82,46,10.0,12.5,992.3
7066,10/20/2024 10:00,204,79,125,199.9,204,545.3,79,46,10.1,13.5,991.9
7067,10/20/2024 11:00,196,86,110,262.1,196,452.8,97,46,10.2,11.1,991.6
7068,10/20/2024 12:00,122,41,81,179.4,122,315.5,91,47,9.7,12.1,991.5
7069,10/20/2024 13:00,62,28,34,229.7,62,142.6,77,53,7.7,10.8,991.4
7070,10/20/2024 14:00,2,0,2,0.0,2,13.6,93,56,6.4,10.9,991.5
7071,10/20/2024 15:00,0,0,0,0.0,0,0.0,99,57,6.0,13.6,991.6
7072,10/20/2024 16:00,0,0,0,0.0,0,0.0,78,57,5.7,16.3,991.6
7073,10/20/2024 17:00,0,0,0,0.0,0,0.0,75,61,4.8,15.4,991.7
7074,10/20/2024 18:00,0,0,0,0.0,0,0.0,98,67,3.7,15.1,991.5
7075,10/20/2024 19:00,0,0,0,0.0,0,0.0,55,69,3.0,15.8,991.4
7076,10/20/2024 20:00,0,0,0,0.0,0,0.0,2,72,2.0,12.7,991.2
7077,10/20/2024 21:00,0,0,0,0.0,0,0.0,30,76,1.4,13.4,991.3
7078,10/20/2024 22:00,0,0,0,0.0,0,0.0,30,82,1.0,14.8,991.4
7079,10/20/2024 23:00,0,0,0,0.0,0,0.0,7,85,0.8,15.6,991.2
7080,10/21/2024 0:00,0,0,0,0.0,0,0.0,1,89,0.8,14.8,991.6
7081,10/21/2024 1:00,0,0,0,0.0,0,0.0,19,91,1.0,14.5,991.2
7082,10/21/2024 2:00,0,0,0,0.0,0,0.0,26,93,1.5,15.6,991.3
7083,10/21/2024 3:00,0,0,0,0.0,0,0.0,89,92,2.3,17.1,991.5
7084,10/21/2024 4:00,15,4,11,45.2,15,63.0,100,85,3.7,17.3,992.0
7085,10/21/2024 5:00,80,13,67,77.3,80,232.2,99,81,4.8,16.6,992.3
7086,10/21/2024 6:00,178,71,107,253.3,178,387.1,100,77,5.7,16.6,992.3
7087,10/21/2024 7:00,184,31,153,85.4,184,501.2,100,75,6.2,21.7,992.4
7088,10/21/2024 8:00,210,31,179,75.5,210,566.8,88,72,6.6,21.1,992.4
7089,10/21/2024 9:00,254,93,161,221.7,254,579.2,100,72,6.6,20.3,992.6
7090,10/21/2024 10:00,215,44,171,113.0,215,537.8,97,69,6.6,19.4,992.6
7091,10/21/2024 11:00,182,59,123,183.0,182,445.3,92,66,6.6,19.0,992.5
7092,10/21/2024 12:00,120,38,82,170.4,120,307.9,90,64,6.5,16.6,992.4
7093,10/21/2024 13:00,38,6,32,50.4,38,135.1,97,74,5.2,12.6,992.4
7094,10/21/2024 14:00,1,0,1,0.0,1,9.8,87,79,4.4,12.1,992.8
7095,10/21/2024 15:00,0,0,0,0.0,0,0.0,86,80,4.3,13.0,993.1
7096,10/21/2024 16:00,0,0,0,0.0,0,0.0,97,82,4.3,14.9,993.4
7097,10/21/2024 17:00,0,0,0,0.0,0,0.0,100,84,4.0,15.0,993.6
7098,10/21/2024 18:00,0,0,0,0.0,0,0.0,100,83,4.0,13.6,993.7
7099,10/21/2024 19:00,0,0,0,0.0,0,0.0,100,83,4.1,11.5,993.3
7100,10/21/2024 20:00,0,0,0,0.0,0,0.0,100,84,4.0,10.0,993.2
7101,10/21/2024 21:00,0,0,0,0.0,0,0.0,100,85,3.9,8.4,992.8
7102,10/21/2024 22:00,0,0,0,0.0,0,0.0,100,86,3.8,5.9,993.0
7103,10/21/2024 23:00,0,0,0,0.0,0,0.0,100,87,3.8,7.2,993.0
7104,10/22/2024 0:00,0,0,0,0.0,0,0.0,100,87,3.8,9.9,993.3
7105,10/22/2024 1:00,0,0,0,0.0,0,0.0,100,87,3.7,9.0,993.0
7106,10/22/2024 2:00,0,0,0,0.0,0,0.0,100,88,3.7,6.8,992.9
7107,10/22/2024 3:00,0,0,0,0.0,0,0.0,100,88,3.7,6.3,992.5
7108,10/22/2024 4:00,6,0,6,0.0,6,59.6,100,88,4.0,8.5,992.4
7109,10/22/2024 5:00,38,0,38,0.0,38,225.5,100,87,4.8,9.6,992.4
7110,10/22/2024 6:00,86,2,84,7.3,86,380.2,100,85,5.6,10.1,991.9
7111,10/22/2024 7:00,121,5,116,14.0,121,494.1,100,82,6.4,10.5,991.5
7112,10/22/2024 8:00,168,10,158,24.7,168,559.5,100,80,7.3,12.1,991.2
7113,10/22/2024 9:00,150,4,146,9.7,150,571.9,100,79,7.7,14.0,990.7
7114,10/22/2024 10:00,180,46,134,119.8,180,530.3,100,77,8.1,14.6,990.3
7115,10/22/2024 11:00,121,2,119,6.3,121,437.7,100,75,8.2,14.6,989.6
7116,10/22/2024 12:00,55,0,55,0.0,55,300.4,100,76,8.0,14.9,988.9
7117,10/22/2024 13:00,18,0,18,0.0,18,127.6,100,85,7.2,14.2,988.1
7118,10/22/2024 14:00,0,0,0,0.0,0,6.1,100,89,6.6,15.7,987.4
7119,10/22/2024 15:00,0,0,0,0.0,0,0.0,100,90,6.3,17.1,986.9
7120,10/22/2024 16:00,0,0,0,0.0,0,0.0,100,89,6.3,17.8,986.1
7121,10/22/2024 17:00,0,0,0,0.0,0,0.0,100,87,6.4,16.2,985.6
7122,10/22/2024 18:00,0,0,0,0.0,0,0.0,100,85,6.6,16.3,984.9
7123,10/22/2024 19:00,0,0,0,0.0,0,0.0,100,84,6.9,16.2,984.0
7124,10/22/2024 20:00,0,0,0,0.0,0,0.0,100,83,7.2,15.2,983.6
7125,10/22/2024 21:00,0,0,0,0.0,0,0.0,48,83,7.3,14.3,983.1
7126,10/22/2024 22:00,0,0,0,0.0,0,0.0,61,90,5.8,13.2,983.4
7127,10/22/2024 23:00,0,0,0,0.0,0,0.0,100,90,5.0,12.2,983.5
7128,10/23/2024 0:00,0,0,0,0.0,0,0.0,100,86,5.3,11.2,983.5
7129,10/23/2024 1:00,0,0,0,0.0,0,0.0,100,85,5.4,10.2,983.6
7130,10/23/2024 2:00,0,0,0,0.0,0,0.0,100,87,5.1,10.2,983.8
7131,10/23/2024 3:00,0,0,0,0.0,0,0.0,100,87,5.2,8.9,983.8
7132,10/23/2024 4:00,7,0,7,0.0,7,56.2,100,85,5.6,9.2,983.9
7133,10/23/2024 5:00,42,2,40,12.6,42,218.8,100,83,6.2,12.0,984.2
7134,10/23/2024 6:00,93,4,89,14.8,93,373.3,80,79,7.0,13.3,984.0
7135,10/23/2024 7:00,215,93,122,264.0,215,487.0,95,76,8.0,12.6,983.5
7136,10/23/2024 8:00,338,209,129,523.2,338,552.2,99,68,9.4,15.1,983.4
7137,10/23/2024 9:00,200,50,150,122.5,200,564.5,100,67,9.6,17.3,982.9
7138,10/23/2024 10:00,130,13,117,34.4,130,522.8,100,66,9.8,16.7,982.7
7139,10/23/2024 11:00,102,4,98,12.9,102,430.2,98,66,9.9,18.0,982.6
7140,10/23/2024 12:00,78,10,68,47.2,78,292.9,100,64,10.1,14.1,982.2
7141,10/23/2024 13:00,29,3,26,26.5,29,120.1,100,65,9.9,13.7,982.1
7142,10/23/2024 14:00,0,0,0,0.0,0,2.3,100,72,8.9,13.2,981.5
7143,10/23/2024 15:00,0,0,0,0.0,0,0.0,100,75,8.8,14.5,981.1
7144,10/23/2024 16:00,0,0,0,0.0,0,0.0,100,78,8.4,14.5,980.2
7145,10/23/2024 17:00,0,0,0,0.0,0,0.0,100,84,7.8,14.2,979.8
7146,10/23/2024 18:00,0,0,0,0.0,0,0.0,100,87,7.8,13.6,979.1
7147,10/23/2024 19:00,0,0,0,0.0,0,0.0,100,90,7.7,11.9,978.5
7148,10/23/2024 20:00,0,0,0,0.0,0,0.0,100,92,7.6,10.1,977.7
7149,10/23/2024 21:00,0,0,0,0.0,0,0.0,100,94,7.4,9.6,976.8
7150,10/23/2024 22:00,0,0,0,0.0,0,0.0,100,96,7.2,8.3,975.8
7151,10/23/2024 23:00,0,0,0,0.0,0,0.0,100,98,7.1,9.8,974.8
7152,10/24/2024 0:00,0,0,0,0.0,0,0.0,100,98,7.1,9.2,973.9
7153,10/24/2024 1:00,0,0,0,0.0,0,0.0,100,98,7.2,11.8,973.0
7154,10/24/2024 2:00,0,0,0,0.0,0,0.0,100,98,7.3,11.1,972.3
7155,10/24/2024 3:00,0,0,0,0.0,0,0.0,100,98,7.6,13.9,971.6
7156,10/24/2024 4:00,2,0,2,0.0,2,52.8,100,96,7.7,21.6,971.7
7157,10/24/2024 5:00,15,0,15,0.0,15,212.0,71,92,7.7,28.1,972.0
7158,10/24/2024 6:00,147,67,80,253.0,147,366.3,38,86,7.4,27.6,972.7
7159,10/24/2024 7:00,224,143,81,412.1,224,479.9,100,81,7.2,26.8,973.3
7160,10/24/2024 8:00,116,15,101,38.1,116,545.0,100,80,6.3,25.8,974.1
7161,10/24/2024 9:00,73,0,73,0.0,73,557.1,100,86,5.1,25.2,974.8
7162,10/24/2024 10:00,37,0,37,0.0,37,515.4,100,90,5.1,22.4,975.6
7163,10/24/2024 11:00,84,12,72,39.3,84,422.7,98,86,6.3,21.2,976.3
7164,10/24/2024 12:00,115,41,74,198.7,115,285.4,54,86,6.4,20.3,977.1
7165,10/24/2024 13:00,36,9,27,81.4,36,112.7,51,89,6.0,18.9,977.5
7166,10/24/2024 14:00,0,0,0,0.0,0,0.0,55,93,5.5,17.2,978.2
7167,10/24/2024 15:00,0,0,0,0.0,0,0.0,64,92,5.6,16.2,978.7
7168,10/24/2024 16:00,0,0,0,0.0,0,0.0,100,93,5.2,16.0,979.2
7169,10/24/2024 17:00,0,0,0,0.0,0,0.0,100,93,5.2,16.0,979.7
7170,10/24/2024 18:00,0,0,0,0.0,0,0.0,100,93,5.4,14.7,979.7
7171,10/24/2024 19:00,0,0,0,0.0,0,0.0,100,93,5.5,14.2,979.9
7172,10/24/2024 20:00,0,0,0,0.0,0,0.0,100,93,5.5,14.3,980.1
7173,10/24/2024 21:00,0,0,0,0.0,0,0.0,100,92,5.3,14.7,980.3
7174,10/24/2024 22:00,0,0,0,0.0,0,0.0,100,92,5.2,12.8,980.5
7175,10/24/2024 23:00,0,0,0,0.0,0,0.0,100,92,5.0,12.5,980.5
7176,10/25/2024 0:00,0,0,0,0.0,0,0.0,100,93,4.8,11.4,980.6
7177,10/25/2024 1:00,0,0,0,0.0,0,0.0,100,92,5.1,11.2,980.4
7178,10/25/2024 2:00,0,0,0,0.0,0,0.0,100,92,4.8,10.8,980.6
7179,10/25/2024 3:00,0,0,0,0.0,0,0.0,100,92,4.6,10.6,980.8
7180,10/25/2024 4:00,6,0,6,0.0,6,49.4,100,92,4.3,9.9,981.2
7181,10/25/2024 5:00,56,2,54,13.5,56,205.3,100,89,4.7,10.9,981.5
7182,10/25/2024 6:00,87,3,84,11.6,87,359.4,100,87,5.1,10.0,981.6
7183,10/25/2024 7:00,89,3,86,8.8,89,472.8,100,85,5.4,7.7,982.1
7184,10/25/2024 8:00,116,3,113,7.7,116,537.7,100,82,5.8,6.9,982.1
7185,10/25/2024 9:00,174,27,147,68.0,174,549.7,95,76,6.4,7.1,982.3
7186,10/25/2024 10:00,156,35,121,95.4,156,507.9,69,75,6.6,7.9,982.6
7187,10/25/2024 11:00,160,73,87,243.3,160,415.3,73,74,6.4,9.2,983.0
7188,10/25/2024 12:00,105,46,59,229.1,105,278.0,40,75,6.3,7.8,983.3
7189,10/25/2024 13:00,34,13,21,120.6,34,105.4,100,81,4.3,4.8,983.4
7190,10/25/2024 14:00,0,0,0,0.0,0,0.0,100,80,4.6,5.9,983.9
7191,10/25/2024 15:00,0,0,0,0.0,0,0.0,100,79,4.9,6.9,984.4
7192,10/25/2024 16:00,0,0,0,0.0,0,0.0,97,83,4.5,7.4,984.7
7193,10/25/2024 17:00,0,0,0,0.0,0,0.0,97,88,3.8,6.3,985.1
7194,10/25/2024 18:00,0,0,0,0.0,0,0.0,90,91,3.4,7.5,985.3
7195,10/25/2024 19:00,0,0,0,0.0,0,0.0,96,92,3.3,7.9,985.5
7196,10/25/2024 20:00,0,0,0,0.0,0,0.0,100,93,3.2,7.2,985.7
7197,10/25/2024 21:00,0,0,0,0.0,0,0.0,100,91,3.5,7.3,986.1
7198,10/25/2024 22:00,0,0,0,0.0,0,0.0,100,91,3.5,5.9,986.1
7199,10/25/2024 23:00,0,0,0,0.0,0,0.0,100,92,3.3,6.9,986.3
7200,10/26/2024 0:00,0,0,0,0.0,0,0.0,100,89,3.2,8.3,986.6
7201,10/26/2024 1:00,0,0,0,0.0,0,0.0,100,85,3.2,8.3,986.9
7202,10/26/2024 2:00,0,0,0,0.0,0,0.0,100,83,2.8,7.6,987.0
7203,10/26/2024 3:00,0,0,0,0.0,0,0.0,100,84,2.2,7.7,987.3
7204,10/26/2024 4:00,5,0,5,0.0,5,46.0,100,84,2.5,8.7,987.7
7205,10/26/2024 5:00,26,0,26,0.0,26,198.5,100,85,2.8,10.0,987.9
7206,10/26/2024 6:00,22,0,22,0.0,22,352.5,100,88,3.0,12.6,987.9
7207,10/26/2024 7:00,38,0,38,0.0,38,465.7,100,86,3.4,11.3,988.1
7208,10/26/2024 8:00,78,5,73,13.1,78,530.5,100,79,3.8,11.1,988.3
7209,10/26/2024 9:00,100,4,96,10.2,100,542.4,100,74,4.0,10.0,988.4
7210,10/26/2024 10:00,102,7,95,19.4,102,500.5,100,68,4.4,8.6,988.6
7211,10/26/2024 11:00,78,3,75,10.2,78,407.9,100,70,4.4,9.9,989.0
7212,10/26/2024 12:00,28,0,28,0.0,28,270.6,100,83,3.5,11.4,989.3
7213,10/26/2024 13:00,12,0,12,0.0,12,98.1,100,89,2.7,11.9,989.1
7214,10/26/2024 14:00,0,0,0,0.0,0,0.0,100,91,2.6,12.6,989.6
7215,10/26/2024 15:00,0,0,0,0.0,0,0.0,100,91,2.4,12.8,990.0
7216,10/26/2024 16:00,0,0,0,0.0,0,0.0,100,91,2.2,12.7,990.2
7217,10/26/2024 17:00,0,0,0,0.0,0,0.0,100,91,2.2,11.1,990.6
7218,10/26/2024 18:00,0,0,0,0.0,0,0.0,100,92,2.0,9.5,990.4
7219,10/26/2024 19:00,0,0,0,0.0,0,0.0,99,94,1.6,8.2,990.4
7220,10/26/2024 20:00,0,0,0,0.0,0,0.0,94,95,1.3,7.5,990.5
7221,10/26/2024 21:00,0,0,0,0.0,0,0.0,71,95,1.1,8.7,990.6
7222,10/26/2024 22:00,0,0,0,0.0,0,0.0,58,96,0.6,7.5,990.3
7223,10/26/2024 23:00,0,0,0,0.0,0,0.0,100,96,-0.3,5.5,990.0
7224,10/27/2024 0:00,0,0,0,0.0,0,0.0,100,97,-1.8,6.6,990.0
7225,10/27/2024 1:00,0,0,0,0.0,0,0.0,98,97,-1.5,5.5,989.9
7226,10/27/2024 2:00,0,0,0,0.0,0,0.0,100,98,-2.2,5.3,989.9
7227,10/27/2024 3:00,0,0,0,0.0,0,0.0,100,97,-2.0,4.8,989.7
7228,10/27/2024 4:00,8,0,8,0.0,8,42.6,99,96,-0.9,3.9,990.0
7229,10/27/2024 5:00,63,10,53,72.2,63,191.8,99,93,-0.1,3.0,990.1
7230,10/27/2024 6:00,120,18,102,72.2,120,345.6,100,90,0.8,2.5,989.8
7231,10/27/2024 7:00,174,43,131,129.9,174,458.6,100,84,1.8,2.6,989.8
7232,10/27/2024 8:00,217,60,157,158.9,217,523.3,100,77,2.7,2.7,989.9
7233,10/27/2024 9:00,144,20,124,51.8,144,535.1,100,74,2.8,3.3,989.6
7234,10/27/2024 10:00,133,11,122,30.9,133,493.2,100,71,3.2,4.9,989.6
7235,10/27/2024 11:00,118,9,109,31.1,118,400.5,100,72,3.2,5.3,989.6
7236,10/27/2024 12:00,72,2,70,10.5,72,263.3,100,75,3.0,5.0,989.5
7237,10/27/2024 13:00,31,9,22,88.0,31,90.9,100,79,2.0,1.4,989.4
7238,10/27/2024 14:00,0,0,0,0.0,0,0.0,100,80,1.9,0.0,989.8
7239,10/27/2024 15:00,0,0,0,0.0,0,0.0,100,89,0.7,2.7,990.0
7240,10/27/2024 16:00,0,0,0,0.0,0,0.0,100,91,0.9,3.1,990.1
7241,10/27/2024 17:00,0,0,0,0.0,0,0.0,100,88,1.2,3.2,990.5
7242,10/27/2024 18:00,0,0,0,0.0,0,0.0,100,88,1.2,3.3,990.6
7243,10/27/2024 19:00,0,0,0,0.0,0,0.0,100,88,1.2,3.5,990.7
7244,10/27/2024 20:00,0,0,0,0.0,0,0.0,100,90,1.0,3.8,990.8
7245,10/27/2024 21:00,0,0,0,0.0,0,0.0,100,90,0.9,5.1,990.9
7246,10/27/2024 22:00,0,0,0,0.0,0,0.0,100,90,0.8,5.3,991.2
7247,10/27/2024 23:00,0,0,0,0.0,0,0.0,100,91,0.4,5.0,991.4
7248,10/28/2024 0:00,0,0,0,0.0,0,0.0,100,92,0.1,4.6,991.4
7249,10/28/2024 1:00,0,0,0,0.0,0,0.0,59,95,-2.1,5.1,991.3
7250,10/28/2024 2:00,0,0,0,0.0,0,0.0,47,95,-2.7,5.2,991.5
7251,10/28/2024 3:00,0,0,0,0.0,0,0.0,37,94,-2.8,5.2,991.8
7252,10/28/2024 4:00,9,3,6,42.0,9,39.2,22,94,-2.3,5.9,992.2
7253,10/28/2024 5:00,90,52,38,385.9,90,185.1,3,91,-0.6,5.6,992.5
7254,10/28/2024 6:00,195,132,63,540.3,195,338.6,8,85,1.0,2.8,992.6
7255,10/28/2024 7:00,278,187,91,574.0,278,451.6,45,77,2.5,3.1,992.7
7256,10/28/2024 8:00,323,204,119,547.9,323,516.1,100,63,3.5,3.1,992.5
7257,10/28/2024 9:00,167,16,151,42.0,167,527.8,100,61,3.4,3.9,992.2
7258,10/28/2024 10:00,129,10,119,28.5,129,485.9,100,60,3.3,3.6,992.0
7259,10/28/2024 11:00,97,9,88,31.7,97,393.2,100,61,3.2,3.6,992.0
7260,10/28/2024 12:00,48,1,47,5.4,48,256.1,100,62,2.8,3.8,992.1
7261,10/28/2024 13:00,11,1,10,10.0,11,83.8,100,69,2.2,5.5,992.5
7262,10/28/2024 14:00,0,0,0,0.0,0,0.0,99,69,1.9,6.8,992.8
7263,10/28/2024 15:00,0,0,0,0.0,0,0.0,96,70,1.7,5.7,992.7
7264,10/28/2024 16:00,0,0,0,0.0,0,0.0,100,82,0.7,5.6,992.5
7265,10/28/2024 17:00,0,0,0,0.0,0,0.0,82,83,-0.1,3.7,992.5
7266,10/28/2024 18:00,0,0,0,0.0,0,0.0,100,83,0.0,5.4,992.3
7267,10/28/2024 19:00,0,0,0,0.0,0,0.0,100,85,-0.1,3.9,992.2
7268,10/28/2024 20:00,0,0,0,0.0,0,0.0,99,83,0.2,2.7,992.0
7269,10/28/2024 21:00,0,0,0,0.0,0,0.0,100,79,0.4,5.1,991.9
7270,10/28/2024 22:00,0,0,0,0.0,0,0.0,100,80,0.2,3.3,992.0
7271,10/28/2024 23:00,0,0,0,0.0,0,0.0,100,78,0.6,5.2,992.0
7272,10/29/2024 0:00,0,0,0,0.0,0,0.0,100,78,0.5,4.4,991.9
7273,10/29/2024 1:00,0,0,0,0.0,0,0.0,100,77,0.8,5.4,992.1
7274,10/29/2024 2:00,0,0,0,0.0,0,0.0,100,78,0.8,5.8,992.0
7275,10/29/2024 3:00,0,0,0,0.0,0,0.0,100,79,0.6,6.2,991.9
7276,10/29/2024 4:00,2,0,2,0.0,2,35.9,100,79,0.8,7.9,992.1
7277,10/29/2024 5:00,14,0,14,0.0,14,178.4,100,77,1.0,9.5,991.9
7278,10/29/2024 6:00,28,0,28,0.0,28,331.8,100,78,1.2,8.0,991.8
7279,10/29/2024 7:00,49,0,49,0.0,49,444.5,100,74,1.8,8.3,991.8
7280,10/29/2024 8:00,78,0,78,0.0,78,508.9,100,69,2.5,10.4,991.6
7281,10/29/2024 9:00,132,11,121,29.3,132,520.6,100,68,3.4,12.5,991.1
7282,10/29/2024 10:00,95,4,91,11.6,95,478.7,100,65,3.8,14.2,990.6
7283,10/29/2024 11:00,85,4,81,14.4,85,386.0,100,66,3.7,15.1,990.2
7284,10/29/2024 12:00,40,0,40,0.0,40,248.9,100,69,2.8,14.0,990.0
7285,10/29/2024 13:00,8,0,8,0.0,8,76.8,100,81,2.7,15.2,989.7
7286,10/29/2024 14:00,0,0,0,0.0,0,0.0,100,81,2.5,14.6,989.8
7287,10/29/2024 15:00,0,0,0,0.0,0,0.0,97,84,2.2,14.1,989.7
7288,10/29/2024 16:00,0,0,0,0.0,0,0.0,100,88,1.8,15.1,989.3
7289,10/29/2024 17:00,0,0,0,0.0,0,0.0,100,88,1.7,15.5,989.1
7290,10/29/2024 18:00,0,0,0,0.0,0,0.0,100,89,1.5,15.7,988.7
7291,10/29/2024 19:00,0,0,0,0.0,0,0.0,100,88,1.5,16.0,988.0
7292,10/29/2024 20:00,0,0,0,0.0,0,0.0,100,84,1.5,16.9,987.6
7293,10/29/2024 21:00,0,0,0,0.0,0,0.0,93,82,1.4,17.7,987.2
7294,10/29/2024 22:00,0,0,0,0.0,0,0.0,100,84,0.7,16.8,986.8
7295,10/29/2024 23:00,0,0,0,0.0,0,0.0,100,82,1.0,16.7,986.7
7296,10/30/2024 0:00,0,0,0,0.0,0,0.0,100,83,0.8,16.4,986.3
7297,10/30/2024 1:00,0,0,0,0.0,0,0.0,91,93,-0.1,16.3,986.0
7298,10/30/2024 2:00,0,0,0,0.0,0,0.0,67,92,0.1,16.9,985.9
7299,10/30/2024 3:00,0,0,0,0.0,0,0.0,95,92,0.0,17.4,985.7
7300,10/30/2024 4:00,6,1,5,15.0,6,32.5,100,91,0.2,17.9,985.9
7301,10/30/2024 5:00,48,1,47,7.7,48,171.7,100,83,1.5,20.8,986.1
7302,10/30/2024 6:00,60,0,60,0.0,60,324.9,100,78,2.0,19.8,986.4
7303,10/30/2024 7:00,57,0,57,0.0,57,437.5,100,77,1.9,18.2,986.7
7304,10/30/2024 8:00,81,0,81,0.0,81,501.8,100,78,2.0,17.9,986.8
7305,10/30/2024 9:00,130,0,130,0.0,130,513.4,100,78,2.2,16.9,986.5
7306,10/30/2024 10:00,130,3,127,8.8,130,471.5,98,79,2.3,15.6,986.3
7307,10/30/2024 11:00,195,95,100,348.0,195,378.9,85,75,2.6,15.4,986.4
7308,10/30/2024 12:00,103,43,60,246.7,103,241.9,100,76,2.2,12.9,986.4
7309,10/30/2024 13:00,9,0,9,0.0,9,72.1,100,85,1.7,13.2,986.5
7310,10/30/2024 14:00,0,0,0,0.0,0,0.0,100,84,1.8,12.4,986.6
7311,10/30/2024 15:00,0,0,0,0.0,0,0.0,100,84,1.7,11.1,986.6
7312,10/30/2024 16:00,0,0,0,0.0,0,0.0,100,86,1.5,11.1,986.5
7313,10/30/2024 17:00,0,0,0,0.0,0,0.0,100,87,1.5,11.6,986.5
7314,10/30/2024 18:00,0,0,0,0.0,0,0.0,100,89,1.5,11.7,986.1
7315,10/30/2024 19:00,0,0,0,0.0,0,0.0,100,92,1.4,12.2,985.9
7316,10/30/2024 20:00,0,0,0,0.0,0,0.0,100,93,1.3,12.0,985.6
7317,10/30/2024 21:00,0,0,0,0.0,0,0.0,100,94,1.3,11.8,985.1
7318,10/30/2024 22:00,0,0,0,0.0,0,0.0,100,95,1.3,11.9,984.7
7319,10/30/2024 23:00,0,0,0,0.0,0,0.0,100,95,1.2,12.1,984.1
7320,10/31/2024 0:00,0,0,0,0.0,0,0.0,100,96,1.2,13.8,983.4
7321,10/31/2024 1:00,0,0,0,0.0,0,0.0,100,98,1.4,14.9,983.4
7322,10/31/2024 2:00,0,0,0,0.0,0,0.0,100,97,1.5,16.5,982.6
7323,10/31/2024 3:00,0,0,0,0.0,0,0.0,100,98,1.6,17.3,982.4
7324,10/31/2024 4:00,1,0,1,0.0,1,29.2,100,100,1.8,21.4,981.2
7325,10/31/2024 5:00,18,0,18,0.0,18,165.0,100,99,2.2,25.4,981.0
7326,10/31/2024 6:00,42,0,42,0.0,42,318.1,100,92,2.8,26.7,980.3
7327,10/31/2024 7:00,89,1,88,3.2,89,430.6,100,82,3.5,28.1,979.6
7328,10/31/2024 8:00,147,13,134,36.5,147,494.8,100,74,3.8,29.9,978.6
7329,10/31/2024 9:00,166,14,152,38.4,166,506.3,100,70,3.8,28.8,977.8
7330,10/31/2024 10:00,129,12,117,35.9,129,464.4,100,71,4.0,29.1,976.4
7331,10/31/2024 11:00,71,0,71,0.0,71,371.8,100,73,3.8,25.1,975.5
7332,10/31/2024 12:00,21,0,21,0.0,21,235.0,100,76,3.5,30.1,974.6
7333,10/31/2024 13:00,4,0,4,0.0,4,68.6,100,82,3.7,30.8,973.5
7334,10/31/2024 14:00,0,0,0,0.0,0,0.0,100,91,3.2,28.5,973.1
7335,10/31/2024 15:00,0,0,0,0.0,0,0.0,100,100,2.2,23.9,972.3
7336,10/31/2024 16:00,0,0,0,0.0,0,0.0,100,99,2.3,22.5,971.4
7337,10/31/2024 17:00,0,0,0,0.0,0,0.0,100,100,2.3,20.5,970.7
7338,10/31/2024 18:00,0,0,0,0.0,0,0.0,100,100,1.7,19.9,970.0
7339,10/31/2024 19:00,0,0,0,0.0,0,0.0,100,100,1.3,17.9,970.1
7340,10/31/2024 20:00,0,0,0,0.0,0,0.0,100,100,0.9,16.1,970.8
7341,10/31/2024 21:00,0,0,0,0.0,0,0.0,100,99,1.0,22.9,971.4
7342,10/31/2024 22:00,0,0,0,0.0,0,0.0,100,94,1.5,20.0,972.3
7343,10/31/2024 23:00,0,0,0,0.0,0,0.0,100,93,1.2,18.4,973.1
7344,11/1/2024 0:00,0,0,0,0.0,0,0.0,100,94,0.9,16.7,973.7
7345,11/1/2024 1:00,0,0,0,0.0,0,0.0,99,93,0.5,19.2,973.7
7346,11/1/2024 2:00,0,0,0,0.0,0,0.0,100,92,0.2,20.2,974.1
7347,11/1/2024 3:00,0,0,0,0.0,0,0.0,95,92,0.1,18.6,974.4
7348,11/1/2024 4:00,3,0,3,0.0,3,25.8,50,90,-0.1,19.4,974.9
7349,11/1/2024 5:00,65,25,40,201.0,65,158.4,81,89,-0.3,20.6,975.9
7350,11/1/2024 6:00,170,99,71,441.7,170,311.3,98,83,0.4,18.6,976.2
7351,11/1/2024 7:00,202,69,133,226.2,202,423.7,100,78,0.9,19.7,976.6
7352,11/1/2024 8:00,184,36,148,102.5,184,487.8,100,73,1.0,20.0,976.9
7353,11/1/2024 9:00,186,33,153,91.8,186,499.3,86,67,1.2,21.3,976.7
7354,11/1/2024 10:00,200,76,124,230.8,200,457.4,81,61,1.7,21.9,976.4
7355,11/1/2024 11:00,128,38,90,144.7,128,364.9,100,59,1.8,20.9,976.3
7356,11/1/2024 12:00,97,32,65,194.9,97,228.1,100,59,1.5,16.7,976.1
7357,11/1/2024 13:00,19,2,17,22.4,19,65.1,100,67,0.3,17.4,975.4
7358,11/1/2024 14:00,0,0,0,0.0,0,0.0,100,69,0.2,19.9,974.4
7359,11/1/2024 15:00,0,0,0,0.0,0,0.0,100,72,0.3,22.6,973.3
7360,11/1/2024 16:00,0,0,0,0.0,0,0.0,100,74,0.6,24.7,972.1
7361,11/1/2024 17:00,0,0,0,0.0,0,0.0,100,74,1.1,27.5,971.2
7362,11/1/2024 18:00,0,0,0,0.0,0,0.0,100,76,1.4,29.5,969.9
7363,11/1/2024 19:00,0,0,0,0.0,0,0.0,100,80,1.5,29.2,968.5
7364,11/1/2024 20:00,0,0,0,0.0,0,0.0,100,87,1.4,28.7,967.0
7365,11/1/2024 21:00,0,0,0,0.0,0,0.0,100,93,1.1,27.7,965.4
7366,11/1/2024 22:00,0,0,0,0.0,0,0.0,100,96,1.1,26.0,963.7
7367,11/1/2024 23:00,0,0,0,0.0,0,0.0,100,97,1.1,27.1,961.9
7368,11/2/2024 0:00,0,0,0,0.0,0,0.0,100,97,1.1,27.5,960.4
7369,11/2/2024 1:00,0,0,0,0.0,0,0.0,100,100,0.9,25.1,958.7
7370,11/2/2024 2:00,0,0,0,0.0,0,0.0,100,97,2.4,26.3,956.9
7371,11/2/2024 3:00,0,0,0,0.0,0,0.0,100,96,3.8,26.0,955.5
7372,11/2/2024 4:00,0,0,0,0.0,0,22.6,100,96,4.7,27.2,954.3
7373,11/2/2024 5:00,6,0,6,0.0,6,151.9,100,96,5.4,27.8,953.4
7374,11/2/2024 6:00,16,0,16,0.0,16,304.6,100,97,6.1,27.8,952.8
7375,11/2/2024 7:00,51,0,51,0.0,51,416.9,100,94,7.2,29.9,952.7
7376,11/2/2024 8:00,41,1,40,2.9,41,480.9,100,94,7.7,30.8,952.6
7377,11/2/2024 9:00,103,13,90,36.7,103,492.4,95,89,8.6,30.5,952.3
7378,11/2/2024 10:00,152,46,106,141.9,152,450.5,97,85,8.4,35.5,952.3
7379,11/2/2024 11:00,55,4,51,15.5,55,358.1,99,88,8.2,29.0,952.1
7380,11/2/2024 12:00,40,2,38,12.6,40,221.4,100,86,7.3,32.6,952.1
7381,11/2/2024 13:00,9,2,7,23.0,9,61.6,100,88,6.6,26.4,951.8
7382,11/2/2024 14:00,0,0,0,0.0,0,0.0,77,90,5.9,30.4,952.0
7383,11/2/2024 15:00,0,0,0,0.0,0,0.0,99,93,3.2,27.3,954.2
7384,11/2/2024 16:00,0,0,0,0.0,0,0.0,100,90,1.6,29.2,956.5
7385,11/2/2024 17:00,0,0,0,0.0,0,0.0,100,87,0.1,26.2,959.1
7386,11/2/2024 18:00,0,0,0,0.0,0,0.0,100,86,-0.7,25.6,961.3
7387,11/2/2024 19:00,0,0,0,0.0,0,0.0,100,84,-1.4,26.5,963.2
7388,11/2/2024 20:00,0,0,0,0.0,0,0.0,100,78,-1.9,27.2,965.0
7389,11/2/2024 21:00,0,0,0,0.0,0,0.0,81,76,-2.5,25.6,966.4
7390,11/2/2024 22:00,0,0,0,0.0,0,0.0,96,74,-3.0,23.9,967.9
7391,11/2/2024 23:00,0,0,0,0.0,0,0.0,99,71,-3.3,25.2,969.2
7392,11/3/2024 0:00,0,0,0,0.0,0,0.0,100,69,-3.3,23.0,970.3
7393,11/3/2024 1:00,0,0,0,0.0,0,0.0,97,69,-2.8,19.9,970.1
7394,11/3/2024 2:00,0,0,0,0.0,0,0.0,55,67,-2.8,22.5,970.8
7395,11/3/2024 3:00,0,0,0,0.0,0,0.0,100,66,-3.0,23.2,971.3
7396,11/3/2024 4:00,2,0,2,0.0,2,19.3,100,67,-2.7,21.2,972.0
7397,11/3/2024 5:00,38,2,36,16.8,38,145.4,77,68,-2.4,22.2,972.8
7398,11/3/2024 6:00,113,35,78,163.3,113,298.0,100,64,-1.9,27.7,973.5
7399,11/3/2024 7:00,117,19,98,64.4,117,410.1,100,61,-1.5,27.4,974.3
7400,11/3/2024 8:00,94,5,89,14.7,94,474.1,100,61,-1.5,25.3,975.1
7401,11/3/2024 9:00,91,2,89,5.7,91,485.5,100,60,-1.4,24.8,975.5
7402,11/3/2024 10:00,89,2,87,6.3,89,443.7,100,59,-1.4,24.0,976.1
7403,11/3/2024 11:00,105,17,88,67.3,105,351.4,99,57,-1.3,25.4,976.5
7404,11/3/2024 12:00,48,1,47,6.5,48,214.9,100,58,-1.5,24.4,977.0
7405,11/3/2024 13:00,8,0,8,0.0,8,58.3,80,62,-1.6,21.0,977.3
7406,11/3/2024 14:00,0,0,0,0.0,0,0.0,85,64,-2.0,21.1,977.8
7407,11/3/2024 15:00,0,0,0,0.0,0,0.0,100,67,-2.4,19.4,978.1
7408,11/3/2024 16:00,0,0,0,0.0,0,0.0,96,68,-2.5,18.6,978.2
7409,11/3/2024 17:00,0,0,0,0.0,0,0.0,78,69,-2.4,17.9,978.4
7410,11/3/2024 18:00,0,0,0,0.0,0,0.0,81,74,-2.8,15.7,978.7
7411,11/3/2024 19:00,0,0,0,0.0,0,0.0,71,77,-2.9,15.0,978.9
7412,11/3/2024 20:00,0,0,0,0.0,0,0.0,93,78,-2.8,14.0,978.9
7413,11/3/2024 21:00,0,0,0,0.0,0,0.0,99,77,-2.7,14.1,978.9
7414,11/3/2024 22:00,0,0,0,0.0,0,0.0,100,78,-2.2,13.7,979.0
7415,11/3/2024 23:00,0,0,0,0.0,0,0.0,100,78,-2.2,14.5,978.8
7416,11/4/2024 0:00,0,0,0,0.0,0,0.0,99,79,-2.3,15.0,978.7
7417,11/4/2024 1:00,0,0,0,0.0,0,0.0,100,82,-2.5,13.6,978.7
7418,11/4/2024 2:00,0,0,0,0.0,0,0.0,97,77,-2.5,15.8,978.7
7419,11/4/2024 3:00,0,0,0,0.0,0,0.0,100,73,-2.8,16.5,978.9
7420,11/4/2024 4:00,1,0,1,0.0,1,16.1,91,74,-2.8,16.2,979.3
7421,11/4/2024 5:00,41,7,34,59.9,41,138.9,100,69,-2.2,17.1,979.5
7422,11/4/2024 6:00,88,16,72,76.4,88,291.4,96,65,-1.8,15.4,979.7
7423,11/4/2024 7:00,133,26,107,89.7,133,403.4,71,70,-1.5,14.2,979.9
7424,11/4/2024 8:00,235,112,123,333.4,235,467.3,61,71,-1.0,16.2,980.0
7425,11/4/2024 9:00,255,149,106,432.9,255,478.8,71,67,-0.6,16.2,979.7
7426,11/4/2024 10:00,237,133,104,423.4,237,437.0,77,66,-0.6,13.8,979.6
7427,11/4/2024 11:00,146,51,95,205.8,146,344.8,94,65,-1.0,12.6,979.8
7428,11/4/2024 12:00,62,9,53,60.1,62,208.4,98,64,-1.4,11.3,979.9
7429,11/4/2024 13:00,17,6,11,73.0,17,55.0,56,82,-4.0,7.4,979.7
7430,11/4/2024 14:00,0,0,0,0.0,0,0.0,100,82,-4.1,5.6,980.0
7431,11/4/2024 15:00,0,0,0,0.0,0,0.0,100,82,-3.5,8.2,980.3
7432,11/4/2024 16:00,0,0,0,0.0,0,0.0,100,85,-3.6,7.1,980.1
7433,11/4/2024 17:00,0,0,0,0.0,0,0.0,100,87,-3.6,8.1,980.2
7434,11/4/2024 18:00,0,0,0,0.0,0,0.0,100,86,-3.2,8.2,980.1
7435,11/4/2024 19:00,0,0,0,0.0,0,0.0,100,87,-3.1,8.7,979.9
7436,11/4/2024 20:00,0,0,0,0.0,0,0.0,100,85,-2.9,10.3,979.8
7437,11/4/2024 21:00,0,0,0,0.0,0,0.0,100,83,-2.8,11.1,979.6
7438,11/4/2024 22:00,0,0,0,0.0,0,0.0,100,84,-2.5,10.8,979.4
7439,11/4/2024 23:00,0,0,0,0.0,0,0.0,100,86,-2.5,10.1,979.1
7440,11/5/2024 0:00,0,0,0,0.0,0,0.0,100,88,-2.5,10.4,978.6
7441,11/5/2024 1:00,0,0,0,0.0,0,0.0,100,86,-2.2,12.4,978.4
7442,11/5/2024 2:00,0,0,0,0.0,0,0.0,100,85,-2.3,12.2,978.0
7443,11/5/2024 3:00,0,0,0,0.0,0,0.0,100,85,-2.5,13.2,977.6
7444,11/5/2024 4:00,1,0,1,0.0,1,12.9,100,84,-2.5,12.6,977.8
7445,11/5/2024 5:00,23,0,23,0.0,23,132.5,100,78,-2.0,14.0,977.7
7446,11/5/2024 6:00,97,10,87,48.9,97,284.9,100,72,-1.6,14.7,977.5
7447,11/5/2024 7:00,174,34,140,119.3,174,396.8,100,66,-1.1,14.5,977.3
7448,11/5/2024 8:00,228,73,155,220.6,228,460.7,100,60,-0.4,14.3,976.9
7449,11/5/2024 9:00,230,75,155,221.1,230,472.2,100,57,-0.1,15.4,976.3
7450,11/5/2024 10:00,183,33,150,106.7,183,430.4,100,56,-0.1,16.4,976.3
7451,11/5/2024 11:00,100,3,97,12.3,100,338.3,100,55,-0.2,16.7,976.0
7452,11/5/2024 12:00,49,0,49,0.0,49,202.1,100,58,-0.7,17.2,975.7
7453,11/5/2024 13:00,11,0,11,0.0,11,51.8,100,68,-2.5,18.8,975.4
7454,11/5/2024 14:00,0,0,0,0.0,0,0.0,100,72,-2.8,20.3,975.5
7455,11/5/2024 15:00,0,0,0,0.0,0,0.0,100,73,-3.0,20.6,975.3
7456,11/5/2024 16:00,0,0,0,0.0,0,0.0,100,73,-3.1,21.1,975.3
7457,11/5/2024 17:00,0,0,0,0.0,0,0.0,100,73,-3.1,21.1,975.1
7458,11/5/2024 18:00,0,0,0,0.0,0,0.0,100,72,-3.2,22.2,975.0
7459,11/5/2024 19:00,0,0,0,0.0,0,0.0,100,74,-3.5,23.2,974.5
7460,11/5/2024 20:00,0,0,0,0.0,0,0.0,100,74,-3.7,24.4,974.2
7461,11/5/2024 21:00,0,0,0,0.0,0,0.0,100,74,-4.1,24.8,974.1
7462,11/5/2024 22:00,0,0,0,0.0,0,0.0,100,76,-4.3,24.9,974.1
7463,11/5/2024 23:00,0,0,0,0.0,0,0.0,100,79,-4.5,24.4,974.4
7464,11/6/2024 0:00,0,0,0,0.0,0,0.0,100,79,-4.6,24.4,974.7
7465,11/6/2024 1:00,0,0,0,0.0,0,0.0,100,79,-4.7,24.8,974.4
7466,11/6/2024 2:00,0,0,0,0.0,0,0.0,100,79,-5.0,24.4,974.7
7467,11/6/2024 3:00,0,0,0,0.0,0,0.0,100,77,-5.2,24.2,974.9
7468,11/6/2024 4:00,1,0,1,0.0,1,9.7,100,79,-5.6,26.3,975.6
7469,11/6/2024 5:00,29,0,29,0.0,29,126.2,100,77,-5.7,27.0,976.1
7470,11/6/2024 6:00,96,7,89,35.0,96,278.4,100,75,-5.6,26.8,976.5
7471,11/6/2024 7:00,147,23,124,82.1,147,390.3,100,71,-5.2,26.7,977.5
7472,11/6/2024 8:00,170,18,152,55.2,170,454.2,100,67,-4.7,27.4,978.3
7473,11/6/2024 9:00,166,18,148,53.8,166,465.7,100,65,-4.3,26.5,978.8
7474,11/6/2024 10:00,161,18,143,59.1,161,424.0,100,64,-4.3,25.4,979.3
7475,11/6/2024 11:00,146,30,116,125.8,146,332.0,100,63,-4.2,24.1,980.1
7476,11/6/2024 12:00,84,20,64,142.1,84,196.0,59,64,-4.7,21.0,980.8
7477,11/6/2024 13:00,11,2,9,25.7,11,48.7,45,67,-5.6,19.9,980.8
7478,11/6/2024 14:00,0,0,0,0.0,0,0.0,2,70,-6.3,19.5,981.6
7479,11/6/2024 15:00,0,0,0,0.0,0,0.0,3,74,-7.2,18.2,982.0
7480,11/6/2024 16:00,0,0,0,0.0,0,0.0,0,74,-7.6,16.7,982.6
7481,11/6/2024 17:00,0,0,0,0.0,0,0.0,0,76,-7.9,15.2,983.3
7482,11/6/2024 18:00,0,0,0,0.0,0,0.0,1,77,-8.2,14.7,983.9
7483,11/6/2024 19:00,0,0,0,0.0,0,0.0,99,79,-8.1,14.7,984.2
7484,11/6/2024 20:00,0,0,0,0.0,0,0.0,100,78,-7.6,13.1,984.7
7485,11/6/2024 21:00,0,0,0,0.0,0,0.0,100,74,-6.8,15.0,985.3
7486,11/6/2024 22:00,0,0,0,0.0,0,0.0,100,72,-6.3,15.6,985.6
7487,11/6/2024 23:00,0,0,0,0.0,0,0.0,100,72,-6.1,9.7,985.8
7488,11/7/2024 0:00,0,0,0,0.0,0,0.0,100,74,-6.1,9.3,985.9
7489,11/7/2024 1:00,0,0,0,0.0,0,0.0,100,75,-6.1,8.8,985.2
7490,11/7/2024 2:00,0,0,0,0.0,0,0.0,100,78,-5.6,10.7,985.3
7491,11/7/2024 3:00,0,0,0,0.0,0,0.0,100,82,-5.2,11.8,985.6
7492,11/7/2024 4:00,0,0,0,0.0,0,6.6,100,81,-4.8,10.5,986.0
7493,11/7/2024 5:00,22,0,22,0.0,22,120.0,100,76,-4.3,9.0,986.3
7494,11/7/2024 6:00,83,9,74,46.1,83,272.1,100,73,-3.7,12.5,986.4
7495,11/7/2024 7:00,98,0,98,0.0,98,383.9,100,68,-3.3,14.1,986.7
7496,11/7/2024 8:00,104,1,103,3.1,104,447.7,100,65,-3.0,15.2,986.6
7497,11/7/2024 9:00,94,1,93,3.0,94,459.3,100,64,-3.0,15.5,986.6
7498,11/7/2024 10:00,94,2,92,6.7,94,417.7,100,63,-3.0,14.2,986.9
7499,11/7/2024 11:00,75,3,72,12.8,75,325.9,100,63,-3.1,13.1,987.2
7500,11/7/2024 12:00,41,1,40,7.3,41,190.0,100,65,-3.2,11.3,987.7
7501,11/7/2024 13:00,5,0,5,0.0,5,45.7,100,76,-3.7,7.4,987.9
7502,11/7/2024 14:00,0,0,0,0.0,0,0.0,100,79,-3.7,9.4,988.3
7503,11/7/2024 15:00,0,0,0,0.0,0,0.0,100,82,-3.9,8.5,988.7
7504,11/7/2024 16:00,0,0,0,0.0,0,0.0,55,84,-3.8,10.5,988.8
7505,11/7/2024 17:00,0,0,0,0.0,0,0.0,77,91,-5.6,8.9,989.3
7506,11/7/2024 18:00,0,0,0,0.0,0,0.0,100,92,-5.1,8.9,989.6
7507,11/7/2024 19:00,0,0,0,0.0,0,0.0,100,89,-4.0,10.2,989.8
7508,11/7/2024 20:00,0,0,0,0.0,0,0.0,100,88,-3.6,10.8,990.1
7509,11/7/2024 21:00,0,0,0,0.0,0,0.0,100,88,-3.2,11.0,990.3
7510,11/7/2024 22:00,0,0,0,0.0,0,0.0,100,88,-3.3,11.1,990.0
7511,11/7/2024 23:00,0,0,0,0.0,0,0.0,100,91,-3.6,10.4,989.9
7512,11/8/2024 0:00,0,0,0,0.0,0,0.0,100,89,-3.2,12.3,990.5
7513,11/8/2024 1:00,0,0,0,0.0,0,0.0,100,90,-2.7,12.5,990.0
7514,11/8/2024 2:00,0,0,0,0.0,0,0.0,100,90,-2.5,12.5,990.4
7515,11/8/2024 3:00,0,0,0,0.0,0,0.0,100,91,-2.2,12.7,990.5
7516,11/8/2024 4:00,0,0,0,0.0,0,3.5,100,91,-2.0,13.0,990.9
7517,11/8/2024 5:00,14,0,14,0.0,14,113.9,100,88,-1.5,12.5,991.2
7518,11/8/2024 6:00,54,0,54,0.0,54,265.8,100,85,-1.1,12.7,991.7
7519,11/8/2024 7:00,76,1,75,3.7,76,377.6,100,83,-0.8,12.3,992.2
7520,11/8/2024 8:00,55,0,55,0.0,55,441.4,100,85,-0.7,10.7,992.6
7521,11/8/2024 9:00,66,4,62,12.3,66,453.0,100,85,-0.4,10.7,992.8
7522,11/8/2024 10:00,74,1,73,3.4,74,411.6,100,85,-0.1,9.5,993.4
7523,11/8/2024 11:00,67,4,63,17.4,67,319.9,100,80,0.3,9.2,993.9
7524,11/8/2024 12:00,35,1,34,7.6,35,184.2,100,82,0.1,7.3,994.4
7525,11/8/2024 13:00,4,0,4,0.0,4,42.8,100,84,-0.6,6.7,994.5
7526,11/8/2024 14:00,0,0,0,0.0,0,0.0,100,88,-0.8,7.1,995.2
7527,11/8/2024 15:00,0,0,0,0.0,0,0.0,100,90,-0.9,8.4,995.5
7528,11/8/2024 16:00,0,0,0,0.0,0,0.0,100,92,-1.0,9.6,995.2
7529,11/8/2024 17:00,0,0,0,0.0,0,0.0,100,92,-1.3,10.2,995.9
7530,11/8/2024 18:00,0,0,0,0.0,0,0.0,100,88,-1.5,10.4,995.9
7531,11/8/2024 19:00,0,0,0,0.0,0,0.0,100,85,-1.5,11.3,995.6
7532,11/8/2024 20:00,0,0,0,0.0,0,0.0,100,81,-1.6,12.2,995.3
7533,11/8/2024 21:00,0,0,0,0.0,0,0.0,82,82,-1.9,12.7,995.2
7534,11/8/2024 22:00,0,0,0,0.0,0,0.0,94,86,-2.4,13.2,994.6
7535,11/8/2024 23:00,0,0,0,0.0,0,0.0,100,90,-2.8,14.6,994.1
7536,11/9/2024 0:00,0,0,0,0.0,0,0.0,100,89,-1.5,16.8,993.7
7537,11/9/2024 1:00,0,0,0,0.0,0,0.0,100,92,-0.8,20.3,992.4
7538,11/9/2024 2:00,0,0,0,0.0,0,0.0,100,93,-0.6,21.4,991.2
7539,11/9/2024 3:00,0,0,0,0.0,0,0.0,100,93,-0.3,22.4,990.4
7540,11/9/2024 4:00,0,0,0,0.0,0,0.5,100,93,-0.2,23.6,989.4
7541,11/9/2024 5:00,10,0,10,0.0,10,107.8,100,92,0.1,24.0,989.1
7542,11/9/2024 6:00,24,0,24,0.0,24,259.6,100,92,0.2,24.1,988.7
7543,11/9/2024 7:00,46,0,46,0.0,46,371.3,100,91,0.5,24.2,988.1
7544,11/9/2024 8:00,49,0,49,0.0,49,435.2,100,91,0.6,22.8,987.3
7545,11/9/2024 9:00,64,3,61,9.4,64,446.8,100,90,0.9,24.7,986.8
7546,11/9/2024 10:00,56,1,55,3.4,56,405.5,100,90,1.2,22.6,986.3
7547,11/9/2024 11:00,46,1,45,4.4,46,314.0,100,91,1.2,23.4,985.7
7548,11/9/2024 12:00,23,0,23,0.0,23,178.5,100,93,1.2,23.0,984.9
7549,11/9/2024 13:00,2,0,2,0.0,2,39.9,100,95,1.1,20.7,983.9
7550,11/9/2024 14:00,0,0,0,0.0,0,0.0,100,97,1.3,20.7,983.7
7551,11/9/2024 15:00,0,0,0,0.0,0,0.0,100,97,1.5,21.1,983.1
7552,11/9/2024 16:00,0,0,0,0.0,0,0.0,100,97,1.6,21.3,982.8
7553,11/9/2024 17:00,0,0,0,0.0,0,0.0,100,97,1.6,21.8,982.3
7554,11/9/2024 18:00,0,0,0,0.0,0,0.0,100,96,1.6,21.3,981.9
7555,11/9/2024 19:00,0,0,0,0.0,0,0.0,100,95,1.5,21.1,981.5
7556,11/9/2024 20:00,0,0,0,0.0,0,0.0,100,94,1.3,20.4,981.6
7557,11/9/2024 21:00,0,0,0,0.0,0,0.0,100,94,1.4,19.6,981.7
7558,11/9/2024 22:00,0,0,0,0.0,0,0.0,100,95,1.5,19.0,981.8
7559,11/9/2024 23:00,0,0,0,0.0,0,0.0,100,95,1.6,18.6,982.1
7560,11/10/2024 0:00,0,0,0,0.0,0,0.0,100,95,1.8,18.4,982.5
7561,11/10/2024 1:00,0,0,0,0.0,0,0.0,100,92,2.4,18.9,982.2
7562,11/10/2024 2:00,0,0,0,0.0,0,0.0,100,92,2.3,18.8,982.6
7563,11/10/2024 3:00,0,0,0,0.0,0,0.0,99,94,2.2,19.2,982.9
7564,11/10/2024 4:00,0,0,0,0.0,0,0.0,88,94,2.0,19.6,983.4
7565,11/10/2024 5:00,16,2,14,19.5,16,101.7,32,92,2.2,20.1,984.0
7566,11/10/2024 6:00,85,38,47,209.2,85,253.4,68,91,2.5,18.7,984.5
7567,11/10/2024 7:00,133,46,87,175.8,133,365.1,100,87,3.0,21.3,984.8
7568,11/10/2024 8:00,67,3,64,9.8,67,429.0,99,89,2.7,20.4,985.3
7569,11/10/2024 9:00,141,20,121,63.3,141,440.7,100,86,3.1,21.2,985.5
7570,11/10/2024 10:00,62,2,60,7.0,62,399.5,100,87,2.8,21.1,986.0
7571,11/10/2024 11:00,18,0,18,0.0,18,308.2,100,90,2.2,20.8,986.4
7572,11/10/2024 12:00,15,0,15,0.0,15,172.9,100,90,2.0,19.6,987.1
7573,11/10/2024 13:00,2,0,2,0.0,2,37.1,100,92,1.8,18.9,987.1
7574,11/10/2024 14:00,0,0,0,0.0,0,0.0,100,89,1.5,19.0,988.0
7575,11/10/2024 15:00,0,0,0,0.0,0,0.0,100,93,1.0,16.5,988.9
7576,11/10/2024 16:00,0,0,0,0.0,0,0.0,100,92,0.8,15.9,989.7
7577,11/10/2024 17:00,0,0,0,0.0,0,0.0,78,87,-0.2,15.9,990.8
7578,11/10/2024 18:00,0,0,0,0.0,0,0.0,96,90,-1.5,11.9,991.6
7579,11/10/2024 19:00,0,0,0,0.0,0,0.0,1,84,-2.0,12.1,992.4
7580,11/10/2024 20:00,0,0,0,0.0,0,0.0,0,88,-3.5,10.3,993.0
7581,11/10/2024 21:00,0,0,0,0.0,0,0.0,0,88,-4.3,9.1,993.6
7582,11/10/2024 22:00,0,0,0,0.0,0,0.0,0,88,-4.7,8.6,994.2
7583,11/10/2024 23:00,0,0,0,0.0,0,0.0,0,89,-5.0,7.9,994.7
7584,11/11/2024 0:00,0,0,0,0.0,0,0.0,0,89,-5.2,7.4,995.1
7585,11/11/2024 1:00,0,0,0,0.0,0,0.0,0,89,-5.6,7.5,995.5
7586,11/11/2024 2:00,0,0,0,0.0,0,0.0,0,90,-5.8,7.8,996.0
7587,11/11/2024 3:00,0,0,0,0.0,0,0.0,0,90,-5.8,8.6,996.3
7588,11/11/2024 4:00,0,0,0,0.0,0,0.0,30,91,-5.8,9.5,996.9
7589,11/11/2024 5:00,44,23,21,229.2,44,95.6,6,88,-4.9,9.5,997.0
7590,11/11/2024 6:00,143,95,48,536.3,143,247.3,31,82,-3.6,10.7,997.3
7591,11/11/2024 7:00,227,165,62,641.7,227,358.9,29,75,-2.3,12.8,997.7
7592,11/11/2024 8:00,281,211,70,696.6,281,422.8,22,70,-1.2,14.1,997.6
7593,11/11/2024 9:00,284,209,75,671.2,284,434.6,47,66,-0.6,14.1,997.6
7594,11/11/2024 10:00,246,169,77,599.4,246,393.6,4,64,-0.2,13.6,997.6
7595,11/11/2024 11:00,185,131,54,604.6,185,302.5,18,64,-0.3,12.7,997.8
7596,11/11/2024 12:00,86,50,36,401.3,86,167.4,7,72,-1.5,9.1,998.1
7597,11/11/2024 13:00,6,0,6,0.0,6,34.3,100,79,-2.3,8.1,998.7
7598,11/11/2024 14:00,0,0,0,0.0,0,0.0,99,84,-2.5,7.1,998.9
7599,11/11/2024 15:00,0,0,0,0.0,0,0.0,100,83,-2.0,7.0,999.2
7600,11/11/2024 16:00,0,0,0,0.0,0,0.0,100,83,-1.8,6.7,999.4
7601,11/11/2024 17:00,0,0,0,0.0,0,0.0,99,84,-1.8,6.8,999.6
7602,11/11/2024 18:00,0,0,0,0.0,0,0.0,48,84,-2.1,6.4,999.6
7603,11/11/2024 19:00,0,0,0,0.0,0,0.0,81,89,-3.5,5.2,999.7
7604,11/11/2024 20:00,0,0,0,0.0,0,0.0,100,86,-2.7,5.9,1000.1
7605,11/11/2024 21:00,0,0,0,0.0,0,0.0,100,83,-2.2,6.5,1000.3
7606,11/11/2024 22:00,0,0,0,0.0,0,0.0,100,83,-2.1,6.3,1000.3
7607,11/11/2024 23:00,0,0,0,0.0,0,0.0,98,84,-2.6,4.7,1000.4
7608,11/12/2024 0:00,0,0,0,0.0,0,0.0,90,88,-3.8,4.4,1000.4
7609,11/12/2024 1:00,0,0,0,0.0,0,0.0,67,80,-3.4,7.0,1000.6
7610,11/12/2024 2:00,0,0,0,0.0,0,0.0,100,84,-4.4,5.2,1000.6
7611,11/12/2024 3:00,0,0,0,0.0,0,0.0,100,75,-3.1,6.8,1000.7
7612,11/12/2024 4:00,0,0,0,0.0,0,0.0,34,77,-2.8,10.0,1000.8
7613,11/12/2024 5:00,32,12,20,122.4,32,89.5,100,75,-2.7,8.5,1000.7
7614,11/12/2024 6:00,85,10,75,57.9,85,241.1,99,69,-1.6,12.5,1000.7
7615,11/12/2024 7:00,122,26,96,102.9,122,352.7,99,66,-1.1,15.1,1000.6
7616,11/12/2024 8:00,93,6,87,20.1,93,416.7,100,62,-1.0,15.7,1000.2
7617,11/12/2024 9:00,118,15,103,48.9,118,428.7,100,63,-0.8,18.8,999.9
7618,11/12/2024 10:00,86,1,85,3.6,86,387.8,100,64,-0.6,18.3,999.3
7619,11/12/2024 11:00,85,7,78,32.9,85,296.8,100,62,-0.4,19.4,999.2
7620,11/12/2024 12:00,26,0,26,0.0,26,162.0,100,68,-0.9,16.6,999.0
7621,11/12/2024 13:00,2,0,2,0.0,2,31.6,100,77,-0.9,19.3,998.6
7622,11/12/2024 14:00,0,0,0,0.0,0,0.0,100,75,-0.9,20.5,998.6
7623,11/12/2024 15:00,0,0,0,0.0,0,0.0,100,73,-0.9,21.3,998.5
7624,11/12/2024 16:00,0,0,0,0.0,0,0.0,72,74,-1.0,21.8,998.2
7625,11/12/2024 17:00,0,0,0,0.0,0,0.0,15,81,-2.2,20.8,998.1
7626,11/12/2024 18:00,0,0,0,0.0,0,0.0,11,84,-2.8,19.4,997.8
7627,11/12/2024 19:00,0,0,0,0.0,0,0.0,17,84,-3.2,18.4,997.8
7628,11/12/2024 20:00,0,0,0,0.0,0,0.0,43,85,-3.5,17.3,997.7
7629,11/12/2024 21:00,0,0,0,0.0,0,0.0,72,86,-3.8,16.1,997.4
7630,11/12/2024 22:00,0,0,0,0.0,0,0.0,100,87,-4.1,15.3,997.3
7631,11/12/2024 23:00,0,0,0,0.0,0,0.0,100,87,-4.2,14.7,997.2
7632,11/13/2024 0:00,0,0,0,0.0,0,0.0,100,84,-3.6,14.7,997.0
7633,11/13/2024 1:00,0,0,0,0.0,0,0.0,100,84,-3.0,13.0,996.6
7634,11/13/2024 2:00,0,0,0,0.0,0,0.0,100,84,-3.0,12.2,996.3
7635,11/13/2024 3:00,0,0,0,0.0,0,0.0,100,83,-2.7,12.1,996.3
7636,11/13/2024 4:00,0,0,0,0.0,0,0.0,100,84,-2.7,11.0,996.1
7637,11/13/2024 5:00,13,0,13,0.0,13,83.5,100,82,-2.2,9.7,996.0
7638,11/13/2024 6:00,42,1,41,5.9,42,235.1,100,80,-1.7,12.5,995.8
7639,11/13/2024 7:00,54,0,54,0.0,54,346.6,100,78,-1.4,13.7,995.6
7640,11/13/2024 8:00,77,1,76,3.4,77,410.7,100,73,-1.0,14.3,995.4
7641,11/13/2024 9:00,63,0,63,0.0,63,422.7,100,71,-1.1,14.3,995.0
7642,11/13/2024 10:00,71,2,69,7.3,71,382.0,100,70,-1.2,15.2,994.6
7643,11/13/2024 11:00,54,4,50,19.2,54,291.3,100,71,-1.4,15.5,994.3
7644,11/13/2024 12:00,26,0,26,0.0,26,156.8,100,72,-1.6,13.5,994.1
7645,11/13/2024 13:00,2,0,2,0.0,2,29.0,100,82,-2.1,10.9,993.9
7646,11/13/2024 14:00,0,0,0,0.0,0,0.0,100,86,-2.2,11.7,993.8
7647,11/13/2024 15:00,0,0,0,0.0,0,0.0,100,84,-2.3,13.4,993.5
7648,11/13/2024 16:00,0,0,0,0.0,0,0.0,100,86,-2.5,13.6,993.0
7649,11/13/2024 17:00,0,0,0,0.0,0,0.0,100,87,-2.5,13.1,992.9
7650,11/13/2024 18:00,0,0,0,0.0,0,0.0,100,88,-2.5,13.2,992.7
7651,11/13/2024 19:00,0,0,0,0.0,0,0.0,100,89,-2.4,12.1,992.5
7652,11/13/2024 20:00,0,0,0,0.0,0,0.0,100,89,-2.2,12.0,992.4
7653,11/13/2024 21:00,0,0,0,0.0,0,0.0,100,90,-2.2,11.5,992.1
7654,11/13/2024 22:00,0,0,0,0.0,0,0.0,100,91,-2.0,11.9,992.1
7655,11/13/2024 23:00,0,0,0,0.0,0,0.0,100,90,-1.8,13.0,991.8
7656,11/14/2024 0:00,0,0,0,0.0,0,0.0,100,90,-1.5,14.6,991.8
7657,11/14/2024 1:00,0,0,0,0.0,0,0.0,100,92,-1.8,14.2,991.6
7658,11/14/2024 2:00,0,0,0,0.0,0,0.0,100,92,-1.7,11.9,991.7
7659,11/14/2024 3:00,0,0,0,0.0,0,0.0,100,92,-1.6,11.8,991.7
7660,11/14/2024 4:00,0,0,0,0.0,0,0.0,100,92,-1.5,12.4,991.5
7661,11/14/2024 5:00,9,0,9,0.0,9,77.5,100,92,-1.2,12.6,991.6
7662,11/14/2024 6:00,38,0,38,0.0,38,229.0,100,90,-0.7,13.5,991.4
7663,11/14/2024 7:00,74,0,74,0.0,74,340.6,100,87,-0.1,14.9,991.7
7664,11/14/2024 8:00,80,0,80,0.0,80,404.7,100,83,0.3,15.2,991.8
7665,11/14/2024 9:00,84,2,82,6.7,84,416.9,100,81,0.5,15.7,991.6
7666,11/14/2024 10:00,63,0,63,0.0,63,376.4,100,81,0.4,16.3,991.5
7667,11/14/2024 11:00,49,0,49,0.0,49,285.9,100,81,0.4,15.8,991.4
7668,11/14/2024 12:00,26,0,26,0.0,26,151.6,100,83,0.2,14.3,991.4
7669,11/14/2024 13:00,1,0,1,0.0,1,26.4,100,87,-0.6,15.3,991.2
7670,11/14/2024 14:00,0,0,0,0.0,0,0.0,100,88,-0.7,17.1,991.2
7671,11/14/2024 15:00,0,0,0,0.0,0,0.0,100,89,-0.9,17.8,991.0
7672,11/14/2024 16:00,0,0,0,0.0,0,0.0,100,89,-1.0,17.5,990.8
7673,11/14/2024 17:00,0,0,0,0.0,0,0.0,100,89,-1.4,17.5,991.0
7674,11/14/2024 18:00,0,0,0,0.0,0,0.0,100,89,-1.9,17.0,990.8
7675,11/14/2024 19:00,0,0,0,0.0,0,0.0,100,90,-2.3,16.5,991.1
7676,11/14/2024 20:00,0,0,0,0.0,0,0.0,100,90,-2.2,12.9,990.8
7677,11/14/2024 21:00,0,0,0,0.0,0,0.0,100,90,-2.0,14.3,990.2
7678,11/14/2024 22:00,0,0,0,0.0,0,0.0,100,88,-1.8,15.7,990.1
7679,11/14/2024 23:00,0,0,0,0.0,0,0.0,100,88,-1.9,16.2,989.8
7680,11/15/2024 0:00,0,0,0,0.0,0,0.0,100,88,-2.0,17.2,989.6
7681,11/15/2024 1:00,0,0,0,0.0,0,0.0,100,90,-2.1,16.7,989.0
7682,11/15/2024 2:00,0,0,0,0.0,0,0.0,100,90,-2.2,16.8,988.8
7683,11/15/2024 3:00,0,0,0,0.0,0,0.0,100,89,-2.2,16.7,988.5
7684,11/15/2024 4:00,0,0,0,0.0,0,0.0,100,91,-2.3,16.9,988.3
7685,11/15/2024 5:00,6,0,6,0.0,6,71.6,100,90,-2.2,18.0,988.3
7686,11/15/2024 6:00,42,0,42,0.0,42,223.0,100,88,-2.0,19.5,988.0
7687,11/15/2024 7:00,53,0,53,0.0,53,334.6,100,88,-1.9,18.6,987.6
7688,11/15/2024 8:00,85,1,84,3.5,85,398.8,100,88,-1.5,19.1,987.3
7689,11/15/2024 9:00,72,1,71,3.4,72,411.2,100,90,-1.3,17.0,986.4
7690,11/15/2024 10:00,84,1,83,3.8,84,370.9,100,91,-1.0,17.7,985.9
7691,11/15/2024 11:00,24,0,24,0.0,24,280.6,100,95,-1.1,18.0,984.8
7692,11/15/2024 12:00,11,0,11,0.0,11,146.6,100,94,-0.7,23.0,984.0
7693,11/15/2024 13:00,1,0,1,0.0,1,23.9,100,94,-0.2,24.7,983.8
7694,11/15/2024 14:00,0,0,0,0.0,0,0.0,100,94,0.2,25.0,983.5
7695,11/15/2024 15:00,0,0,0,0.0,0,0.0,100,96,0.2,24.5,983.3
7696,11/15/2024 16:00,0,0,0,0.0,0,0.0,100,97,0.1,22.2,983.1
7697,11/15/2024 17:00,0,0,0,0.0,0,0.0,100,98,0.1,20.8,983.1
7698,11/15/2024 18:00,0,0,0,0.0,0,0.0,100,97,-0.2,19.8,982.9
7699,11/15/2024 19:00,0,0,0,0.0,0,0.0,100,98,-0.3,18.2,983.4
7700,11/15/2024 20:00,0,0,0,0.0,0,0.0,100,94,-0.6,18.9,983.6
7701,11/15/2024 21:00,0,0,0,0.0,0,0.0,100,92,-1.1,17.1,983.5
7702,11/15/2024 22:00,0,0,0,0.0,0,0.0,100,91,-1.0,16.0,983.5
7703,11/15/2024 23:00,0,0,0,0.0,0,0.0,100,92,-1.0,15.0,983.7
7704,11/16/2024 0:00,0,0,0,0.0,0,0.0,100,94,-1.1,15.5,983.4
7705,11/16/2024 1:00,0,0,0,0.0,0,0.0,100,93,-0.8,15.6,983.1
7706,11/16/2024 2:00,0,0,0,0.0,0,0.0,100,92,-0.8,15.3,983.1
7707,11/16/2024 3:00,0,0,0,0.0,0,0.0,100,94,-0.9,15.3,982.8
7708,11/16/2024 4:00,0,0,0,0.0,0,0.0,100,93,-0.9,17.2,982.8
7709,11/16/2024 5:00,18,0,18,0.0,18,66.0,100,93,-1.2,17.4,982.8
7710,11/16/2024 6:00,47,0,47,0.0,47,217.1,100,92,-0.5,16.4,982.8
7711,11/16/2024 7:00,70,0,70,0.0,70,328.8,100,94,-0.4,17.0,982.9
7712,11/16/2024 8:00,104,1,103,3.6,104,393.0,100,91,0.1,18.8,982.9
7713,11/16/2024 9:00,116,2,114,6.9,116,405.5,100,89,0.3,19.4,982.3
7714,11/16/2024 10:00,128,16,112,61.3,128,365.4,100,87,0.6,19.0,982.1
7715,11/16/2024 11:00,58,1,57,5.1,58,275.4,100,89,0.4,15.1,982.1
7716,11/16/2024 12:00,26,0,26,0.0,26,141.7,100,91,0.3,15.5,982.4
7717,11/16/2024 13:00,2,0,2,0.0,2,21.4,100,91,0.2,16.2,982.6
7718,11/16/2024 14:00,0,0,0,0.0,0,0.0,100,91,0.1,17.2,982.9
7719,11/16/2024 15:00,0,0,0,0.0,0,0.0,100,92,-0.1,18.6,982.8
7720,11/16/2024 16:00,0,0,0,0.0,0,0.0,100,92,-0.3,18.4,982.7
7721,11/16/2024 17:00,0,0,0,0.0,0,0.0,100,91,-0.5,19.0,982.7
7722,11/16/2024 18:00,0,0,0,0.0,0,0.0,99,90,-0.6,19.8,982.7
7723,11/16/2024 19:00,0,0,0,0.0,0,0.0,100,87,-0.7,17.1,982.5
7724,11/16/2024 20:00,0,0,0,0.0,0,0.0,100,93,-0.6,16.5,982.5
7725,11/16/2024 21:00,0,0,0,0.0,0,0.0,100,93,-0.4,18.6,982.5
7726,11/16/2024 22:00,0,0,0,0.0,0,0.0,100,92,-0.4,18.3,982.5
7727,11/16/2024 23:00,0,0,0,0.0,0,0.0,84,90,-0.8,18.6,982.4
7728,11/17/2024 0:00,0,0,0,0.0,0,0.0,67,91,-1.3,18.1,982.3
7729,11/17/2024 1:00,0,0,0,0.0,0,0.0,5,93,-2.0,18.7,982.0
7730,11/17/2024 2:00,0,0,0,0.0,0,0.0,14,92,-2.7,19.1,982.4
7731,11/17/2024 3:00,0,0,0,0.0,0,0.0,41,91,-2.8,19.7,982.5
7732,11/17/2024 4:00,0,0,0,0.0,0,0.0,57,90,-2.8,20.5,982.5
7733,11/17/2024 5:00,23,7,16,80.4,23,62.9,87,88,-2.7,20.7,982.5
7734,11/17/2024 6:00,81,25,56,165.6,81,211.3,80,87,-2.0,19.5,982.6
7735,11/17/2024 7:00,187,118,69,511.4,187,323.0,97,85,-1.4,19.4,982.8
7736,11/17/2024 8:00,228,138,90,498.7,228,387.3,84,83,-0.8,19.3,982.7
7737,11/17/2024 9:00,234,151,83,528.3,234,400.0,100,81,-0.2,19.5,982.6
7738,11/17/2024 10:00,175,79,96,307.0,175,360.1,100,82,0.1,18.2,982.8
7739,11/17/2024 11:00,71,0,71,0.0,71,270.4,100,83,0.4,21.2,982.7
7740,11/17/2024 12:00,27,0,27,0.0,27,136.9,100,84,0.6,19.6,983.2
7741,11/17/2024 13:00,3,0,3,0.0,3,19.1,100,86,-0.1,19.8,983.1
7742,11/17/2024 14:00,0,0,0,0.0,0,0.0,100,86,0.3,20.7,983.4
7743,11/17/2024 15:00,0,0,0,0.0,0,0.0,100,88,0.2,20.9,983.3
7744,11/17/2024 16:00,0,0,0,0.0,0,0.0,100,89,0.1,20.7,983.2
7745,11/17/2024 17:00,0,0,0,0.0,0,0.0,100,90,0.1,20.0,983.5
7746,11/17/2024 18:00,0,0,0,0.0,0,0.0,100,90,0.1,19.9,983.3
7747,11/17/2024 19:00,0,0,0,0.0,0,0.0,100,91,0.1,19.9,983.4
7748,11/17/2024 20:00,0,0,0,0.0,0,0.0,100,91,0.2,19.1,983.3
7749,11/17/2024 21:00,0,0,0,0.0,0,0.0,100,92,0.2,19.0,983.7
7750,11/17/2024 22:00,0,0,0,0.0,0,0.0,100,94,0.2,19.0,983.7
7751,11/17/2024 23:00,0,0,0,0.0,0,0.0,100,95,0.2,19.7,983.7
7752,11/18/2024 0:00,0,0,0,0.0,0,0.0,100,96,0.2,20.1,983.6
7753,11/18/2024 1:00,0,0,0,0.0,0,0.0,100,96,0.2,19.4,983.6
7754,11/18/2024 2:00,0,0,0,0.0,0,0.0,100,97,0.2,19.2,983.8
7755,11/18/2024 3:00,0,0,0,0.0,0,0.0,100,97,0.2,19.0,983.7
7756,11/18/2024 4:00,0,0,0,0.0,0,0.0,100,98,0.2,19.2,983.9
7757,11/18/2024 5:00,6,0,6,0.0,6,59.9,100,98,0.2,19.2,984.3
7758,11/18/2024 6:00,30,2,28,13.6,30,205.6,100,97,0.2,19.2,984.5
7759,11/18/2024 7:00,62,0,62,0.0,62,317.3,100,97,0.3,19.3,984.7
7760,11/18/2024 8:00,77,2,75,7.3,77,381.7,100,96,0.4,20.6,984.6
7761,11/18/2024 9:00,89,6,83,21.3,89,394.6,100,96,0.6,21.2,984.8
7762,11/18/2024 10:00,55,1,54,3.9,55,354.9,100,95,0.6,18.0,984.9
7763,11/18/2024 11:00,42,0,42,0.0,42,265.5,100,95,0.7,20.3,985.1
7764,11/18/2024 12:00,12,0,12,0.0,12,132.3,100,95,0.6,20.6,985.4
7765,11/18/2024 13:00,1,0,1,0.0,1,16.8,100,96,0.2,20.5,985.7
7766,11/18/2024 14:00,0,0,0,0.0,0,0.0,100,97,0.3,20.7,985.6
7767,11/18/2024 15:00,0,0,0,0.0,0,0.0,100,96,0.4,20.7,985.7
7768,11/18/2024 16:00,0,0,0,0.0,0,0.0,100,96,0.6,20.5,985.7
7769,11/18/2024 17:00,0,0,0,0.0,0,0.0,100,96,0.8,20.0,985.9
7770,11/18/2024 18:00,0,0,0,0.0,0,0.0,100,95,0.9,20.4,985.8
7771,11/18/2024 19:00,0,0,0,0.0,0,0.0,100,94,1.0,20.6,985.8
7772,11/18/2024 20:00,0,0,0,0.0,0,0.0,95,93,0.9,20.5,986.1
7773,11/18/2024 21:00,0,0,0,0.0,0,0.0,26,93,0.5,20.7,986.1
7774,11/18/2024 22:00,0,0,0,0.0,0,0.0,6,94,-0.8,19.0,986.2
7775,11/18/2024 23:00,0,0,0,0.0,0,0.0,3,94,-1.5,17.8,986.2
7776,11/19/2024 0:00,0,0,0,0.0,0,0.0,26,94,-2.0,17.5,986.3
7777,11/19/2024 1:00,0,0,0,0.0,0,0.0,68,96,-1.9,18.4,986.6
7778,11/19/2024 2:00,0,0,0,0.0,0,0.0,93,96,-1.9,18.5,986.6
7779,11/19/2024 3:00,0,0,0,0.0,0,0.0,100,96,-1.8,18.0,986.6
7780,11/19/2024 4:00,0,0,0,0.0,0,0.0,100,96,-1.7,17.8,986.5
7781,11/19/2024 5:00,12,0,12,0.0,12,56.9,100,96,-1.1,17.1,986.7
7782,11/19/2024 6:00,53,2,51,14.0,53,199.9,100,96,-0.9,19.1,986.6
7783,11/19/2024 7:00,83,1,82,4.5,83,311.7,100,96,-0.6,19.3,986.8
7784,11/19/2024 8:00,92,4,88,14.9,92,376.3,100,96,-0.4,19.8,986.6
7785,11/19/2024 9:00,100,2,98,7.2,100,389.3,100,93,-0.1,20.6,986.4
7786,11/19/2024 10:00,100,3,97,12.0,100,349.9,100,89,0.5,23.2,986.5
7787,11/19/2024 11:00,62,3,59,16.1,62,260.7,100,89,0.9,16.7,986.3
7788,11/19/2024 12:00,16,0,16,0.0,16,127.8,100,91,0.8,17.0,986.1
7789,11/19/2024 13:00,1,0,1,0.0,1,14.6,100,92,0.9,18.4,986.2
7790,11/19/2024 14:00,0,0,0,0.0,0,0.0,100,95,0.5,18.9,985.9
7791,11/19/2024 15:00,0,0,0,0.0,0,0.0,100,97,0.3,17.9,985.7
7792,11/19/2024 16:00,0,0,0,0.0,0,0.0,100,97,0.2,17.3,985.3
7793,11/19/2024 17:00,0,0,0,0.0,0,0.0,100,98,0.2,17.6,985.1
7794,11/19/2024 18:00,0,0,0,0.0,0,0.0,100,98,0.2,17.1,985.0
7795,11/19/2024 19:00,0,0,0,0.0,0,0.0,100,98,0.2,16.6,984.8
7796,11/19/2024 20:00,0,0,0,0.0,0,0.0,100,98,0.2,16.5,984.7
7797,11/19/2024 21:00,0,0,0,0.0,0,0.0,100,98,0.2,15.9,984.4
7798,11/19/2024 22:00,0,0,0,0.0,0,0.0,100,99,0.2,15.4,984.2
7799,11/19/2024 23:00,0,0,0,0.0,0,0.0,100,99,0.2,14.7,984.1
7800,11/20/2024 0:00,0,0,0,0.0,0,0.0,100,99,0.2,13.2,984.0
7801,11/20/2024 1:00,0,0,0,0.0,0,0.0,100,99,0.2,12.1,983.7
7802,11/20/2024 2:00,0,0,0,0.0,0,0.0,100,99,0.2,11.3,983.9
7803,11/20/2024 3:00,0,0,0,0.0,0,0.0,100,100,0.2,11.7,984.3
7804,11/20/2024 4:00,0,0,0,0.0,0,0.0,100,99,0.3,12.1,984.9
7805,11/20/2024 5:00,8,0,8,0.0,8,54.0,100,99,0.2,13.1,985.5
7806,11/20/2024 6:00,42,2,40,14.4,42,194.3,100,97,0.2,14.7,986.3
7807,11/20/2024 7:00,115,10,105,45.8,115,306.2,100,96,0.3,15.4,986.9
7808,11/20/2024 8:00,121,10,111,37.8,121,370.9,100,94,0.3,16.0,987.4
7809,11/20/2024 9:00,96,3,93,10.9,96,384.1,100,92,0.4,16.6,988.0
7810,11/20/2024 10:00,88,4,84,16.2,88,345.0,100,89,0.6,14.6,988.5
7811,11/20/2024 11:00,80,15,65,82.1,80,256.1,100,89,0.8,12.7,989.4
7812,11/20/2024 12:00,31,1,30,9.3,31,123.5,100,90,0.6,11.1,990.2
7813,11/20/2024 13:00,1,0,1,0.0,1,12.4,100,92,0.4,10.8,991.4
7814,11/20/2024 14:00,0,0,0,0.0,0,0.0,100,92,0.3,9.9,991.9
7815,11/20/2024 15:00,0,0,0,0.0,0,0.0,100,92,0.1,9.4,992.3
7816,11/20/2024 16:00,0,0,0,0.0,0,0.0,100,92,-0.2,9.6,992.6
7817,11/20/2024 17:00,0,0,0,0.0,0,0.0,96,94,-0.6,8.8,992.7
7818,11/20/2024 18:00,0,0,0,0.0,0,0.0,40,96,-1.2,10.2,992.9
7819,11/20/2024 19:00,0,0,0,0.0,0,0.0,3,95,-3.0,11.3,993.0
7820,11/20/2024 20:00,0,0,0,0.0,0,0.0,97,95,-3.5,12.1,993.3
7821,11/20/2024 21:00,0,0,0,0.0,0,0.0,99,96,-2.2,13.6,993.4
7822,11/20/2024 22:00,0,0,0,0.0,0,0.0,100,97,-2.2,13.4,993.6
7823,11/20/2024 23:00,0,0,0,0.0,0,0.0,100,98,-1.6,13.8,994.0
7824,11/21/2024 0:00,0,0,0,0.0,0,0.0,100,97,-1.2,14.8,994.2
7825,11/21/2024 1:00,0,0,0,0.0,0,0.0,100,97,-1.2,14.5,994.6
7826,11/21/2024 2:00,0,0,0,0.0,0,0.0,100,99,-1.6,17.1,995.0
7827,11/21/2024 3:00,0,0,0,0.0,0,0.0,100,99,-1.9,17.9,995.2
7828,11/21/2024 4:00,0,0,0,0.0,0,0.0,100,99,-2.0,18.3,995.5
7829,11/21/2024 5:00,5,0,5,0.0,5,51.2,100,99,-2.1,20.3,995.9
7830,11/21/2024 6:00,33,0,33,0.0,33,188.9,100,99,-1.5,20.5,995.9
7831,11/21/2024 7:00,57,1,56,4.7,57,300.8,100,96,-1.1,22.3,996.0
7832,11/21/2024 8:00,77,1,76,3.8,77,365.7,100,95,-1.0,22.2,996.2
7833,11/21/2024 9:00,91,2,89,7.4,91,379.1,100,91,-0.3,24.9,996.1
7834,11/21/2024 10:00,88,2,86,8.2,88,340.2,100,89,-0.1,24.2,996.1
7835,11/21/2024 11:00,58,0,58,0.0,58,251.6,100,89,-0.2,20.5,996.0
7836,11/21/2024 12:00,27,0,27,0.0,27,119.3,100,89,-0.3,18.6,995.9
7837,11/21/2024 13:00,1,0,1,0.0,1,10.4,73,89,-0.3,18.5,996.6
7838,11/21/2024 14:00,0,0,0,0.0,0,0.0,80,92,-0.9,18.2,996.6
7839,11/21/2024 15:00,0,0,0,0.0,0,0.0,45,92,-1.0,19.2,996.4
7840,11/21/2024 16:00,0,0,0,0.0,0,0.0,100,92,-1.5,20.3,996.4
7841,11/21/2024 17:00,0,0,0,0.0,0,0.0,100,90,-1.0,21.9,996.1
7842,11/21/2024 18:00,0,0,0,0.0,0,0.0,100,89,-1.0,21.8,996.1
7843,11/21/2024 19:00,0,0,0,0.0,0,0.0,100,89,-1.2,22.1,995.9
7844,11/21/2024 20:00,0,0,0,0.0,0,0.0,100,89,-1.0,22.5,995.8
7845,11/21/2024 21:00,0,0,0,0.0,0,0.0,100,89,-1.1,22.7,995.6
7846,11/21/2024 22:00,0,0,0,0.0,0,0.0,100,89,-1.2,22.9,995.2
7847,11/21/2024 23:00,0,0,0,0.0,0,0.0,100,90,-1.5,23.1,995.0
7848,11/22/2024 0:00,0,0,0,0.0,0,0.0,100,90,-1.7,24.0,994.6
7849,11/22/2024 1:00,0,0,0,0.0,0,0.0,100,89,-1.1,25.6,995.0
7850,11/22/2024 2:00,0,0,0,0.0,0,0.0,100,90,-1.6,26.0,994.9
7851,11/22/2024 3:00,0,0,0,0.0,0,0.0,100,92,-1.6,26.3,994.4
7852,11/22/2024 4:00,0,0,0,0.0,0,0.0,100,92,-1.2,27.7,993.8
7853,11/22/2024 5:00,6,0,6,0.0,6,48.4,100,92,-0.9,27.7,993.5
7854,11/22/2024 6:00,32,1,31,7.6,32,183.5,100,92,-0.4,23.1,993.4
7855,11/22/2024 7:00,55,1,54,4.7,55,295.5,100,91,-0.1,27.1,993.0
7856,11/22/2024 8:00,53,0,53,0.0,53,360.6,100,89,0.1,25.5,992.6
7857,11/22/2024 9:00,95,2,93,7.5,95,374.2,100,83,0.4,32.6,992.1
7858,11/22/2024 10:00,93,11,82,46.0,93,335.6,99,80,0.9,23.8,992.0
7859,11/22/2024 11:00,101,28,73,158.8,101,247.3,100,78,1.4,30.8,992.6
7860,11/22/2024 12:00,9,0,9,0.0,9,115.3,100,78,1.7,27.2,993.2
7861,11/22/2024 13:00,0,0,0,0.0,0,8.4,100,92,1.5,25.0,994.8
7862,11/22/2024 14:00,0,0,0,0.0,0,0.0,100,97,1.0,23.6,995.8
7863,11/22/2024 15:00,0,0,0,0.0,0,0.0,100,98,0.9,22.5,996.4
7864,11/22/2024 16:00,0,0,0,0.0,0,0.0,100,98,0.9,20.9,996.7
7865,11/22/2024 17:00,0,0,0,0.0,0,0.0,100,99,0.9,19.0,997.6
7866,11/22/2024 18:00,0,0,0,0.0,0,0.0,100,99,0.9,16.0,998.1
7867,11/22/2024 19:00,0,0,0,0.0,0,0.0,100,99,0.8,14.0,998.4
7868,11/22/2024 20:00,0,0,0,0.0,0,0.0,100,99,0.6,13.6,999.1
7869,11/22/2024 21:00,0,0,0,0.0,0,0.0,100,99,0.6,10.8,999.6
7870,11/22/2024 22:00,0,0,0,0.0,0,0.0,100,100,0.5,9.4,1000.2
7871,11/22/2024 23:00,0,0,0,0.0,0,0.0,100,99,0.5,11.4,1000.7
7872,11/23/2024 0:00,0,0,0,0.0,0,0.0,100,99,0.4,12.7,1000.7
7873,11/23/2024 1:00,0,0,0,0.0,0,0.0,100,99,0.3,13.1,1001.5
7874,11/23/2024 2:00,0,0,0,0.0,0,0.0,100,99,0.2,14.7,1001.3
7875,11/23/2024 3:00,0,0,0,0.0,0,0.0,100,99,0.2,16.6,1001.0
7876,11/23/2024 4:00,0,0,0,0.0,0,0.0,100,98,0.2,17.2,1001.2
7877,11/23/2024 5:00,2,0,2,0.0,2,45.6,100,98,0.1,19.9,1001.3
7878,11/23/2024 6:00,16,0,16,0.0,16,178.3,100,96,0.2,20.8,1000.8
7879,11/23/2024 7:00,35,1,34,4.8,35,290.4,100,96,0.3,18.8,1001.1
7880,11/23/2024 8:00,40,0,40,0.0,40,355.6,100,94,0.5,21.5,1000.9
7881,11/23/2024 9:00,69,1,68,3.8,69,369.5,100,90,1.0,19.9,1000.2
7882,11/23/2024 10:00,68,0,68,0.0,68,331.2,100,86,1.1,19.0,999.9
7883,11/23/2024 11:00,55,0,55,0.0,55,243.2,100,81,1.3,17.9,1000.0
7884,11/23/2024 12:00,16,0,16,0.0,16,111.5,100,74,1.5,23.7,999.8
7885,11/23/2024 13:00,1,0,1,0.0,1,6.6,99,78,1.9,23.0,1000.2
7886,11/23/2024 14:00,0,0,0,0.0,0,0.0,94,80,1.1,24.5,1000.0
7887,11/23/2024 15:00,0,0,0,0.0,0,0.0,49,79,0.9,25.8,999.8
7888,11/23/2024 16:00,0,0,0,0.0,0,0.0,93,79,0.8,25.2,999.6
7889,11/23/2024 17:00,0,0,0,0.0,0,0.0,99,79,0.7,25.1,999.3
7890,11/23/2024 18:00,0,0,0,0.0,0,0.0,100,77,0.6,25.3,999.2
7891,11/23/2024 19:00,0,0,0,0.0,0,0.0,86,72,0.2,25.6,998.9
7892,11/23/2024 20:00,0,0,0,0.0,0,0.0,75,66,0.0,25.5,998.8
7893,11/23/2024 21:00,0,0,0,0.0,0,0.0,86,63,-0.2,25.5,998.6
7894,11/23/2024 22:00,0,0,0,0.0,0,0.0,87,62,-0.3,25.8,998.5
7895,11/23/2024 23:00,0,0,0,0.0,0,0.0,86,64,-0.6,25.8,998.5
7896,11/24/2024 0:00,0,0,0,0.0,0,0.0,96,65,-0.8,25.7,998.4
7897,11/24/2024 1:00,0,0,0,0.0,0,0.0,100,73,-1.0,26.2,998.7
7898,11/24/2024 2:00,0,0,0,0.0,0,0.0,100,74,-1.3,25.8,998.5
7899,11/24/2024 3:00,0,0,0,0.0,0,0.0,99,75,-1.6,25.3,998.2
7900,11/24/2024 4:00,0,0,0,0.0,0,0.0,97,76,-1.8,25.7,998.2
7901,11/24/2024 5:00,13,3,10,41.0,13,43.0,89,76,-1.6,26.3,998.3
7902,11/24/2024 6:00,89,45,44,364.5,89,173.3,17,71,-0.6,27.4,998.1
7903,11/24/2024 7:00,178,127,51,624.5,178,285.4,33,67,0.2,21.9,998.1
7904,11/24/2024 8:00,230,172,58,688.1,230,350.8,20,62,1.2,22.1,997.8
7905,11/24/2024 9:00,242,183,59,703.8,242,365.0,31,58,1.9,20.2,997.5
7906,11/24/2024 10:00,210,155,55,665.5,210,326.9,22,58,2.1,16.2,997.6
7907,11/24/2024 11:00,141,96,45,563.3,141,239.2,27,55,2.1,21.9,998.0
7908,11/24/2024 12:00,52,28,24,276.9,52,107.8,1,58,1.1,18.4,998.2
7909,11/24/2024 13:00,1,0,1,0.0,1,4.8,0,64,0.9,17.6,998.4
7910,11/24/2024 14:00,0,0,0,0.0,0,0.0,0,66,0.4,18.5,998.1
7911,11/24/2024 15:00,0,0,0,0.0,0,0.0,0,66,0.1,18.9,998.1
7912,11/24/2024 16:00,0,0,0,0.0,0,0.0,0,66,-0.2,19.3,998.0
7913,11/24/2024 17:00,0,0,0,0.0,0,0.0,0,67,-0.5,19.7,998.1
7914,11/24/2024 18:00,0,0,0,0.0,0,0.0,0,67,-0.8,20.0,998.2
7915,11/24/2024 19:00,0,0,0,0.0,0,0.0,0,68,-1.0,19.5,998.3
7916,11/24/2024 20:00,0,0,0,0.0,0,0.0,2,69,-1.4,18.2,998.4
7917,11/24/2024 21:00,0,0,0,0.0,0,0.0,46,69,-1.8,17.1,998.6
7918,11/24/2024 22:00,0,0,0,0.0,0,0.0,100,70,-2.2,16.3,998.6
7919,11/24/2024 23:00,0,0,0,0.0,0,0.0,93,71,-2.5,16.2,998.6
7920,11/25/2024 0:00,0,0,0,0.0,0,0.0,33,72,-2.8,15.7,998.6
7921,11/25/2024 1:00,0,0,0,0.0,0,0.0,37,73,-3.5,14.3,999.0
7922,11/25/2024 2:00,0,0,0,0.0,0,0.0,35,75,-4.1,12.9,999.1
7923,11/25/2024 3:00,0,0,0,0.0,0,0.0,1,78,-4.5,12.6,999.1
7924,11/25/2024 4:00,0,0,0,0.0,0,0.0,0,80,-4.8,11.1,999.4
7925,11/25/2024 5:00,12,5,7,70.0,12,40.4,0,79,-4.8,11.6,999.8
7926,11/25/2024 6:00,89,55,34,454.1,89,168.3,3,71,-3.2,12.0,1000.2
7927,11/25/2024 7:00,171,122,49,610.5,171,280.6,69,63,-1.7,9.3,1000.6
7928,11/25/2024 8:00,222,165,57,669.2,222,346.2,55,58,-0.6,8.9,1000.5
7929,11/25/2024 9:00,233,173,60,673.7,233,360.6,7,55,-0.1,9.1,1000.0
7930,11/25/2024 10:00,203,149,54,648.1,203,322.8,11,55,0.0,8.9,1000.2
7931,11/25/2024 11:00,136,91,45,542.8,136,235.4,15,58,-0.6,6.6,1000.4
7932,11/25/2024 12:00,48,26,22,260.6,48,104.4,34,69,-2.8,7.0,1000.2
7933,11/25/2024 13:00,1,0,1,0.0,1,3.1,17,77,-3.4,8.6,1000.2
7934,11/25/2024 14:00,0,0,0,0.0,0,0.0,7,79,-3.8,8.6,1000.4
7935,11/25/2024 15:00,0,0,0,0.0,0,0.0,9,79,-4.1,8.4,1000.5
7936,11/25/2024 16:00,0,0,0,0.0,0,0.0,26,78,-4.2,8.5,1000.5
7937,11/25/2024 17:00,0,0,0,0.0,0,0.0,31,79,-4.5,8.5,1000.7
7938,11/25/2024 18:00,0,0,0,0.0,0,0.0,46,81,-4.8,9.2,1000.6
7939,11/25/2024 19:00,0,0,0,0.0,0,0.0,31,81,-5.0,9.5,1000.7
7940,11/25/2024 20:00,0,0,0,0.0,0,0.0,0,83,-5.1,9.3,1000.7
7941,11/25/2024 21:00,0,0,0,0.0,0,0.0,0,84,-5.2,9.1,1000.7
7942,11/25/2024 22:00,0,0,0,0.0,0,0.0,0,84,-5.2,9.2,1000.8
7943,11/25/2024 23:00,0,0,0,0.0,0,0.0,0,84,-5.2,8.1,1000.9
7944,11/26/2024 0:00,0,0,0,0.0,0,0.0,0,85,-5.6,6.6,1001.2
7945,11/26/2024 1:00,0,0,0,0.0,0,0.0,0,85,-7.2,5.9,1001.3
7946,11/26/2024 2:00,0,0,0,0.0,0,0.0,0,86,-7.2,5.7,1001.4
7947,11/26/2024 3:00,0,0,0,0.0,0,0.0,0,86,-7.3,5.4,1001.4
7948,11/26/2024 4:00,0,0,0,0.0,0,0.0,0,86,-7.3,5.8,1001.6
7949,11/26/2024 5:00,11,5,6,71.8,11,37.8,0,86,-6.8,7.4,1001.9
7950,11/26/2024 6:00,85,52,33,436.1,85,163.5,1,77,-4.6,8.7,1002.0
7951,11/26/2024 7:00,166,118,48,600.7,166,275.9,8,66,-2.2,5.9,1002.1
7952,11/26/2024 8:00,218,163,55,670.0,218,341.7,0,58,-0.4,3.9,1001.9
7953,11/26/2024 9:00,230,174,56,685.8,230,356.3,0,54,0.6,4.1,1001.6
7954,11/26/2024 10:00,201,148,53,651.9,201,318.9,0,53,1.0,4.8,1001.6
7955,11/26/2024 11:00,134,91,43,551.4,134,231.8,0,58,0.1,4.0,1001.3
7956,11/26/2024 12:00,47,26,21,264.0,47,101.1,0,70,-2.5,6.0,1000.9
7957,11/26/2024 13:00,1,0,1,0.0,1,1.5,0,75,-2.9,7.6,1000.9
7958,11/26/2024 14:00,0,0,0,0.0,0,0.0,0,75,-3.2,7.9,1000.7
7959,11/26/2024 15:00,0,0,0,0.0,0,0.0,3,74,-3.5,7.9,1000.4
7960,11/26/2024 16:00,0,0,0,0.0,0,0.0,11,76,-3.7,8.0,1000.6
7961,11/26/2024 17:00,0,0,0,0.0,0,0.0,15,78,-4.1,7.9,1000.7
7962,11/26/2024 18:00,0,0,0,0.0,0,0.0,15,80,-4.3,7.8,1000.2
7963,11/26/2024 19:00,0,0,0,0.0,0,0.0,30,81,-4.6,7.6,1000.0
7964,11/26/2024 20:00,0,0,0,0.0,0,0.0,45,83,-4.9,6.7,999.8
7965,11/26/2024 21:00,0,0,0,0.0,0,0.0,1,83,-5.3,6.3,999.3
7966,11/26/2024 22:00,0,0,0,0.0,0,0.0,0,83,-5.3,6.3,999.0
7967,11/26/2024 23:00,0,0,0,0.0,0,0.0,0,82,-5.3,6.3,998.7
7968,11/27/2024 0:00,0,0,0,0.0,0,0.0,0,81,-5.3,6.2,998.6
7969,11/27/2024 1:00,0,0,0,0.0,0,0.0,0,82,-6.2,6.9,998.3
7970,11/27/2024 2:00,0,0,0,0.0,0,0.0,0,82,-6.2,6.8,998.1
7971,11/27/2024 3:00,0,0,0,0.0,0,0.0,6,83,-6.2,6.4,998.2
7972,11/27/2024 4:00,0,0,0,0.0,0,0.0,15,82,-6.2,6.4,998.1
7973,11/27/2024 5:00,10,4,6,58.8,10,35.4,14,79,-5.6,7.0,998.1
7974,11/27/2024 6:00,80,47,33,400.2,80,158.9,12,69,-3.5,7.0,998.1
7975,11/27/2024 7:00,160,112,48,579.8,160,271.4,12,59,-1.1,4.3,998.3
7976,11/27/2024 8:00,211,157,54,653.8,211,337.4,38,52,0.6,3.8,998.0
7977,11/27/2024 9:00,222,164,58,654.1,222,352.3,64,48,1.6,3.9,997.6
7978,11/27/2024 10:00,192,136,56,606.4,192,315.1,32,47,1.9,3.8,997.2
7979,11/27/2024 11:00,128,84,44,516.8,128,228.4,40,52,0.7,2.6,997.0
7980,11/27/2024 12:00,44,23,21,236.5,44,98.0,15,63,-1.7,4.5,996.7
7981,11/27/2024 13:00,0,0,0,0.0,0,0.1,1,75,-3.0,5.9,996.7
7982,11/27/2024 14:00,0,0,0,0.0,0,0.0,28,78,-3.7,5.8,996.6
7983,11/27/2024 15:00,0,0,0,0.0,0,0.0,34,79,-4.2,5.3,996.5
7984,11/27/2024 16:00,0,0,0,0.0,0,0.0,33,79,-4.4,4.9,996.3
7985,11/27/2024 17:00,0,0,0,0.0,0,0.0,6,79,-4.6,6.1,995.8
7986,11/27/2024 18:00,0,0,0,0.0,0,0.0,0,78,-4.7,7.7,995.5
7987,11/27/2024 19:00,0,0,0,0.0,0,0.0,1,77,-4.5,8.1,995.0
7988,11/27/2024 20:00,0,0,0,0.0,0,0.0,29,81,-5.1,6.0,995.1
7989,11/27/2024 21:00,0,0,0,0.0,0,0.0,20,82,-5.4,5.8,994.7
7990,11/27/2024 22:00,0,0,0,0.0,0,0.0,5,83,-5.7,6.2,994.6
7991,11/27/2024 23:00,0,0,0,0.0,0,0.0,3,84,-5.9,5.5,994.6
7992,11/28/2024 0:00,0,0,0,0.0,0,0.0,0,83,-6.1,5.7,994.4
7993,11/28/2024 1:00,0,0,0,0.0,0,0.0,100,85,-6.9,7.3,994.1
7994,11/28/2024 2:00,0,0,0,0.0,0,0.0,91,85,-6.6,7.8,993.8
7995,11/28/2024 3:00,0,0,0,0.0,0,0.0,100,85,-6.4,7.4,993.7
7996,11/28/2024 4:00,0,0,0,0.0,0,0.0,100,84,-6.2,7.6,993.5
7997,11/28/2024 5:00,8,2,6,30.1,8,33.1,100,83,-6.0,7.6,993.3
7998,11/28/2024 6:00,68,24,44,207.4,68,154.4,100,74,-4.2,7.1,993.4
7999,11/28/2024 7:00,130,53,77,278.9,130,267.1,100,66,-2.5,2.8,993.9
8000,11/28/2024 8:00,177,85,92,358.5,177,333.3,100,59,-0.9,1.5,993.8
8001,11/28/2024 9:00,167,50,117,201.7,167,348.5,100,56,-0.2,2.1,993.4
8002,11/28/2024 10:00,156,60,96,270.7,156,311.6,100,54,0.2,2.7,993.2
8003,11/28/2024 11:00,99,26,73,162.3,99,225.2,96,58,-0.6,3.1,992.8
8004,11/28/2024 12:00,37,9,28,93.6,37,95.1,100,67,-2.3,3.2,992.5
8005,11/28/2024 13:00,0,0,0,0.0,0,0.0,100,74,-2.7,4.8,992.7
8006,11/28/2024 14:00,0,0,0,0.0,0,0.0,100,77,-3.2,4.9,992.5
8007,11/28/2024 15:00,0,0,0,0.0,0,0.0,100,77,-3.3,4.9,992.3
8008,11/28/2024 16:00,0,0,0,0.0,0,0.0,100,75,-3.2,5.6,992.3
8009,11/28/2024 17:00,0,0,0,0.0,0,0.0,100,76,-3.6,4.4,992.1
8010,11/28/2024 18:00,0,0,0,0.0,0,0.0,100,79,-4.2,3.6,992.2
8011,11/28/2024 19:00,0,0,0,0.0,0,0.0,99,80,-4.5,3.3,992.3
8012,11/28/2024 20:00,0,0,0,0.0,0,0.0,99,81,-4.8,3.6,992.2
8013,11/28/2024 21:00,0,0,0,0.0,0,0.0,95,82,-5.0,3.0,991.9
8014,11/28/2024 22:00,0,0,0,0.0,0,0.0,56,83,-5.2,1.9,991.9
8015,11/28/2024 23:00,0,0,0,0.0,0,0.0,100,85,-5.6,2.6,991.8
8016,11/29/2024 0:00,0,0,0,0.0,0,0.0,98,85,-5.7,2.8,991.2
8017,11/29/2024 1:00,0,0,0,0.0,0,0.0,56,88,-8.3,4.7,991.3
8018,11/29/2024 2:00,0,0,0,0.0,0,0.0,95,89,-8.1,5.4,991.2
8019,11/29/2024 3:00,0,0,0,0.0,0,0.0,80,90,-8.0,6.5,991.6
8020,11/29/2024 4:00,0,0,0,0.0,0,0.0,80,90,-7.9,6.1,991.8
8021,11/29/2024 5:00,7,2,5,30.9,7,30.8,31,90,-7.6,6.7,991.7
8022,11/29/2024 6:00,76,43,33,377.1,76,150.0,1,84,-5.8,8.9,991.9
8023,11/29/2024 7:00,155,108,47,577.7,155,262.9,16,74,-3.8,6.7,992.5
8024,11/29/2024 8:00,208,153,55,653.3,208,329.3,34,65,-2.0,6.5,992.2
8025,11/29/2024 9:00,214,154,60,628.1,214,344.7,17,59,-0.9,7.1,992.0
8026,11/29/2024 10:00,183,124,59,565.7,183,308.2,2,56,-0.2,7.8,992.1
8027,11/29/2024 11:00,124,81,43,512.7,124,222.1,0,57,-0.6,6.4,992.3
8028,11/29/2024 12:00,41,22,19,231.5,41,92.4,5,65,-2.5,6.8,992.2
8029,11/29/2024 13:00,0,0,0,0.0,0,0.0,63,72,-3.0,9.0,992.9
8030,11/29/2024 14:00,0,0,0,0.0,0,0.0,100,77,-2.7,9.3,993.0
8031,11/29/2024 15:00,0,0,0,0.0,0,0.0,100,81,-1.2,11.7,993.3
8032,11/29/2024 16:00,0,0,0,0.0,0,0.0,100,90,-1.1,12.3,993.3
8033,11/29/2024 17:00,0,0,0,0.0,0,0.0,100,92,-1.5,13.8,993.8
8034,11/29/2024 18:00,0,0,0,0.0,0,0.0,100,90,-2.0,14.3,994.0
8035,11/29/2024 19:00,0,0,0,0.0,0,0.0,100,87,-2.3,14.2,994.1
8036,11/29/2024 20:00,0,0,0,0.0,0,0.0,100,85,-2.6,14.6,994.3
8037,11/29/2024 21:00,0,0,0,0.0,0,0.0,100,83,-2.8,15.1,994.4
8038,11/29/2024 22:00,0,0,0,0.0,0,0.0,100,83,-2.9,16.0,994.7
8039,11/29/2024 23:00,0,0,0,0.0,0,0.0,100,83,-3.0,17.1,995.1
8040,11/30/2024 0:00,0,0,0,0.0,0,0.0,100,82,-3.2,14.9,995.3
8041,11/30/2024 1:00,0,0,0,0.0,0,0.0,100,86,-3.2,11.4,995.5
8042,11/30/2024 2:00,0,0,0,0.0,0,0.0,100,87,-3.2,12.6,995.4
8043,11/30/2024 3:00,0,0,0,0.0,0,0.0,100,86,-3.0,11.3,995.5
8044,11/30/2024 4:00,0,0,0,0.0,0,0.0,100,86,-2.8,12.0,995.8
8045,11/30/2024 5:00,2,0,2,0.0,2,28.5,100,87,-2.4,14.8,996.0
8046,11/30/2024 6:00,26,1,25,8.9,26,145.7,100,86,-2.0,14.0,996.2
8047,11/30/2024 7:00,49,2,47,10.9,49,258.7,100,85,-1.5,14.4,996.4
8048,11/30/2024 8:00,73,1,72,4.3,73,325.4,100,83,-0.9,16.6,996.4
8049,11/30/2024 9:00,83,2,81,8.2,83,341.2,100,83,-0.5,16.8,996.1
8050,11/30/2024 10:00,85,3,82,13.8,85,305.0,100,83,-0.4,17.5,996.2
8051,11/30/2024 11:00,51,2,49,12.8,51,219.3,100,83,-0.6,16.3,996.4
8052,11/30/2024 12:00,14,0,14,0.0,14,89.9,100,87,-1.1,13.4,996.8
8053,11/30/2024 13:00,0,0,0,0.0,0,0.0,100,86,-1.1,10.8,997.1
8054,11/30/2024 14:00,0,0,0,0.0,0,0.0,100,88,-1.3,12.3,997.2
8055,11/30/2024 15:00,0,0,0,0.0,0,0.0,100,90,-1.4,13.3,997.2
8056,11/30/2024 16:00,0,0,0,0.0,0,0.0,100,91,-1.2,14.1,997.2
8057,11/30/2024 17:00,0,0,0,0.0,0,0.0,100,92,-1.1,11.9,997.2
8058,11/30/2024 18:00,0,0,0,0.0,0,0.0,100,94,-1.1,14.1,997.1
8059,11/30/2024 19:00,0,0,0,0.0,0,0.0,100,94,-1.1,13.8,997.3
8060,11/30/2024 20:00,0,0,0,0.0,0,0.0,100,93,-1.1,13.6,997.5
8061,11/30/2024 21:00,0,0,0,0.0,0,0.0,100,93,-1.1,13.5,997.6
8062,11/30/2024 22:00,0,0,0,0.0,0,0.0,100,92,-1.2,13.0,997.8
8063,11/30/2024 23:00,0,0,0,0.0,0,0.0,98,91,-1.2,12.1,998.2
8064,12/1/2024 0:00,0,0,0,0.0,0,0.0,100,92,-1.6,11.5,998.3
8065,12/1/2024 1:00,0,0,0,0.0,0,0.0,100,90,-1.3,11.5,998.3
8066,12/1/2024 2:00,0,0,0,0.0,0,0.0,94,88,-1.3,12.8,998.4
8067,12/1/2024 3:00,0,0,0,0.0,0,0.0,100,89,-1.6,11.7,998.7
8068,12/1/2024 4:00,0,0,0,0.0,0,0.0,100,93,-1.5,11.0,998.8
8069,12/1/2024 5:00,3,0,3,0.0,3,26.3,68,93,-1.4,9.9,998.7
8070,12/1/2024 6:00,57,18,39,162.5,57,141.5,45,89,-1.2,11.2,999.0
8071,12/1/2024 7:00,114,51,63,281.7,114,254.7,48,81,-0.6,10.4,999.4
8072,12/1/2024 8:00,146,72,74,314.9,146,321.6,69,78,-0.2,10.7,999.3
8073,12/1/2024 9:00,152,66,86,275.0,152,337.7,73,76,0.1,11.4,998.9
8074,12/1/2024 10:00,131,58,73,270.3,131,301.9,100,78,-0.1,12.8,998.6
8075,12/1/2024 11:00,66,12,54,78.0,66,216.5,100,81,-0.5,11.0,998.2
8076,12/1/2024 12:00,13,0,13,0.0,13,87.5,100,78,-0.7,11.8,998.2
8077,12/1/2024 13:00,0,0,0,0.0,0,0.0,100,75,-1.0,12.7,998.6
8078,12/1/2024 14:00,0,0,0,0.0,0,0.0,100,74,-1.0,14.5,998.5
8079,12/1/2024 15:00,0,0,0,0.0,0,0.0,100,74,-1.1,14.6,998.1
8080,12/1/2024 16:00,0,0,0,0.0,0,0.0,100,78,-1.2,15.5,997.7
8081,12/1/2024 17:00,0,0,0,0.0,0,0.0,100,79,-1.4,14.9,997.3
8082,12/1/2024 18:00,0,0,0,0.0,0,0.0,100,80,-1.5,14.3,997.1
8083,12/1/2024 19:00,0,0,0,0.0,0,0.0,100,82,-1.5,14.0,997.3
8084,12/1/2024 20:00,0,0,0,0.0,0,0.0,100,86,-1.6,13.4,997.1
8085,12/1/2024 21:00,0,0,0,0.0,0,0.0,100,88,-1.9,12.9,996.9
8086,12/1/2024 22:00,0,0,0,0.0,0,0.0,100,88,-1.9,14.1,996.4
8087,12/1/2024 23:00,0,0,0,0.0,0,0.0,100,87,-1.9,14.2,996.3
8088,12/2/2024 0:00,0,0,0,0.0,0,0.0,100,87,-1.9,14.0,996.2
8089,12/2/2024 1:00,0,0,0,0.0,0,0.0,100,88,-1.8,13.8,995.6
8090,12/2/2024 2:00,0,0,0,0.0,0,0.0,100,89,-1.8,12.3,995.6
8091,12/2/2024 3:00,0,0,0,0.0,0,0.0,100,89,-1.7,13.4,995.7
8092,12/2/2024 4:00,0,0,0,0.0,0,0.0,100,89,-1.6,13.1,995.8
8093,12/2/2024 5:00,1,0,1,0.0,1,24.1,100,89,-1.5,13.1,996.0
8094,12/2/2024 6:00,7,0,7,0.0,7,137.4,100,88,-1.4,13.5,996.4
8095,12/2/2024 7:00,16,0,16,0.0,16,250.8,100,89,-1.3,13.6,996.7
8096,12/2/2024 8:00,25,0,25,0.0,25,318.0,100,88,-1.0,13.0,996.8
8097,12/2/2024 9:00,30,0,30,0.0,30,334.4,100,88,-0.9,11.9,996.5
8098,12/2/2024 10:00,28,0,28,0.0,28,298.9,100,87,-0.8,12.3,996.6
8099,12/2/2024 11:00,17,0,17,0.0,17,214.0,100,88,-0.8,12.6,996.8
8100,12/2/2024 12:00,10,0,10,0.0,10,85.3,100,88,-0.8,10.3,997.1
8101,12/2/2024 13:00,0,0,0,0.0,0,0.0,100,91,-1.2,10.3,997.3
8102,12/2/2024 14:00,0,0,0,0.0,0,0.0,100,91,-1.2,10.9,997.5
8103,12/2/2024 15:00,0,0,0,0.0,0,0.0,100,92,-1.2,11.1,997.4
8104,12/2/2024 16:00,0,0,0,0.0,0,0.0,100,94,-1.3,11.2,997.6
8105,12/2/2024 17:00,0,0,0,0.0,0,0.0,100,94,-1.4,10.8,997.5
8106,12/2/2024 18:00,0,0,0,0.0,0,0.0,100,94,-1.3,10.6,997.5
8107,12/2/2024 19:00,0,0,0,0.0,0,0.0,100,95,-1.3,10.6,997.6
8108,12/2/2024 20:00,0,0,0,0.0,0,0.0,100,95,-1.3,10.4,997.9
8109,12/2/2024 21:00,0,0,0,0.0,0,0.0,100,95,-1.4,10.3,997.9
8110,12/2/2024 22:00,0,0,0,0.0,0,0.0,100,95,-1.5,10.2,998.0
8111,12/2/2024 23:00,0,0,0,0.0,0,0.0,100,94,-1.5,10.7,998.3
8112,12/3/2024 0:00,0,0,0,0.0,0,0.0,100,95,-1.6,10.5,998.3
8113,12/3/2024 1:00,0,0,0,0.0,0,0.0,100,94,-2.0,13.3,997.4
8114,12/3/2024 2:00,0,0,0,0.0,0,0.0,100,94,-2.0,13.3,997.5
8115,12/3/2024 3:00,0,0,0,0.0,0,0.0,100,93,-2.0,13.5,997.5
8116,12/3/2024 4:00,0,0,0,0.0,0,0.0,100,89,-2.0,14.6,997.8
8117,12/3/2024 5:00,1,0,1,0.0,1,22.0,100,89,-2.1,14.5,998.2
8118,12/3/2024 6:00,20,0,20,0.0,20,133.4,100,83,-2.0,16.1,998.4
8119,12/3/2024 7:00,49,0,49,0.0,49,247.0,100,81,-1.8,17.2,998.6
8120,12/3/2024 8:00,71,1,70,4.5,71,314.5,100,84,-1.7,17.4,998.4
8121,12/3/2024 9:00,55,1,54,4.2,55,331.3,100,84,-1.6,16.0,998.1
8122,12/3/2024 10:00,74,7,67,33.3,74,296.2,100,83,-1.5,16.4,998.1
8123,12/3/2024 11:00,32,1,31,6.7,32,211.6,100,83,-1.6,15.8,998.4
8124,12/3/2024 12:00,12,0,12,0.0,12,83.2,100,85,-1.8,13.9,998.9
8125,12/3/2024 13:00,0,0,0,0.0,0,0.0,100,88,-2.2,12.2,998.8
8126,12/3/2024 14:00,0,0,0,0.0,0,0.0,100,90,-2.1,12.8,998.9
8127,12/3/2024 15:00,0,0,0,0.0,0,0.0,100,92,-2.2,12.8,998.9
8128,12/3/2024 16:00,0,0,0,0.0,0,0.0,100,92,-1.9,13.2,999.0
8129,12/3/2024 17:00,0,0,0,0.0,0,0.0,100,93,-1.9,13.5,999.0
8130,12/3/2024 18:00,0,0,0,0.0,0,0.0,100,93,-1.8,14.0,998.9
8131,12/3/2024 19:00,0,0,0,0.0,0,0.0,100,94,-1.7,13.4,999.0
8132,12/3/2024 20:00,0,0,0,0.0,0,0.0,100,94,-1.6,12.9,999.0
8133,12/3/2024 21:00,0,0,0,0.0,0,0.0,100,94,-1.6,12.2,999.0
8134,12/3/2024 22:00,0,0,0,0.0,0,0.0,100,94,-1.5,11.3,999.0
8135,12/3/2024 23:00,0,0,0,0.0,0,0.0,100,94,-1.5,11.3,999.1
8136,12/4/2024 0:00,0,0,0,0.0,0,0.0,100,93,-1.6,12.2,999.1
8137,12/4/2024 1:00,0,0,0,0.0,0,0.0,100,95,-2.4,13.1,998.5
8138,12/4/2024 2:00,0,0,0,0.0,0,0.0,100,96,-2.5,13.4,998.5
8139,12/4/2024 3:00,0,0,0,0.0,0,0.0,100,95,-2.5,13.8,998.5
8140,12/4/2024 4:00,0,0,0,0.0,0,0.0,100,95,-2.7,14.2,998.7
8141,12/4/2024 5:00,1,0,1,0.0,1,20.0,100,94,-2.8,14.9,998.7
8142,12/4/2024 6:00,19,1,18,9.4,19,129.5,100,91,-2.8,16.7,998.7
8143,12/4/2024 7:00,34,1,33,5.8,34,243.4,100,88,-2.8,16.2,998.6
8144,12/4/2024 8:00,54,0,54,0.0,54,311.1,100,87,-2.7,16.7,998.5
8145,12/4/2024 9:00,59,2,57,8.6,59,328.2,100,86,-2.7,16.9,998.2
8146,12/4/2024 10:00,55,2,53,9.6,55,293.5,100,86,-2.7,17.1,998.2
8147,12/4/2024 11:00,33,1,32,6.7,33,209.3,100,86,-2.8,16.9,998.1
8148,12/4/2024 12:00,12,0,12,0.0,12,81.4,100,90,-2.9,15.3,998.2
8149,12/4/2024 13:00,0,0,0,0.0,0,0.0,100,91,-3.8,15.4,998.2
8150,12/4/2024 14:00,0,0,0,0.0,0,0.0,100,90,-3.5,15.9,998.3
8151,12/4/2024 15:00,0,0,0,0.0,0,0.0,100,89,-3.5,15.1,998.2
8152,12/4/2024 16:00,0,0,0,0.0,0,0.0,100,89,-3.6,14.4,998.2
8153,12/4/2024 17:00,0,0,0,0.0,0,0.0,100,89,-3.7,13.3,998.2
8154,12/4/2024 18:00,0,0,0,0.0,0,0.0,100,87,-3.7,13.8,998.0
8155,12/4/2024 19:00,0,0,0,0.0,0,0.0,100,86,-3.7,14.3,998.0
8156,12/4/2024 20:00,0,0,0,0.0,0,0.0,100,86,-3.7,13.5,998.2
8157,12/4/2024 21:00,0,0,0,0.0,0,0.0,100,87,-3.7,12.6,998.1
8158,12/4/2024 22:00,0,0,0,0.0,0,0.0,100,87,-3.8,12.7,998.1
8159,12/4/2024 23:00,0,0,0,0.0,0,0.0,100,87,-3.7,13.8,998.3
8160,12/5/2024 0:00,0,0,0,0.0,0,0.0,100,87,-3.7,13.9,998.4
8161,12/5/2024 1:00,0,0,0,0.0,0,0.0,100,89,-4.5,11.9,998.6
8162,12/5/2024 2:00,0,0,0,0.0,0,0.0,100,90,-4.3,11.3,998.7
8163,12/5/2024 3:00,0,0,0,0.0,0,0.0,100,90,-4.2,11.0,998.8
8164,12/5/2024 4:00,0,0,0,0.0,0,0.0,100,90,-4.1,10.6,999.0
8165,12/5/2024 5:00,1,0,1,0.0,1,18.0,100,90,-3.8,10.1,999.4
8166,12/5/2024 6:00,9,0,9,0.0,9,125.7,100,90,-3.2,11.2,999.8
8167,12/5/2024 7:00,27,1,26,5.9,27,239.8,100,85,-2.6,15.2,1000.4
8168,12/5/2024 8:00,105,7,98,32.0,105,307.9,59,71,-3.3,19.4,1001.1
8169,12/5/2024 9:00,162,71,91,307.4,162,325.4,100,75,-4.4,18.3,1001.7
8170,12/5/2024 10:00,75,2,73,9.7,75,291.0,100,80,-4.8,17.8,1002.5
8171,12/5/2024 11:00,42,1,41,6.8,42,207.2,100,74,-4.9,18.0,1003.2
8172,12/5/2024 12:00,16,1,15,11.1,16,79.7,100,73,-5.0,14.2,1003.9
8173,12/5/2024 13:00,0,0,0,0.0,0,0.0,100,76,-4.8,11.8,1004.5
8174,12/5/2024 14:00,0,0,0,0.0,0,0.0,100,77,-4.4,10.7,1005.1
8175,12/5/2024 15:00,0,0,0,0.0,0,0.0,100,75,-4.2,11.7,1005.5
8176,12/5/2024 16:00,0,0,0,0.0,0,0.0,100,75,-4.1,13.4,1005.8
8177,12/5/2024 17:00,0,0,0,0.0,0,0.0,100,74,-4.1,13.4,1006.2
8178,12/5/2024 18:00,0,0,0,0.0,0,0.0,99,72,-4.2,14.0,1006.6
8179,12/5/2024 19:00,0,0,0,0.0,0,0.0,100,71,-4.4,11.2,1006.9
8180,12/5/2024 20:00,0,0,0,0.0,0,0.0,100,72,-4.2,11.5,1007.4
8181,12/5/2024 21:00,0,0,0,0.0,0,0.0,100,74,-4.2,9.9,1007.8
8182,12/5/2024 22:00,0,0,0,0.0,0,0.0,94,73,-4.3,12.8,1008.2
8183,12/5/2024 23:00,0,0,0,0.0,0,0.0,100,71,-5.1,13.0,1008.7
8184,12/6/2024 0:00,0,0,0,0.0,0,0.0,97,70,-5.3,13.9,1009.2
8185,12/6/2024 1:00,0,0,0,0.0,0,0.0,100,77,-6.2,10.8,1009.4
8186,12/6/2024 2:00,0,0,0,0.0,0,0.0,100,79,-6.1,9.7,1009.9
8187,12/6/2024 3:00,0,0,0,0.0,0,0.0,100,79,-6.5,8.2,1010.2
8188,12/6/2024 4:00,0,0,0,0.0,0,0.0,86,80,-6.9,7.2,1010.4
8189,12/6/2024 5:00,3,0,3,0.0,3,16.0,78,82,-7.8,6.6,1010.7
8190,12/6/2024 6:00,51,18,33,173.9,51,122.1,45,81,-7.7,7.0,1010.9
8191,12/6/2024 7:00,140,94,46,560.2,140,236.4,50,76,-6.7,8.5,1011.4
8192,12/6/2024 8:00,188,126,62,582.4,188,304.8,93,73,-6.2,9.7,1011.5
8193,12/6/2024 9:00,146,34,112,148.5,146,322.7,98,73,-6.1,9.8,1011.6
8194,12/6/2024 10:00,109,13,96,63.4,109,288.7,100,74,-6.3,9.6,1011.7
8195,12/6/2024 11:00,71,13,58,89.2,71,205.3,100,75,-6.7,9.0,1011.8
8196,12/6/2024 12:00,20,1,19,11.2,20,78.1,100,77,-7.0,7.6,1012.1
8197,12/6/2024 13:00,0,0,0,0.0,0,0.0,100,79,-7.2,8.9,1012.4
8198,12/6/2024 14:00,0,0,0,0.0,0,0.0,100,79,-7.2,7.8,1012.9
8199,12/6/2024 15:00,0,0,0,0.0,0,0.0,100,79,-7.2,6.3,1013.1
8200,12/6/2024 16:00,0,0,0,0.0,0,0.0,100,79,-7.2,5.2,1013.2
8201,12/6/2024 17:00,0,0,0,0.0,0,0.0,100,80,-7.3,3.8,1013.8
8202,12/6/2024 18:00,0,0,0,0.0,0,0.0,100,80,-7.4,3.4,1013.8
8203,12/6/2024 19:00,0,0,0,0.0,0,0.0,100,81,-7.6,1.8,1013.9
8204,12/6/2024 20:00,0,0,0,0.0,0,0.0,100,78,-7.6,1.5,1014.1
8205,12/6/2024 21:00,0,0,0,0.0,0,0.0,100,81,-7.8,1.0,1014.2
8206,12/6/2024 22:00,0,0,0,0.0,0,0.0,100,82,-7.9,1.0,1014.4
8207,12/6/2024 23:00,0,0,0,0.0,0,0.0,100,82,-7.9,1.2,1014.6
8208,12/7/2024 0:00,0,0,0,0.0,0,0.0,100,81,-7.8,3.0,1014.5
8209,12/7/2024 1:00,0,0,0,0.0,0,0.0,99,73,-8.8,6.0,1014.8
8210,12/7/2024 2:00,0,0,0,0.0,0,0.0,100,74,-9.0,6.7,1014.8
8211,12/7/2024 3:00,0,0,0,0.0,0,0.0,100,73,-9.1,7.1,1014.8
8212,12/7/2024 4:00,0,0,0,0.0,0,0.0,99,74,-9.2,6.2,1015.0
8213,12/7/2024 5:00,2,0,2,0.0,2,14.2,100,74,-9.2,5.7,1015.1
8214,12/7/2024 6:00,37,3,34,29.4,37,118.6,100,72,-8.9,6.7,1015.2
8215,12/7/2024 7:00,93,20,73,120.9,93,233.2,100,71,-8.6,6.8,1015.3
8216,12/7/2024 8:00,128,28,100,130.7,128,301.9,99,68,-8.2,7.3,1015.1
8217,12/7/2024 9:00,155,59,96,259.8,155,320.1,72,66,-7.8,6.9,1015.1
8218,12/7/2024 10:00,154,80,74,393.4,154,286.6,52,64,-7.7,5.3,1014.6
8219,12/7/2024 11:00,108,58,50,401.5,108,203.6,1,64,-7.9,4.7,1014.5
8220,12/7/2024 12:00,35,18,17,203.0,35,76.7,8,73,-9.4,4.2,1014.3
8221,12/7/2024 13:00,0,0,0,0.0,0,0.0,8,81,-10.2,4.2,1015.1
8222,12/7/2024 14:00,0,0,0,0.0,0,0.0,1,82,-10.7,4.4,1015.1
8223,12/7/2024 15:00,0,0,0,0.0,0,0.0,0,83,-11.1,5.2,1015.0
8224,12/7/2024 16:00,0,0,0,0.0,0,0.0,0,84,-11.4,6.0,1014.9
8225,12/7/2024 17:00,0,0,0,0.0,0,0.0,33,84,-11.6,5.9,1014.8
8226,12/7/2024 18:00,0,0,0,0.0,0,0.0,100,84,-11.7,6.4,1014.4
8227,12/7/2024 19:00,0,0,0,0.0,0,0.0,100,82,-11.1,7.8,1014.5
8228,12/7/2024 20:00,0,0,0,0.0,0,0.0,100,84,-11.3,8.2,1014.2
8229,12/7/2024 21:00,0,0,0,0.0,0,0.0,60,84,-11.5,7.6,1014.0
8230,12/7/2024 22:00,0,0,0,0.0,0,0.0,0,85,-11.9,6.8,1013.9
8231,12/7/2024 23:00,0,0,0,0.0,0,0.0,95,86,-12.1,7.1,1014.0
8232,12/8/2024 0:00,0,0,0,0.0,0,0.0,100,86,-12.2,7.4,1014.0
8233,12/8/2024 1:00,0,0,0,0.0,0,0.0,100,88,-13.0,8.0,1014.9
8234,12/8/2024 2:00,0,0,0,0.0,0,0.0,90,89,-12.8,8.7,1014.9
8235,12/8/2024 3:00,0,0,0,0.0,0,0.0,95,89,-12.7,9.4,1014.6
8236,12/8/2024 4:00,0,0,0,0.0,0,0.0,86,89,-12.5,10.2,1014.5
8237,12/8/2024 5:00,2,0,2,0.0,2,12.4,95,89,-12.5,11.1,1014.7
8238,12/8/2024 6:00,45,12,33,118.9,45,115.2,100,88,-11.8,10.4,1014.7
8239,12/8/2024 7:00,104,31,73,190.0,104,230.0,100,83,-11.0,11.4,1014.5
8240,12/8/2024 8:00,157,70,87,329.9,157,299.1,100,77,-10.1,10.9,1014.1
8241,12/8/2024 9:00,180,100,80,443.7,180,317.7,100,70,-9.4,10.7,1013.8
8242,12/8/2024 10:00,143,54,89,267.5,143,284.6,100,67,-9.1,10.2,1013.5
8243,12/8/2024 11:00,91,25,66,174.5,91,202.0,92,67,-9.2,10.4,1013.4
8244,12/8/2024 12:00,32,14,18,158.8,32,75.5,100,74,-10.6,10.3,1013.1
8245,12/8/2024 13:00,0,0,0,0.0,0,0.0,87,84,-11.9,11.8,1013.6
8246,12/8/2024 14:00,0,0,0,0.0,0,0.0,100,85,-12.4,12.0,1013.5
8247,12/8/2024 15:00,0,0,0,0.0,0,0.0,100,85,-12.6,12.6,1013.1
8248,12/8/2024 16:00,0,0,0,0.0,0,0.0,100,85,-12.6,13.4,1012.8
8249,12/8/2024 17:00,0,0,0,0.0,0,0.0,100,84,-12.6,13.6,1012.5
8250,12/8/2024 18:00,0,0,0,0.0,0,0.0,99,83,-12.9,14.2,1011.9
8251,12/8/2024 19:00,0,0,0,0.0,0,0.0,100,82,-12.6,13.6,1011.7
8252,12/8/2024 20:00,0,0,0,0.0,0,0.0,99,83,-13.0,13.7,1011.4
8253,12/8/2024 21:00,0,0,0,0.0,0,0.0,100,82,-12.9,13.3,1011.1
8254,12/8/2024 22:00,0,0,0,0.0,0,0.0,100,82,-12.8,11.5,1011.1
8255,12/8/2024 23:00,0,0,0,0.0,0,0.0,100,81,-12.6,13.4,1010.8
8256,12/9/2024 0:00,0,0,0,0.0,0,0.0,100,80,-12.3,15.5,1009.8
8257,12/9/2024 1:00,0,0,0,0.0,0,0.0,100,82,-12.6,11.2,1010.5
8258,12/9/2024 2:00,0,0,0,0.0,0,0.0,100,81,-12.1,10.7,1010.2
8259,12/9/2024 3:00,0,0,0,0.0,0,0.0,100,80,-11.4,13.0,1009.9
8260,12/9/2024 4:00,0,0,0,0.0,0,0.0,100,79,-11.1,13.5,1009.8
8261,12/9/2024 5:00,1,0,1,0.0,1,10.7,100,80,-10.9,13.5,1009.6
8262,12/9/2024 6:00,18,0,18,0.0,18,112.0,100,78,-10.4,13.0,1009.4
8263,12/9/2024 7:00,59,1,58,6.2,59,227.1,100,76,-9.7,13.6,1009.4
8264,12/9/2024 8:00,79,1,78,4.8,79,296.5,100,74,-9.1,14.3,1009.0
8265,12/9/2024 9:00,91,2,89,8.9,91,315.5,100,73,-8.5,14.7,1008.3
8266,12/9/2024 10:00,79,2,77,10.0,79,282.8,100,73,-8.0,14.5,1008.0
8267,12/9/2024 11:00,47,1,46,7.0,47,200.6,100,73,-7.8,13.3,1007.6
8268,12/9/2024 12:00,16,0,16,0.0,16,74.5,100,73,-7.6,15.6,1007.4
8269,12/9/2024 13:00,0,0,0,0.0,0,0.0,100,77,-7.1,16.4,1007.9
8270,12/9/2024 14:00,0,0,0,0.0,0,0.0,100,76,-6.8,17.1,1007.8
8271,12/9/2024 15:00,0,0,0,0.0,0,0.0,100,76,-6.8,17.2,1007.4
8272,12/9/2024 16:00,0,0,0,0.0,0,0.0,100,76,-6.6,18.1,1006.9
8273,12/9/2024 17:00,0,0,0,0.0,0,0.0,100,76,-6.4,18.2,1006.7
8274,12/9/2024 18:00,0,0,0,0.0,0,0.0,100,76,-6.3,18.8,1005.9
8275,12/9/2024 19:00,0,0,0,0.0,0,0.0,100,76,-6.4,18.9,1005.5
8276,12/9/2024 20:00,0,0,0,0.0,0,0.0,100,75,-6.3,20.1,1005.1
8277,12/9/2024 21:00,0,0,0,0.0,0,0.0,100,75,-6.4,19.6,1004.7
8278,12/9/2024 22:00,0,0,0,0.0,0,0.0,100,74,-6.2,19.8,1004.2
8279,12/9/2024 23:00,0,0,0,0.0,0,0.0,100,72,-5.8,20.4,1004.1
8280,12/10/2024 0:00,0,0,0,0.0,0,0.0,100,71,-6.1,20.7,1003.4
8281,12/10/2024 1:00,0,0,0,0.0,0,0.0,100,72,-6.8,20.1,1003.2
8282,12/10/2024 2:00,0,0,0,0.0,0,0.0,100,73,-7.1,19.0,1002.7
8283,12/10/2024 3:00,0,0,0,0.0,0,0.0,100,74,-7.4,19.4,1002.2
8284,12/10/2024 4:00,0,0,0,0.0,0,0.0,100,75,-7.6,19.5,1001.8
8285,12/10/2024 5:00,1,0,1,0.0,1,9.0,100,72,-7.5,19.7,1001.5
8286,12/10/2024 6:00,26,0,26,0.0,26,108.9,100,72,-7.2,17.7,1001.3
8287,12/10/2024 7:00,59,0,59,0.0,59,224.3,100,72,-7.1,17.7,1000.9
8288,12/10/2024 8:00,76,0,76,0.0,76,294.0,100,76,-7.1,16.7,1000.2
8289,12/10/2024 9:00,74,0,74,0.0,74,313.5,100,76,-6.8,15.4,999.8
8290,12/10/2024 10:00,49,0,49,0.0,49,281.2,100,77,-6.8,14.1,999.5
8291,12/10/2024 11:00,25,0,25,0.0,25,199.4,100,79,-7.0,13.1,999.3
8292,12/10/2024 12:00,7,0,7,0.0,7,73.7,100,81,-7.2,14.1,999.1
8293,12/10/2024 13:00,0,0,0,0.0,0,0.0,100,85,-7.0,14.5,999.0
8294,12/10/2024 14:00,0,0,0,0.0,0,0.0,100,86,-7.1,14.5,998.9
8295,12/10/2024 15:00,0,0,0,0.0,0,0.0,100,87,-7.1,14.1,998.5
8296,12/10/2024 16:00,0,0,0,0.0,0,0.0,100,87,-6.9,13.2,998.0
8297,12/10/2024 17:00,0,0,0,0.0,0,0.0,100,88,-6.9,13.0,997.4
8298,12/10/2024 18:00,0,0,0,0.0,0,0.0,100,88,-6.8,13.1,997.1
8299,12/10/2024 19:00,0,0,0,0.0,0,0.0,100,88,-6.8,13.6,996.5
8300,12/10/2024 20:00,0,0,0,0.0,0,0.0,100,88,-6.8,13.8,996.2
8301,12/10/2024 21:00,0,0,0,0.0,0,0.0,100,89,-6.8,14.2,995.1
8302,12/10/2024 22:00,0,0,0,0.0,0,0.0,100,91,-7.0,11.8,994.8
8303,12/10/2024 23:00,0,0,0,0.0,0,0.0,100,91,-7.1,12.1,994.5
8304,12/11/2024 0:00,0,0,0,0.0,0,0.0,100,92,-7.2,13.7,993.5
8305,12/11/2024 1:00,0,0,0,0.0,0,0.0,100,91,-7.2,13.6,992.9
8306,12/11/2024 2:00,0,0,0,0.0,0,0.0,100,92,-7.2,14.2,992.3
8307,12/11/2024 3:00,0,0,0,0.0,0,0.0,100,92,-7.2,14.6,991.3
8308,12/11/2024 4:00,0,0,0,0.0,0,0.0,100,92,-7.3,13.9,990.8
8309,12/11/2024 5:00,0,0,0,0.0,0,7.5,100,92,-7.2,14.0,990.5
8310,12/11/2024 6:00,10,0,10,0.0,10,105.9,100,91,-7.1,15.0,990.0
8311,12/11/2024 7:00,17,0,17,0.0,17,221.6,100,92,-6.9,14.9,989.3
8312,12/11/2024 8:00,30,0,30,0.0,30,291.8,100,91,-6.3,15.9,988.4
8313,12/11/2024 9:00,48,0,48,0.0,48,311.6,100,91,-5.9,16.1,987.4
8314,12/11/2024 10:00,39,1,38,5.0,39,279.7,100,91,-5.6,16.7,986.8
8315,12/11/2024 11:00,16,0,16,0.0,16,198.3,100,92,-5.6,15.7,986.1
8316,12/11/2024 12:00,6,0,6,0.0,6,73.0,100,93,-5.6,13.8,985.4
8317,12/11/2024 13:00,0,0,0,0.0,0,0.0,100,94,-5.2,20.1,984.4
8318,12/11/2024 14:00,0,0,0,0.0,0,0.0,100,94,-4.2,22.5,983.7
8319,12/11/2024 15:00,0,0,0,0.0,0,0.0,100,94,-3.8,22.0,982.9
8320,12/11/2024 16:00,0,0,0,0.0,0,0.0,100,95,-3.5,21.5,982.2
8321,12/11/2024 17:00,0,0,0,0.0,0,0.0,100,94,-3.2,21.7,981.5
8322,12/11/2024 18:00,0,0,0,0.0,0,0.0,100,94,-3.0,22.3,980.7
8323,12/11/2024 19:00,0,0,0,0.0,0,0.0,100,92,-2.9,23.3,980.1
8324,12/11/2024 20:00,0,0,0,0.0,0,0.0,100,92,-2.8,23.4,979.5
8325,12/11/2024 21:00,0,0,0,0.0,0,0.0,100,94,-2.9,22.8,979.0
8326,12/11/2024 22:00,0,0,0,0.0,0,0.0,100,93,-2.8,22.1,978.4
8327,12/11/2024 23:00,0,0,0,0.0,0,0.0,100,93,-3.0,21.7,978.3
8328,12/12/2024 0:00,0,0,0,0.0,0,0.0,100,93,-3.2,21.2,977.8
8329,12/12/2024 1:00,0,0,0,0.0,0,0.0,100,93,-2.8,20.9,977.0
8330,12/12/2024 2:00,0,0,0,0.0,0,0.0,100,94,-2.9,20.4,976.4
8331,12/12/2024 3:00,0,0,0,0.0,0,0.0,100,94,-3.0,20.5,975.8
8332,12/12/2024 4:00,0,0,0,0.0,0,0.0,100,94,-3.0,19.4,975.4
8333,12/12/2024 5:00,0,0,0,0.0,0,6.0,100,94,-3.0,18.1,975.4
8334,12/12/2024 6:00,11,0,11,0.0,11,103.2,100,95,-2.8,17.7,974.8
8335,12/12/2024 7:00,18,0,18,0.0,18,219.2,100,95,-2.8,14.4,974.3
8336,12/12/2024 8:00,22,0,22,0.0,22,289.6,100,95,-2.6,16.8,973.7
8337,12/12/2024 9:00,32,0,32,0.0,32,309.9,100,96,-2.5,18.3,972.7
8338,12/12/2024 10:00,16,0,16,0.0,16,278.4,100,97,-2.5,14.2,971.8
8339,12/12/2024 11:00,20,0,20,0.0,20,197.4,100,97,-2.5,12.5,971.0
8340,12/12/2024 12:00,5,0,5,0.0,5,72.5,100,96,-2.8,15.3,970.0
8341,12/12/2024 13:00,0,0,0,0.0,0,0.0,100,96,-2.8,15.6,968.6
8342,12/12/2024 14:00,0,0,0,0.0,0,0.0,100,95,-2.7,15.5,967.1
8343,12/12/2024 15:00,0,0,0,0.0,0,0.0,100,95,-2.6,16.3,965.2
8344,12/12/2024 16:00,0,0,0,0.0,0,0.0,100,95,-2.3,15.7,964.0
8345,12/12/2024 17:00,0,0,0,0.0,0,0.0,100,95,-1.9,17.3,962.6
8346,12/12/2024 18:00,0,0,0,0.0,0,0.0,100,98,-1.4,17.6,961.6
8347,12/12/2024 19:00,0,0,0,0.0,0,0.0,100,97,-0.7,18.0,960.7
8348,12/12/2024 20:00,0,0,0,0.0,0,0.0,100,96,-0.2,17.9,960.0
8349,12/12/2024 21:00,0,0,0,0.0,0,0.0,100,97,-0.1,17.1,959.6
8350,12/12/2024 22:00,0,0,0,0.0,0,0.0,100,98,-0.3,15.1,959.3
8351,12/12/2024 23:00,0,0,0,0.0,0,0.0,100,96,-1.3,14.6,959.5
8352,12/13/2024 0:00,0,0,0,0.0,0,0.0,100,95,-2.3,13.9,959.7
8353,12/13/2024 1:00,0,0,0,0.0,0,0.0,100,96,-3.0,15.3,959.5
8354,12/13/2024 2:00,0,0,0,0.0,0,0.0,100,94,-3.8,15.1,960.0
8355,12/13/2024 3:00,0,0,0,0.0,0,0.0,100,93,-4.2,16.2,960.5
8356,12/13/2024 4:00,0,0,0,0.0,0,0.0,100,93,-4.5,16.9,961.2
8357,12/13/2024 5:00,0,0,0,0.0,0,4.6,100,93,-4.5,14.8,961.9
8358,12/13/2024 6:00,24,0,24,0.0,24,100.6,100,93,-4.2,14.0,962.1
8359,12/13/2024 7:00,45,0,45,0.0,45,216.9,100,90,-4.3,19.5,963.0
8360,12/13/2024 8:00,60,0,60,0.0,60,287.7,100,91,-4.7,18.1,963.4
8361,12/13/2024 9:00,70,0,70,0.0,70,308.3,100,87,-5.1,21.5,963.8
8362,12/13/2024 10:00,67,1,66,5.1,67,277.3,100,87,-5.9,21.3,964.4
8363,12/13/2024 11:00,38,0,38,0.0,38,196.7,100,87,-6.4,21.3,965.2
8364,12/13/2024 12:00,14,0,14,0.0,14,72.1,100,87,-6.9,21.6,965.9
8365,12/13/2024 13:00,0,0,0,0.0,0,0.0,100,87,-6.7,22.2,965.8
8366,12/13/2024 14:00,0,0,0,0.0,0,0.0,100,88,-7.2,20.8,966.4
8367,12/13/2024 15:00,0,0,0,0.0,0,0.0,100,87,-7.5,19.6,966.5
8368,12/13/2024 16:00,0,0,0,0.0,0,0.0,100,86,-7.4,20.0,966.8
8369,12/13/2024 17:00,0,0,0,0.0,0,0.0,100,87,-7.2,20.5,967.1
8370,12/13/2024 18:00,0,0,0,0.0,0,0.0,100,87,-7.2,21.4,967.6
8371,12/13/2024 19:00,0,0,0,0.0,0,0.0,100,88,-7.3,21.8,968.0
8372,12/13/2024 20:00,0,0,0,0.0,0,0.0,100,89,-7.3,20.8,968.2
8373,12/13/2024 21:00,0,0,0,0.0,0,0.0,100,89,-7.3,19.5,968.3
8374,12/13/2024 22:00,0,0,0,0.0,0,0.0,100,89,-7.2,16.7,968.5
8375,12/13/2024 23:00,0,0,0,0.0,0,0.0,100,90,-7.4,15.2,969.1
8376,12/14/2024 0:00,0,0,0,0.0,0,0.0,100,90,-7.6,15.6,969.6
8377,12/14/2024 1:00,0,0,0,0.0,0,0.0,100,88,-8.7,15.0,969.4
8378,12/14/2024 2:00,0,0,0,0.0,0,0.0,100,88,-9.3,15.3,969.9
8379,12/14/2024 3:00,0,0,0,0.0,0,0.0,100,87,-9.6,15.5,970.2
8380,12/14/2024 4:00,0,0,0,0.0,0,0.0,100,87,-9.6,15.9,970.9
8381,12/14/2024 5:00,0,0,0,0.0,0,3.3,100,87,-9.6,16.0,971.7
8382,12/14/2024 6:00,26,0,26,0.0,26,98.1,100,86,-9.6,17.8,972.5
8383,12/14/2024 7:00,63,2,61,13.1,63,214.7,100,79,-10.5,18.8,973.6
8384,12/14/2024 8:00,86,1,85,4.9,86,286.0,100,78,-10.6,18.9,974.0
8385,12/14/2024 9:00,84,2,82,9.2,84,307.0,100,76,-11.0,19.2,974.4
8386,12/14/2024 10:00,85,12,73,61.3,85,276.4,100,73,-11.2,17.5,974.7
8387,12/14/2024 11:00,68,4,64,28.8,68,196.2,100,78,-11.6,15.8,975.2
8388,12/14/2024 12:00,22,0,22,0.0,22,71.9,100,82,-11.6,16.9,975.7
8389,12/14/2024 13:00,0,0,0,0.0,0,0.0,100,84,-11.4,15.7,975.4
8390,12/14/2024 14:00,0,0,0,0.0,0,0.0,100,82,-11.0,16.4,976.0
8391,12/14/2024 15:00,0,0,0,0.0,0,0.0,100,84,-10.4,17.6,976.3
8392,12/14/2024 16:00,0,0,0,0.0,0,0.0,100,82,-10.1,20.7,977.0
8393,12/14/2024 17:00,0,0,0,0.0,0,0.0,100,82,-10.4,20.9,977.6
8394,12/14/2024 18:00,0,0,0,0.0,0,0.0,100,83,-10.6,19.6,978.1
8395,12/14/2024 19:00,0,0,0,0.0,0,0.0,100,83,-10.8,18.4,978.7
8396,12/14/2024 20:00,0,0,0,0.0,0,0.0,100,83,-11.1,17.8,979.6
8397,12/14/2024 21:00,0,0,0,0.0,0,0.0,100,82,-11.7,17.1,980.2
8398,12/14/2024 22:00,0,0,0,0.0,0,0.0,100,82,-11.9,17.2,981.0
8399,12/14/2024 23:00,0,0,0,0.0,0,0.0,100,82,-12.1,17.2,982.0
8400,12/15/2024 0:00,0,0,0,0.0,0,0.0,100,82,-12.6,16.0,982.5
8401,12/15/2024 1:00,0,0,0,0.0,0,0.0,100,84,-13.6,14.1,982.3
8402,12/15/2024 2:00,0,0,0,0.0,0,0.0,100,86,-13.9,12.8,982.9
8403,12/15/2024 3:00,0,0,0,0.0,0,0.0,100,86,-14.2,11.6,983.3
8404,12/15/2024 4:00,0,0,0,0.0,0,0.0,100,86,-14.1,10.4,984.0
8405,12/15/2024 5:00,1,0,1,0.0,1,2.1,100,85,-14.2,12.0,984.8
8406,12/15/2024 6:00,31,1,30,10.6,31,95.9,100,84,-14.4,14.1,985.5
8407,12/15/2024 7:00,83,3,80,19.9,83,212.8,100,83,-14.7,14.1,986.1
8408,12/15/2024 8:00,129,10,119,49.6,129,284.4,100,83,-15.0,13.0,986.3
8409,12/15/2024 9:00,136,14,122,64.6,136,305.9,100,83,-15.2,14.8,985.9
8410,12/15/2024 10:00,113,7,106,35.9,113,275.7,100,82,-15.8,16.5,985.7
8411,12/15/2024 11:00,59,0,59,0.0,59,195.9,100,83,-16.4,16.2,986.0
8412,12/15/2024 12:00,18,0,18,0.0,18,71.9,100,82,-16.5,15.9,985.6
8413,12/15/2024 13:00,0,0,0,0.0,0,0.0,100,85,-15.6,16.0,984.8
8414,12/15/2024 14:00,0,0,0,0.0,0,0.0,100,85,-14.8,21.5,984.1
8415,12/15/2024 15:00,0,0,0,0.0,0,0.0,100,85,-13.6,22.2,983.4
8416,12/15/2024 16:00,0,0,0,0.0,0,0.0,100,86,-12.8,24.5,982.5
8417,12/15/2024 17:00,0,0,0,0.0,0,0.0,100,86,-11.3,26.3,981.8
8418,12/15/2024 18:00,0,0,0,0.0,0,0.0,100,87,-9.9,26.5,981.3
8419,12/15/2024 19:00,0,0,0,0.0,0,0.0,100,88,-8.6,25.1,980.9
8420,12/15/2024 20:00,0,0,0,0.0,0,0.0,100,89,-7.4,26.9,980.3
8421,12/15/2024 21:00,0,0,0,0.0,0,0.0,100,88,-6.7,28.0,979.4
8422,12/15/2024 22:00,0,0,0,0.0,0,0.0,100,89,-6.2,28.8,978.9
8423,12/15/2024 23:00,0,0,0,0.0,0,0.0,100,89,-5.9,29.2,978.5
8424,12/16/2024 0:00,0,0,0,0.0,0,0.0,100,89,-5.6,29.9,978.2
8425,12/16/2024 1:00,0,0,0,0.0,0,0.0,100,90,-5.1,31.2,977.7
8426,12/16/2024 2:00,0,0,0,0.0,0,0.0,100,89,-4.6,31.7,977.3
8427,12/16/2024 3:00,0,0,0,0.0,0,0.0,100,86,-4.8,33.0,977.4
8428,12/16/2024 4:00,0,0,0,0.0,0,0.0,100,83,-5.6,30.7,977.5
8429,12/16/2024 5:00,0,0,0,0.0,0,0.9,100,88,-5.6,29.3,977.4
8430,12/16/2024 6:00,10,0,10,0.0,10,93.9,100,90,-5.1,29.2,976.6
8431,12/16/2024 7:00,29,0,29,0.0,29,211.1,100,90,-4.6,28.0,975.7
8432,12/16/2024 8:00,52,0,52,0.0,52,283.1,100,90,-4.4,28.6,974.6
8433,12/16/2024 9:00,55,0,55,0.0,55,304.9,100,91,-4.2,26.6,973.3
8434,12/16/2024 10:00,45,0,45,0.0,45,275.1,100,92,-3.7,26.0,972.2
8435,12/16/2024 11:00,32,0,32,0.0,32,195.7,100,92,-3.2,25.1,971.3
8436,12/16/2024 12:00,10,0,10,0.0,10,72.1,100,93,-2.8,24.4,970.6
8437,12/16/2024 13:00,0,0,0,0.0,0,0.0,100,94,-2.2,25.1,969.3
8438,12/16/2024 14:00,0,0,0,0.0,0,0.0,100,94,-1.9,24.6,969.0
8439,12/16/2024 15:00,0,0,0,0.0,0,0.0,100,95,-1.6,23.6,968.5
8440,12/16/2024 16:00,0,0,0,0.0,0,0.0,100,95,-1.6,21.7,968.3
8441,12/16/2024 17:00,0,0,0,0.0,0,0.0,100,93,-2.0,24.8,968.7
8442,12/16/2024 18:00,0,0,0,0.0,0,0.0,100,91,-2.6,20.8,969.1
8443,12/16/2024 19:00,0,0,0,0.0,0,0.0,100,93,-3.2,24.8,969.6
8444,12/16/2024 20:00,0,0,0,0.0,0,0.0,100,93,-3.5,23.3,970.1
8445,12/16/2024 21:00,0,0,0,0.0,0,0.0,100,93,-3.7,22.9,970.0
8446,12/16/2024 22:00,0,0,0,0.0,0,0.0,100,94,-3.8,24.0,969.6
8447,12/16/2024 23:00,0,0,0,0.0,0,0.0,100,95,-3.9,23.6,969.2
8448,12/17/2024 0:00,0,0,0,0.0,0,0.0,100,95,-3.8,23.4,968.7
8449,12/17/2024 1:00,0,0,0,0.0,0,0.0,100,96,-3.5,23.1,967.5
8450,12/17/2024 2:00,0,0,0,0.0,0,0.0,100,94,-3.4,24.0,967.2
8451,12/17/2024 3:00,0,0,0,0.0,0,0.0,100,94,-3.4,21.8,966.4
8452,12/17/2024 4:00,0,0,0,0.0,0,0.0,100,94,-3.5,24.2,965.7
8453,12/17/2024 5:00,0,0,0,0.0,0,0.0,100,94,-3.6,24.7,965.2
8454,12/17/2024 6:00,16,0,16,0.0,16,92.0,100,94,-3.7,24.3,964.5
8455,12/17/2024 7:00,36,0,36,0.0,36,209.5,100,93,-3.5,25.1,963.8
8456,12/17/2024 8:00,62,0,62,0.0,62,281.9,100,92,-3.3,25.8,962.7
8457,12/17/2024 9:00,61,0,61,0.0,61,304.1,100,90,-3.2,30.1,961.6
8458,12/17/2024 10:00,50,0,50,0.0,50,274.7,100,90,-3.0,29.2,960.5
8459,12/17/2024 11:00,31,0,31,0.0,31,195.7,100,91,-3.0,28.1,959.9
8460,12/17/2024 12:00,10,0,10,0.0,10,72.5,100,91,-2.9,27.9,959.6
8461,12/17/2024 13:00,0,0,0,0.0,0,0.0,100,97,-2.3,27.4,959.1
8462,12/17/2024 14:00,0,0,0,0.0,0,0.0,100,94,-2.2,24.7,959.1
8463,12/17/2024 15:00,0,0,0,0.0,0,0.0,100,94,-2.0,22.7,959.0
8464,12/17/2024 16:00,0,0,0,0.0,0,0.0,100,94,-1.8,21.7,959.1
8465,12/17/2024 17:00,0,0,0,0.0,0,0.0,88,89,-1.8,21.9,959.0
8466,12/17/2024 18:00,0,0,0,0.0,0,0.0,100,90,-2.5,21.3,958.9
8467,12/17/2024 19:00,0,0,0,0.0,0,0.0,100,91,-2.8,21.6,959.4
8468,12/17/2024 20:00,0,0,0,0.0,0,0.0,100,91,-2.8,20.6,959.8
8469,12/17/2024 21:00,0,0,0,0.0,0,0.0,100,91,-3.0,20.2,960.2
8470,12/17/2024 22:00,0,0,0,0.0,0,0.0,100,91,-3.2,21.0,960.6
8471,12/17/2024 23:00,0,0,0,0.0,0,0.0,100,91,-3.4,19.9,960.9
8472,12/18/2024 0:00,0,0,0,0.0,0,0.0,100,92,-3.9,20.1,961.4
8473,12/18/2024 1:00,0,0,0,0.0,0,0.0,100,92,-4.1,18.3,961.0
8474,12/18/2024 2:00,0,0,0,0.0,0,0.0,100,93,-4.2,16.3,961.3
8475,12/18/2024 3:00,0,0,0,0.0,0,0.0,100,94,-4.7,17.0,961.6
8476,12/18/2024 4:00,0,0,0,0.0,0,0.0,100,94,-5.1,17.2,962.1
8477,12/18/2024 5:00,0,0,0,0.0,0,0.0,100,94,-5.2,17.0,962.4
8478,12/18/2024 6:00,25,0,25,0.0,25,90.3,100,93,-4.8,18.2,962.4
8479,12/18/2024 7:00,79,4,75,27.1,79,208.2,100,88,-4.1,17.6,962.8
8480,12/18/2024 8:00,116,12,104,60.3,116,280.9,100,89,-3.6,16.0,962.9
8481,12/18/2024 9:00,86,1,85,4.7,86,303.6,100,92,-3.4,14.1,962.9
8482,12/18/2024 10:00,67,1,66,5.1,67,274.6,100,95,-3.1,13.0,962.8
8483,12/18/2024 11:00,44,0,44,0.0,44,196.0,100,96,-3.0,12.6,963.2
8484,12/18/2024 12:00,18,2,16,23.1,18,73.0,100,95,-3.2,10.8,963.7
8485,12/18/2024 13:00,0,0,0,0.0,0,0.0,100,97,-3.2,8.8,963.5
8486,12/18/2024 14:00,0,0,0,0.0,0,0.0,100,97,-3.0,7.0,963.7
8487,12/18/2024 15:00,0,0,0,0.0,0,0.0,100,97,-3.0,7.0,963.9
8488,12/18/2024 16:00,0,0,0,0.0,0,0.0,100,95,-3.4,7.7,964.1
8489,12/18/2024 17:00,0,0,0,0.0,0,0.0,100,95,-3.5,9.7,964.1
8490,12/18/2024 18:00,0,0,0,0.0,0,0.0,100,95,-3.2,12.0,964.3
8491,12/18/2024 19:00,0,0,0,0.0,0,0.0,100,95,-3.2,12.2,964.7
8492,12/18/2024 20:00,0,0,0,0.0,0,0.0,100,95,-3.2,13.6,964.9
8493,12/18/2024 21:00,0,0,0,0.0,0,0.0,100,94,-3.4,13.0,965.3
8494,12/18/2024 22:00,0,0,0,0.0,0,0.0,100,93,-4.1,11.8,965.9
8495,12/18/2024 23:00,0,0,0,0.0,0,0.0,100,93,-4.8,11.3,966.7
8496,12/19/2024 0:00,0,0,0,0.0,0,0.0,100,93,-4.2,11.6,967.4
8497,12/19/2024 1:00,0,0,0,0.0,0,0.0,100,90,-3.6,14.1,967.7
8498,12/19/2024 2:00,0,0,0,0.0,0,0.0,100,89,-4.0,14.0,968.5
8499,12/19/2024 3:00,0,0,0,0.0,0,0.0,100,89,-4.3,15.4,969.4
8500,12/19/2024 4:00,0,0,0,0.0,0,0.0,100,88,-4.2,13.5,970.4
8501,12/19/2024 5:00,0,0,0,0.0,0,0.0,100,90,-4.5,13.8,971.4
8502,12/19/2024 6:00,17,0,17,0.0,17,88.8,100,90,-4.4,13.7,972.2
8503,12/19/2024 7:00,61,1,60,6.8,61,207.0,100,90,-4.2,15.9,973.0
8504,12/19/2024 8:00,86,0,86,0.0,86,280.1,100,91,-4.6,17.6,973.7
8505,12/19/2024 9:00,123,12,111,55.9,123,303.2,100,90,-5.2,16.8,974.4
8506,12/19/2024 10:00,109,5,104,25.7,109,274.6,100,90,-5.6,16.1,975.4
8507,12/19/2024 11:00,62,0,62,0.0,62,196.4,100,91,-6.2,17.4,976.6
8508,12/19/2024 12:00,17,0,17,0.0,17,73.7,100,90,-6.8,15.4,977.6
8509,12/19/2024 13:00,0,0,0,0.0,0,0.0,100,92,-7.3,14.3,978.0
8510,12/19/2024 14:00,0,0,0,0.0,0,0.0,100,92,-7.6,12.2,978.5
8511,12/19/2024 15:00,0,0,0,0.0,0,0.0,100,92,-7.7,12.9,979.2
8512,12/19/2024 16:00,0,0,0,0.0,0,0.0,100,91,-7.4,11.8,979.9
8513,12/19/2024 17:00,0,0,0,0.0,0,0.0,100,90,-7.2,13.1,980.7
8514,12/19/2024 18:00,0,0,0,0.0,0,0.0,100,85,-7.1,13.1,981.2
8515,12/19/2024 19:00,0,0,0,0.0,0,0.0,100,86,-7.5,5.8,981.6
8516,12/19/2024 20:00,0,0,0,0.0,0,0.0,100,90,-7.2,10.6,982.1
8517,12/19/2024 21:00,0,0,0,0.0,0,0.0,84,90,-7.0,12.5,982.7
8518,12/19/2024 22:00,0,0,0,0.0,0,0.0,88,90,-7.6,9.8,983.5
8519,12/19/2024 23:00,0,0,0,0.0,0,0.0,100,91,-8.0,8.9,984.2
8520,12/20/2024 0:00,0,0,0,0.0,0,0.0,100,91,-7.8,10.5,984.9
8521,12/20/2024 1:00,0,0,0,0.0,0,0.0,100,92,-7.9,7.1,985.3
8522,12/20/2024 2:00,0,0,0,0.0,0,0.0,100,91,-7.9,7.7,985.9
8523,12/20/2024 3:00,0,0,0,0.0,0,0.0,100,90,-8.1,9.8,986.3
8524,12/20/2024 4:00,0,0,0,0.0,0,0.0,100,90,-8.5,7.1,987.1
8525,12/20/2024 5:00,0,0,0,0.0,0,0.0,100,91,-8.7,6.6,987.6
8526,12/20/2024 6:00,25,1,24,11.0,25,87.5,100,91,-8.9,8.4,987.8
8527,12/20/2024 7:00,64,1,63,6.9,64,206.0,100,90,-8.6,10.6,988.3
8528,12/20/2024 8:00,82,2,80,10.1,82,279.5,100,90,-8.6,11.1,988.6
8529,12/20/2024 9:00,110,4,106,18.7,110,303.0,100,89,-8.6,12.3,988.7
8530,12/20/2024 10:00,100,3,97,15.4,100,274.9,100,90,-8.8,12.0,989.1
8531,12/20/2024 11:00,58,1,57,7.2,58,197.0,100,89,-8.9,12.7,989.6
8532,12/20/2024 12:00,18,1,17,11.5,18,74.7,100,90,-9.2,14.1,989.9
8533,12/20/2024 13:00,0,0,0,0.0,0,0.0,100,90,-9.4,15.5,989.4
8534,12/20/2024 14:00,0,0,0,0.0,0,0.0,100,90,-9.2,16.2,989.8
8535,12/20/2024 15:00,0,0,0,0.0,0,0.0,100,90,-9.1,19.4,989.6
8536,12/20/2024 16:00,0,0,0,0.0,0,0.0,100,89,-9.4,20.5,989.4
8537,12/20/2024 17:00,0,0,0,0.0,0,0.0,100,90,-9.9,17.5,989.3
8538,12/20/2024 18:00,0,0,0,0.0,0,0.0,100,90,-10.1,19.3,989.2
8539,12/20/2024 19:00,0,0,0,0.0,0,0.0,100,89,-10.4,21.2,989.3
8540,12/20/2024 20:00,0,0,0,0.0,0,0.0,100,88,-10.6,21.3,989.3
8541,12/20/2024 21:00,0,0,0,0.0,0,0.0,100,88,-11.0,20.3,989.4
8542,12/20/2024 22:00,0,0,0,0.0,0,0.0,100,89,-11.1,17.8,989.4
8543,12/20/2024 23:00,0,0,0,0.0,0,0.0,100,89,-10.9,20.8,989.3
8544,12/21/2024 0:00,0,0,0,0.0,0,0.0,100,89,-9.7,23.1,989.0
8545,12/21/2024 1:00,0,0,0,0.0,0,0.0,100,90,-9.1,22.9,988.8
8546,12/21/2024 2:00,0,0,0,0.0,0,0.0,100,90,-8.3,22.3,988.7
8547,12/21/2024 3:00,0,0,0,0.0,0,0.0,100,91,-7.7,22.2,988.8
8548,12/21/2024 4:00,0,0,0,0.0,0,0.0,100,91,-6.8,24.4,988.9
8549,12/21/2024 5:00,0,0,0,0.0,0,0.0,100,92,-6.0,23.8,989.0
8550,12/21/2024 6:00,10,0,10,0.0,10,86.3,100,94,-5.2,22.7,988.8
8551,12/21/2024 7:00,22,0,22,0.0,22,205.2,100,96,-4.4,24.6,988.5
8552,12/21/2024 8:00,56,0,56,0.0,56,279.1,100,95,-3.2,25.6,988.1
8553,12/21/2024 9:00,84,0,84,0.0,84,303.0,100,96,-1.8,21.5,988.0
8554,12/21/2024 10:00,93,6,87,30.8,93,275.3,22,91,-0.6,28.6,988.1
8555,12/21/2024 11:00,102,53,49,378.7,102,197.8,7,87,-1.4,27.4,988.5
8556,12/21/2024 12:00,32,15,17,171.7,32,75.8,20,86,-2.4,26.4,988.9
8557,12/21/2024 13:00,0,0,0,0.0,0,0.0,11,84,-2.9,27.0,989.4
8558,12/21/2024 14:00,0,0,0,0.0,0,0.0,30,84,-3.1,26.9,989.8
8559,12/21/2024 15:00,0,0,0,0.0,0,0.0,47,82,-3.4,26.7,989.7
8560,12/21/2024 16:00,0,0,0,0.0,0,0.0,91,80,-3.7,26.5,989.8
8561,12/21/2024 17:00,0,0,0,0.0,0,0.0,90,81,-4.0,24.3,990.3
8562,12/21/2024 18:00,0,0,0,0.0,0,0.0,100,81,-4.2,24.0,991.0
8563,12/21/2024 19:00,0,0,0,0.0,0,0.0,100,80,-4.0,24.4,991.3
8564,12/21/2024 20:00,0,0,0,0.0,0,0.0,100,82,-4.0,24.1,991.5
8565,12/21/2024 21:00,0,0,0,0.0,0,0.0,100,86,-4.0,23.4,991.5
8566,12/21/2024 22:00,0,0,0,0.0,0,0.0,100,90,-4.0,21.9,991.7
8567,12/21/2024 23:00,0,0,0,0.0,0,0.0,100,92,-3.9,20.6,991.8
8568,12/22/2024 0:00,0,0,0,0.0,0,0.0,100,93,-3.7,20.0,991.9
8569,12/22/2024 1:00,0,0,0,0.0,0,0.0,100,95,-3.0,18.5,992.0
8570,12/22/2024 2:00,0,0,0,0.0,0,0.0,100,95,-2.8,18.0,992.0
8571,12/22/2024 3:00,0,0,0,0.0,0,0.0,100,95,-2.7,18.1,991.9
8572,12/22/2024 4:00,0,0,0,0.0,0,0.0,100,96,-2.7,19.0,992.0
8573,12/22/2024 5:00,0,0,0,0.0,0,0.0,100,96,-2.6,20.2,992.3
8574,12/22/2024 6:00,16,0,16,0.0,16,85.3,100,96,-2.7,19.3,992.2
8575,12/22/2024 7:00,37,0,37,0.0,37,204.5,100,96,-2.8,18.6,992.4
8576,12/22/2024 8:00,47,0,47,0.0,47,278.9,100,95,-2.7,21.4,992.2
8577,12/22/2024 9:00,63,0,63,0.0,63,303.2,100,95,-2.3,20.8,991.8
8578,12/22/2024 10:00,44,0,44,0.0,44,275.9,100,96,-2.2,18.4,991.8
8579,12/22/2024 11:00,39,0,39,0.0,39,198.8,100,95,-2.0,18.0,992.1
8580,12/22/2024 12:00,15,0,15,0.0,15,77.1,100,95,-1.6,22.3,992.4
8581,12/22/2024 13:00,0,0,0,0.0,0,0.0,100,95,-2.0,22.6,992.8
8582,12/22/2024 14:00,0,0,0,0.0,0,0.0,100,94,-2.7,23.8,993.1
8583,12/22/2024 15:00,0,0,0,0.0,0,0.0,100,94,-3.9,20.9,993.2
8584,12/22/2024 16:00,0,0,0,0.0,0,0.0,100,92,-4.7,20.5,993.2
8585,12/22/2024 17:00,0,0,0,0.0,0,0.0,100,87,-5.2,22.3,993.8
8586,12/22/2024 18:00,0,0,0,0.0,0,0.0,100,87,-5.8,21.2,993.9
8587,12/22/2024 19:00,0,0,0,0.0,0,0.0,100,87,-6.8,20.1,994.1
8588,12/22/2024 20:00,0,0,0,0.0,0,0.0,100,87,-7.2,19.9,994.3
8589,12/22/2024 21:00,0,0,0,0.0,0,0.0,100,88,-7.6,18.6,994.2
8590,12/22/2024 22:00,0,0,0,0.0,0,0.0,100,88,-7.6,17.3,994.5
8591,12/22/2024 23:00,0,0,0,0.0,0,0.0,100,88,-7.8,17.5,995.0
8592,12/23/2024 0:00,0,0,0,0.0,0,0.0,100,88,-8.1,17.1,995.2
8593,12/23/2024 1:00,0,0,0,0.0,0,0.0,100,89,-7.8,16.9,995.9
8594,12/23/2024 2:00,0,0,0,0.0,0,0.0,100,89,-8.1,16.6,996.1
8595,12/23/2024 3:00,0,0,0,0.0,0,0.0,100,89,-8.9,16.6,996.1
8596,12/23/2024 4:00,0,0,0,0.0,0,0.0,99,89,-9.5,15.7,996.3
8597,12/23/2024 5:00,0,0,0,0.0,0,0.0,73,89,-10.1,15.8,996.6
8598,12/23/2024 6:00,35,12,23,133.1,35,84.4,67,88,-10.4,16.2,996.7
8599,12/23/2024 7:00,105,49,56,339.5,105,204.1,89,86,-10.0,15.6,997.1
8600,12/23/2024 8:00,151,69,82,349.9,151,278.8,97,85,-9.8,12.9,997.1
8601,12/23/2024 9:00,165,70,95,326.0,165,303.6,100,85,-9.6,12.5,996.9
8602,12/23/2024 10:00,141,46,95,235.0,141,276.7,97,85,-9.5,13.2,996.7
8603,12/23/2024 11:00,98,38,60,268.6,98,200.0,88,84,-9.8,13.5,997.0
8604,12/23/2024 12:00,34,15,19,169.9,34,78.6,82,85,-10.7,12.4,997.2
8605,12/23/2024 13:00,0,0,0,0.0,0,0.0,91,87,-10.6,13.5,997.3
8606,12/23/2024 14:00,0,0,0,0.0,0,0.0,100,86,-11.1,14.2,997.5
8607,12/23/2024 15:00,0,0,0,0.0,0,0.0,100,86,-11.5,14.2,997.5
8608,12/23/2024 16:00,0,0,0,0.0,0,0.0,100,85,-11.8,14.0,997.4
8609,12/23/2024 17:00,0,0,0,0.0,0,0.0,100,84,-11.9,13.8,997.5
8610,12/23/2024 18:00,0,0,0,0.0,0,0.0,99,83,-12.1,13.5,997.4
8611,12/23/2024 19:00,0,0,0,0.0,0,0.0,98,82,-12.5,13.7,997.5
8612,12/23/2024 20:00,0,0,0,0.0,0,0.0,82,81,-12.6,14.0,997.2
8613,12/23/2024 21:00,0,0,0,0.0,0,0.0,52,79,-12.8,14.4,997.0
8614,12/23/2024 22:00,0,0,0,0.0,0,0.0,30,78,-13.1,13.8,996.9
8615,12/23/2024 23:00,0,0,0,0.0,0,0.0,48,77,-13.3,12.4,997.1
8616,12/24/2024 0:00,0,0,0,0.0,0,0.0,59,77,-13.6,11.1,997.0
8617,12/24/2024 1:00,0,0,0,0.0,0,0.0,87,76,-13.4,11.3,996.7
8618,12/24/2024 2:00,0,0,0,0.0,0,0.0,90,76,-13.6,11.2,996.6
8619,12/24/2024 3:00,0,0,0,0.0,0,0.0,98,75,-13.8,12.1,996.7
8620,12/24/2024 4:00,0,0,0,0.0,0,0.0,63,75,-13.8,12.4,996.8
8621,12/24/2024 5:00,0,0,0,0.0,0,0.0,96,74,-14.0,13.0,996.9
8622,12/24/2024 6:00,38,17,21,189.1,38,83.7,93,74,-13.5,13.9,996.9
8623,12/24/2024 7:00,112,59,53,409.4,112,203.7,88,73,-12.7,13.4,997.2
8624,12/24/2024 8:00,173,112,61,567.8,173,278.9,95,73,-11.9,12.3,997.3
8625,12/24/2024 9:00,193,127,66,590.4,193,304.1,99,73,-11.4,12.8,997.2
8626,12/24/2024 10:00,156,73,83,371.7,156,277.7,100,74,-11.4,12.9,997.1
8627,12/24/2024 11:00,93,21,72,147.5,93,201.3,100,76,-11.6,12.0,997.2
8628,12/24/2024 12:00,32,7,25,78.8,32,80.3,100,78,-12.1,10.9,997.3
8629,12/24/2024 13:00,0,0,0,0.0,0,0.0,100,79,-11.5,11.3,996.9
8630,12/24/2024 14:00,0,0,0,0.0,0,0.0,97,81,-11.6,11.2,997.0
8631,12/24/2024 15:00,0,0,0,0.0,0,0.0,100,83,-12.1,11.7,997.2
8632,12/24/2024 16:00,0,0,0,0.0,0,0.0,100,84,-12.1,10.2,997.5
8633,12/24/2024 17:00,0,0,0,0.0,0,0.0,100,85,-11.6,10.3,997.6
8634,12/24/2024 18:00,0,0,0,0.0,0,0.0,100,86,-11.4,10.0,997.6
8635,12/24/2024 19:00,0,0,0,0.0,0,0.0,79,86,-12.4,9.6,997.8
8636,12/24/2024 20:00,0,0,0,0.0,0,0.0,99,87,-12.6,9.7,997.8
8637,12/24/2024 21:00,0,0,0,0.0,0,0.0,100,87,-12.8,9.0,997.9
8638,12/24/2024 22:00,0,0,0,0.0,0,0.0,100,87,-12.5,9.3,997.8
8639,12/24/2024 23:00,0,0,0,0.0,0,0.0,98,87,-12.9,9.0,997.9
8640,12/25/2024 0:00,0,0,0,0.0,0,0.0,99,87,-13.5,8.3,997.9
8641,12/25/2024 1:00,0,0,0,0.0,0,0.0,78,86,-13.8,7.7,997.9
8642,12/25/2024 2:00,0,0,0,0.0,0,0.0,100,88,-14.4,7.7,997.7
8643,12/25/2024 3:00,0,0,0,0.0,0,0.0,100,89,-12.9,8.6,998.0
8644,12/25/2024 4:00,0,0,0,0.0,0,0.0,100,89,-12.1,9.5,998.4
8645,12/25/2024 5:00,0,0,0,0.0,0,0.0,100,89,-11.6,8.9,998.5
8646,12/25/2024 6:00,23,1,22,11.1,23,83.2,100,89,-11.1,8.2,998.8
8647,12/25/2024 7:00,63,2,61,13.9,63,203.6,100,89,-10.8,7.5,998.9
8648,12/25/2024 8:00,93,2,91,10.1,93,279.2,100,89,-10.6,9.7,998.8
8649,12/25/2024 9:00,117,5,112,23.2,117,304.9,100,90,-10.4,10.0,998.8
8650,12/25/2024 10:00,93,2,91,10.1,93,278.8,100,90,-10.1,9.5,998.7
8651,12/25/2024 11:00,65,4,61,27.9,65,202.9,100,89,-9.9,8.5,998.8
8652,12/25/2024 12:00,20,1,19,11.2,20,82.2,100,91,-9.9,6.0,999.0
8653,12/25/2024 13:00,0,0,0,0.0,0,0.0,100,91,-9.6,6.8,999.2
8654,12/25/2024 14:00,0,0,0,0.0,0,0.0,100,91,-9.5,6.0,999.4
8655,12/25/2024 15:00,0,0,0,0.0,0,0.0,100,91,-9.3,6.4,999.3
8656,12/25/2024 16:00,0,0,0,0.0,0,0.0,100,91,-9.2,5.2,999.2
8657,12/25/2024 17:00,0,0,0,0.0,0,0.0,100,91,-9.3,3.8,999.3
8658,12/25/2024 18:00,0,0,0,0.0,0,0.0,100,91,-9.1,4.1,999.3
8659,12/25/2024 19:00,0,0,0,0.0,0,0.0,100,92,-8.9,4.7,999.3
8660,12/25/2024 20:00,0,0,0,0.0,0,0.0,100,92,-8.5,4.7,999.5
8661,12/25/2024 21:00,0,0,0,0.0,0,0.0,100,92,-8.2,5.0,999.3
8662,12/25/2024 22:00,0,0,0,0.0,0,0.0,100,92,-8.0,5.2,999.2
8663,12/25/2024 23:00,0,0,0,0.0,0,0.0,100,92,-7.7,4.9,999.4
8664,12/26/2024 0:00,0,0,0,0.0,0,0.0,100,91,-7.6,4.6,999.8
8665,12/26/2024 1:00,0,0,0,0.0,0,0.0,100,92,-7.4,3.2,999.9
8666,12/26/2024 2:00,0,0,0,0.0,0,0.0,100,92,-7.2,3.1,1000.1
8667,12/26/2024 3:00,0,0,0,0.0,0,0.0,100,92,-7.2,3.6,1000.0
8668,12/26/2024 4:00,0,0,0,0.0,0,0.0,100,91,-7.1,3.8,999.9
8669,12/26/2024 5:00,0,0,0,0.0,0,0.0,100,92,-6.9,3.1,1000.3
8670,12/26/2024 6:00,15,0,15,0.0,15,82.8,100,91,-6.7,3.8,1000.7
8671,12/26/2024 7:00,36,0,36,0.0,36,203.6,100,90,-6.4,6.4,1001.2
8672,12/26/2024 8:00,42,0,42,0.0,42,279.6,100,89,-6.3,8.2,1001.3
8673,12/26/2024 9:00,52,0,52,0.0,52,305.8,100,89,-6.2,7.9,1000.6
8674,12/26/2024 10:00,84,2,82,10.1,84,280.2,100,89,-6.0,9.0,1000.7
8675,12/26/2024 11:00,55,0,55,0.0,55,204.6,100,90,-6.1,9.6,1000.8
8676,12/26/2024 12:00,22,0,22,0.0,22,84.2,100,90,-6.3,9.3,1001.1
8677,12/26/2024 13:00,0,0,0,0.0,0,0.0,100,92,-6.5,8.0,1001.3
8678,12/26/2024 14:00,0,0,0,0.0,0,0.0,100,93,-6.6,8.7,1001.2
8679,12/26/2024 15:00,0,0,0,0.0,0,0.0,100,93,-6.8,11.0,1000.6
8680,12/26/2024 16:00,0,0,0,0.0,0,0.0,100,94,-7.2,12.1,1001.1
8681,12/26/2024 17:00,0,0,0,0.0,0,0.0,100,94,-7.2,9.8,1000.8
8682,12/26/2024 18:00,0,0,0,0.0,0,0.0,100,94,-7.0,13.9,1000.3
8683,12/26/2024 19:00,0,0,0,0.0,0,0.0,100,94,-6.3,15.5,1000.0
8684,12/26/2024 20:00,0,0,0,0.0,0,0.0,100,95,-5.8,15.5,999.5
8685,12/26/2024 21:00,0,0,0,0.0,0,0.0,100,95,-5.5,16.3,999.3
8686,12/26/2024 22:00,0,0,0,0.0,0,0.0,100,95,-5.4,17.7,999.0
8687,12/26/2024 23:00,0,0,0,0.0,0,0.0,100,96,-5.2,17.1,998.9
8688,12/27/2024 0:00,0,0,0,0.0,0,0.0,100,96,-5.2,17.2,998.6
8689,12/27/2024 1:00,0,0,0,0.0,0,0.0,100,95,-6.0,14.7,997.6
8690,12/27/2024 2:00,0,0,0,0.0,0,0.0,100,95,-6.2,16.8,997.3
8691,12/27/2024 3:00,0,0,0,0.0,0,0.0,100,95,-6.3,16.4,996.9
8692,12/27/2024 4:00,0,0,0,0.0,0,0.0,100,94,-6.4,17.9,996.6
8693,12/27/2024 5:00,0,0,0,0.0,0,0.0,100,94,-6.6,18.9,996.3
8694,12/27/2024 6:00,14,0,14,0.0,14,82.6,100,95,-6.3,19.1,996.0
8695,12/27/2024 7:00,31,0,31,0.0,31,203.8,100,94,-6.1,19.1,996.0
8696,12/27/2024 8:00,52,0,52,0.0,52,280.3,100,94,-5.7,18.5,995.6
8697,12/27/2024 9:00,53,0,53,0.0,53,306.8,100,93,-5.3,17.5,995.0
8698,12/27/2024 10:00,42,0,42,0.0,42,281.7,100,94,-5.1,15.4,994.7
8699,12/27/2024 11:00,24,0,24,0.0,24,206.5,100,94,-4.9,14.1,994.6
8700,12/27/2024 12:00,8,0,8,0.0,8,86.4,100,95,-4.8,15.6,994.8
8701,12/27/2024 13:00,0,0,0,0.0,0,0.0,100,94,-3.7,17.6,995.0
8702,12/27/2024 14:00,0,0,0,0.0,0,0.0,100,95,-3.5,17.2,995.3
8703,12/27/2024 15:00,0,0,0,0.0,0,0.0,100,95,-3.2,16.4,995.1
8704,12/27/2024 16:00,0,0,0,0.0,0,0.0,100,94,-3.0,14.9,995.4
8705,12/27/2024 17:00,0,0,0,0.0,0,0.0,100,95,-2.9,13.0,995.6
8706,12/27/2024 18:00,0,0,0,0.0,0,0.0,100,95,-2.8,11.2,995.8
8707,12/27/2024 19:00,0,0,0,0.0,0,0.0,100,96,-2.8,10.1,995.9
8708,12/27/2024 20:00,0,0,0,0.0,0,0.0,100,96,-2.9,9.1,996.0
8709,12/27/2024 21:00,0,0,0,0.0,0,0.0,100,96,-2.9,7.8,996.1
8710,12/27/2024 22:00,0,0,0,0.0,0,0.0,100,97,-2.9,6.9,995.9
8711,12/27/2024 23:00,0,0,0,0.0,0,0.0,100,97,-2.9,6.5,996.0
8712,12/28/2024 0:00,0,0,0,0.0,0,0.0,100,97,-2.9,5.6,995.9
8713,12/28/2024 1:00,0,0,0,0.0,0,0.0,100,96,-3.7,6.4,996.0
8714,12/28/2024 2:00,0,0,0,0.0,0,0.0,100,97,-3.8,6.6,995.8
8715,12/28/2024 3:00,0,0,0,0.0,0,0.0,100,97,-3.9,6.0,995.6
8716,12/28/2024 4:00,0,0,0,0.0,0,0.0,100,97,-4.1,6.5,995.6
8717,12/28/2024 5:00,0,0,0,0.0,0,0.0,100,96,-4.3,7.4,995.5
8718,12/28/2024 6:00,11,0,11,0.0,11,82.5,100,96,-4.4,7.6,995.4
8719,12/28/2024 7:00,31,0,31,0.0,31,204.1,100,94,-4.4,8.3,995.3
8720,12/28/2024 8:00,57,0,57,0.0,57,281.1,100,94,-4.3,8.7,995.1
8721,12/28/2024 9:00,74,0,74,0.0,74,308.1,100,93,-4.2,8.7,994.6
8722,12/28/2024 10:00,57,0,57,0.0,57,283.4,100,93,-4.2,8.6,994.3
8723,12/28/2024 11:00,49,0,49,0.0,49,208.6,100,93,-4.2,8.3,994.1
8724,12/28/2024 12:00,18,0,18,0.0,18,88.8,100,94,-4.3,6.9,994.2
8725,12/28/2024 13:00,0,0,0,0.0,0,0.0,100,95,-4.6,7.2,994.5
8726,12/28/2024 14:00,0,0,0,0.0,0,0.0,100,96,-4.7,6.5,994.3
8727,12/28/2024 15:00,0,0,0,0.0,0,0.0,100,96,-4.8,6.0,994.2
8728,12/28/2024 16:00,0,0,0,0.0,0,0.0,100,96,-4.9,5.8,994.2
8729,12/28/2024 17:00,0,0,0,0.0,0,0.0,100,96,-4.8,6.0,994.1
8730,12/28/2024 18:00,0,0,0,0.0,0,0.0,100,96,-4.7,6.7,994.1
8731,12/28/2024 19:00,0,0,0,0.0,0,0.0,100,96,-4.8,8.1,994.1
8732,12/28/2024 20:00,0,0,0,0.0,0,0.0,100,95,-4.8,7.9,994.3
8733,12/28/2024 21:00,0,0,0,0.0,0,0.0,100,95,-4.6,7.3,994.3
8734,12/28/2024 22:00,0,0,0,0.0,0,0.0,100,95,-4.8,5.6,994.0
8735,12/28/2024 23:00,0,0,0,0.0,0,0.0,100,96,-5.2,6.8,994.4
8736,12/29/2024 0:00,0,0,0,0.0,0,0.0,100,93,-6.1,10.0,994.8
8737,12/29/2024 1:00,0,0,0,0.0,0,0.0,100,93,-6.6,9.2,994.4
8738,12/29/2024 2:00,0,0,0,0.0,0,0.0,100,94,-7.2,8.6,994.5
8739,12/29/2024 3:00,0,0,0,0.0,0,0.0,100,94,-7.6,7.0,994.4
8740,12/29/2024 4:00,0,0,0,0.0,0,0.0,100,94,-7.8,5.2,994.6
8741,12/29/2024 5:00,0,0,0,0.0,0,0.0,100,94,-7.8,3.9,995.0
8742,12/29/2024 6:00,15,0,15,0.0,15,82.6,100,95,-7.9,3.4,995.2
8743,12/29/2024 7:00,48,0,48,0.0,48,204.7,100,95,-7.9,3.5,995.5
8744,12/29/2024 8:00,64,0,64,0.0,64,282.0,100,95,-7.8,3.1,995.3
8745,12/29/2024 9:00,74,0,74,0.0,74,309.5,100,94,-7.7,3.4,995.0
8746,12/29/2024 10:00,74,2,72,9.9,74,285.2,100,94,-7.6,2.7,994.9
8747,12/29/2024 11:00,47,1,46,6.7,47,210.8,100,94,-7.8,2.7,994.9
8748,12/29/2024 12:00,18,0,18,0.0,18,91.3,100,94,-7.9,2.2,995.2
8749,12/29/2024 13:00,0,0,0,0.0,0,0.0,100,94,-8.6,1.6,995.1
8750,12/29/2024 14:00,0,0,0,0.0,0,0.0,100,95,-8.9,1.7,995.2
8751,12/29/2024 15:00,0,0,0,0.0,0,0.0,100,94,-8.9,1.9,995.0
8752,12/29/2024 16:00,0,0,0,0.0,0,0.0,100,94,-9.1,2.8,995.0
8753,12/29/2024 17:00,0,0,0,0.0,0,0.0,100,94,-9.2,1.9,995.0
8754,12/29/2024 18:00,0,0,0,0.0,0,0.0,100,94,-9.1,0.7,995.0
8755,12/29/2024 19:00,0,0,0,0.0,0,0.0,100,93,-9.1,3.5,994.9
8756,12/29/2024 20:00,0,0,0,0.0,0,0.0,100,92,-9.1,4.0,995.0
8757,12/29/2024 21:00,0,0,0,0.0,0,0.0,100,92,-9.1,4.0,994.8
8758,12/29/2024 22:00,0,0,0,0.0,0,0.0,100,92,-9.2,3.6,994.7
8759,12/29/2024 23:00,0,0,0,0.0,0,0.0,100,92,-9.3,4.5,994.7
8760,12/30/2024 0:00,0,0,0,0.0,0,0.0,100,92,-9.4,6.3,994.6
8761,12/30/2024 1:00,0,0,0,0.0,0,0.0,100,90,-9.9,6.7,993.9
8762,12/30/2024 2:00,0,0,0,0.0,0,0.0,100,91,-10.1,7.5,993.9
8763,12/30/2024 3:00,0,0,0,0.0,0,0.0,100,91,-10.1,7.9,993.7
8764,12/30/2024 4:00,0,0,0,0.0,0,0.0,100,91,-10.1,8.4,993.6
8765,12/30/2024 5:00,0,0,0,0.0,0,0.0,100,91,-10.1,8.5,993.6
8766,12/30/2024 6:00,15,0,15,0.0,15,82.9,100,92,-9.9,9.9,993.5
8767,12/30/2024 7:00,56,1,55,6.9,56,205.4,100,90,-9.4,12.8,993.5
8768,12/30/2024 8:00,86,7,79,35.0,86,283.2,100,91,-9.1,15.8,993.1
8769,12/30/2024 9:00,93,4,89,18.2,93,311.1,100,92,-8.9,16.8,992.4
8770,12/30/2024 10:00,85,4,81,19.7,85,287.2,100,93,-8.8,16.4,991.9
8771,12/30/2024 11:00,54,1,53,6.6,54,213.2,100,92,-8.6,14.2,991.3
8772,12/30/2024 12:00,17,0,17,0.0,17,94.0,100,93,-8.4,14.7,991.1
8773,12/30/2024 13:00,0,0,0,0.0,0,0.5,100,92,-9.1,20.8,990.8
8774,12/30/2024 14:00,0,0,0,0.0,0,0.0,100,93,-8.9,21.5,990.5
8775,12/30/2024 15:00,0,0,0,0.0,0,0.0,100,93,-7.9,19.1,990.0
8776,12/30/2024 16:00,0,0,0,0.0,0,0.0,100,93,-7.2,19.3,989.2
8777,12/30/2024 17:00,0,0,0,0.0,0,0.0,100,94,-6.6,20.8,988.6
8778,12/30/2024 18:00,0,0,0,0.0,0,0.0,100,94,-5.9,22.4,987.9
8779,12/30/2024 19:00,0,0,0,0.0,0,0.0,100,95,-5.4,23.0,987.5
8780,12/30/2024 20:00,0,0,0,0.0,0,0.0,100,95,-5.1,23.6,987.0
8781,12/30/2024 21:00,0,0,0,0.0,0,0.0,100,96,-4.9,25.6,986.2
8782,12/30/2024 22:00,0,0,0,0.0,0,0.0,100,96,-4.8,25.6,985.4
8783,12/30/2024 23:00,0,0,0,0.0,0,0.0,100,96,-4.7,24.8,984.9
8784,12/31/2024 0:00,0,0,0,0.0,0,0.0,100,96,-4.7,19.4,984.1
8785,12/31/2024 1:00,0,0,0,0.0,0,0.0,100,97,-4.3,19.2,983.7
8786,12/31/2024 2:00,0,0,0,0.0,0,0.0,100,97,-4.4,19.4,983.1
8787,12/31/2024 3:00,0,0,0,0.0,0,0.0,100,96,-4.6,19.8,982.6
8788,12/31/2024 4:00,0,0,0,0.0,0,0.0,100,93,-4.8,22.8,982.4
8789,12/31/2024 5:00,0,0,0,0.0,0,0.0,100,92,-5.1,22.5,982.2
8790,12/31/2024 6:00,8,0,8,0.0,8,83.4,100,91,-5.3,20.9,982.2
8791,12/31/2024 7:00,22,0,22,0.0,22,206.2,100,92,-5.4,19.6,982.4
8792,12/31/2024 8:00,40,0,40,0.0,40,284.5,100,93,-5.4,20.1,982.0
8793,12/31/2024 9:00,59,0,59,0.0,59,312.9,100,93,-5.2,17.8,981.4
8794,12/31/2024 10:00,49,0,49,0.0,49,289.4,100,93,-5.2,16.2,980.8
8795,12/31/2024 11:00,29,0,29,0.0,29,215.7,100,95,-5.1,14.2,980.5
8796,12/31/2024 12:00,9,0,9,0.0,9,96.8,100,96,-5.1,13.2,980.1
8797,12/31/2024 13:00,0,0,0,0.0,0,2.0,100,95,-5.4,19.1,979.7
8798,12/31/2024 14:00,0,0,0,0.0,0,0.0,100,93,-4.9,19.0,978.9
8799,12/31/2024 15:00,0,0,0,0.0,0,0.0,100,94,-4.8,20.2,977.8
8800,12/31/2024 16:00,0,0,0,0.0,0,0.0,100,93,-4.7,21.0,976.4
8801,12/31/2024 17:00,0,0,0,0.0,0,0.0,100,93,-4.6,22.9,975.2
8802,12/31/2024 18:00,0,0,0,0.0,0,0.0,100,93,-4.4,24.2,973.8
8803,12/31/2024 19:00,0,0,0,0.0,0,0.0,100,92,-4.3,25.2,972.3
8804,12/31/2024 20:00,0,0,0,0.0,0,0.0,100,92,-4.1,24.8,971.2
8805,12/31/2024 21:00,0,0,0,0.0,0,0.0,100,92,-3.7,23.7,969.9
8806,12/31/2024 22:00,0,0,0,0.0,0,0.0,100,92,-3.1,22.7,969.1
8807,12/31/2024 23:00,0,0,0,0.0,0,0.0,100,93,-2.4,21.4,968.8
8808,1/1/2025 0:00,0,0,0,0.0,0,0.0,100,94,-1.9,21.7,968.8
8809,1/1/2025 1:00,0,0,0,0.0,0,0.0,100,94,-1.5,21.4,968.7
8810,1/1/2025 2:00,0,0,0,0.0,0,0.0,100,90,-1.7,26.0,969.6
8811,1/1/2025 3:00,0,0,0,0.0,0,0.0,100,92,-2.5,25.4,970.7
8812,1/1/2025 4:00,0,0,0,0.0,0,0.0,100,90,-3.4,24.7,972.2
8813,1/1/2025 5:00,0,0,0,0.0,0,0.0,98,88,-4.6,28.1,973.5
8814,1/1/2025 6:00,23,1,22,11.0,23,84.0,65,84,-5.4,25.0,974.9
8815,1/1/2025 7:00,72,16,56,109.2,72,207.3,100,82,-5.5,26.2,976.2
8816,1/1/2025 8:00,111,9,102,44.5,111,286.0,91,78,-5.3,22.0,976.9
8817,1/1/2025 9:00,106,6,100,27.0,106,314.8,84,81,-4.8,20.8,977.5
8818,1/1/2025 10:00,112,21,91,101.8,112,291.8,100,85,-4.8,20.2,978.5
8819,1/1/2025 11:00,60,0,60,0.0,60,218.4,100,84,-4.8,21.5,979.5
8820,1/1/2025 12:00,20,1,19,10.5,20,99.8,100,82,-5.3,21.1,980.8
8821,1/1/2025 13:00,0,0,0,0.0,0,3.6,100,84,-5.7,19.2,981.4
8822,1/1/2025 14:00,0,0,0,0.0,0,0.0,100,85,-5.9,18.7,982.1
8823,1/1/2025 15:00,0,0,0,0.0,0,0.0,100,86,-6.2,14.9,982.4
8824,1/1/2025 16:00,0,0,0,0.0,0,0.0,100,87,-6.4,14.2,982.8
8825,1/1/2025 17:00,0,0,0,0.0,0,0.0,100,90,-6.5,14.7,983.0
8826,1/1/2025 18:00,0,0,0,0.0,0,0.0,100,90,-6.7,17.3,983.2
8827,1/1/2025 19:00,0,0,0,0.0,0,0.0,100,89,-7.1,16.3,983.3
8828,1/1/2025 20:00,0,0,0,0.0,0,0.0,100,85,-7.4,17.4,982.9
8829,1/1/2025 21:00,0,0,0,0.0,0,0.0,100,88,-7.9,17.0,982.6
8830,1/1/2025 22:00,0,0,0,0.0,0,0.0,100,88,-7.8,19.0,981.8
8831,1/1/2025 23:00,0,0,0,0.0,0,0.0,100,88,-7.7,20.9,980.8
8832,1/2/2025 0:00,0,0,0,0.0,0,0.0,100,90,-7.7,22.5,979.8
8833,1/2/2025 1:00,0,0,0,0.0,0,0.0,100,91,-7.2,22.9,977.1
8834,1/2/2025 2:00,0,0,0,0.0,0,0.0,100,90,-7.2,25.1,976.0
8835,1/2/2025 3:00,0,0,0,0.0,0,0.0,100,90,-6.9,27.4,974.7
8836,1/2/2025 4:00,0,0,0,0.0,0,0.0,100,90,-6.6,26.1,973.9
8837,1/2/2025 5:00,0,0,0,0.0,0,0.0,100,91,-6.2,24.0,973.5
8838,1/2/2025 6:00,8,0,8,0.0,8,84.8,100,92,-5.4,22.3,973.0
8839,1/2/2025 7:00,30,0,30,0.0,30,208.5,100,94,-4.3,21.8,972.0
8840,1/2/2025 8:00,50,0,50,0.0,50,287.7,100,96,-3.3,20.5,971.2
8841,1/2/2025 9:00,49,0,49,0.0,49,316.9,100,96,-1.7,20.8,970.5
8842,1/2/2025 10:00,58,0,58,0.0,58,294.3,100,96,-0.3,22.3,969.6
8843,1/2/2025 11:00,33,0,33,0.0,33,221.2,100,95,0.1,25.0,969.4
8844,1/2/2025 12:00,15,0,15,0.0,15,102.9,100,96,0.2,25.6,969.1
8845,1/2/2025 13:00,0,0,0,0.0,0,5.2,100,96,0.2,26.5,967.6
8846,1/2/2025 14:00,0,0,0,0.0,0,0.0,100,95,0.6,28.2,967.4
8847,1/2/2025 15:00,0,0,0,0.0,0,0.0,100,92,1.2,28.4,967.7
8848,1/2/2025 16:00,0,0,0,0.0,0,0.0,100,89,1.5,28.4,967.6
8849,1/2/2025 17:00,0,0,0,0.0,0,0.0,100,88,1.6,27.6,968.3
8850,1/2/2025 18:00,0,0,0,0.0,0,0.0,100,87,1.7,27.0,969.0
8851,1/2/2025 19:00,0,0,0,0.0,0,0.0,100,87,1.6,26.1,969.7
8852,1/2/2025 20:00,0,0,0,0.0,0,0.0,100,88,1.4,25.0,970.1
8853,1/2/2025 21:00,0,0,0,0.0,0,0.0,100,88,1.1,23.8,970.9
8854,1/2/2025 22:00,0,0,0,0.0,0,0.0,100,88,1.0,24.3,971.3
8855,1/2/2025 23:00,0,0,0,0.0,0,0.0,100,88,0.9,23.6,972.0
8856,1/3/2025 0:00,0,0,0,0.0,0,0.0,100,87,0.9,23.4,972.7
8857,1/3/2025 1:00,0,0,0,0.0,0,0.0,23,87,0.6,23.6,972.5
8858,1/3/2025 2:00,0,0,0,0.0,0,0.0,27,89,-0.4,22.4,972.7
8859,1/3/2025 3:00,0,0,0,0.0,0,0.0,100,89,-0.5,23.3,973.0
8860,1/3/2025 4:00,0,0,0,0.0,0,0.0,99,89,-0.3,24.0,973.4
8861,1/3/2025 5:00,0,0,0,0.0,0,0.0,96,89,-0.4,24.8,973.9
8862,1/3/2025 6:00,25,3,22,32.8,25,85.8,100,89,-0.4,25.1,974.6
8863,1/3/2025 7:00,50,1,49,6.7,50,209.9,100,89,0.0,25.1,975.1
8864,1/3/2025 8:00,93,7,86,34.2,93,289.5,37,88,0.6,24.9,975.4
8865,1/3/2025 9:00,184,101,83,447.6,184,319.2,48,88,0.8,23.9,975.6
8866,1/3/2025 10:00,167,91,76,433.6,167,296.9,60,89,0.9,22.8,976.0
8867,1/3/2025 11:00,112,55,57,347.0,112,224.2,71,90,0.9,22.0,976.6
8868,1/3/2025 12:00,41,11,30,112.4,41,106.1,100,92,0.6,21.6,977.2
8869,1/3/2025 13:00,1,0,1,0.0,1,6.9,94,94,-0.2,21.7,977.8
8870,1/3/2025 14:00,0,0,0,0.0,0,0.0,68,95,-0.4,22.0,978.4
8871,1/3/2025 15:00,0,0,0,0.0,0,0.0,100,96,-0.2,21.7,978.6
8872,1/3/2025 16:00,0,0,0,0.0,0,0.0,100,97,-0.3,21.2,979.0
8873,1/3/2025 17:00,0,0,0,0.0,0,0.0,100,97,-0.4,19.9,979.4
8874,1/3/2025 18:00,0,0,0,0.0,0,0.0,100,98,-0.6,18.5,979.9
8875,1/3/2025 19:00,0,0,0,0.0,0,0.0,100,99,-0.8,18.1,980.3
8876,1/3/2025 20:00,0,0,0,0.0,0,0.0,100,100,-0.9,17.2,980.5
8877,1/3/2025 21:00,0,0,0,0.0,0,0.0,100,100,-1.0,15.1,980.7
8878,1/3/2025 22:00,0,0,0,0.0,0,0.0,100,99,-1.0,12.1,980.6
8879,1/3/2025 23:00,0,0,0,0.0,0,0.0,100,99,-1.0,14.2,980.6
8880,1/4/2025 0:00,0,0,0,0.0,0,0.0,100,99,-0.8,16.1,980.5
8881,1/4/2025 1:00,0,0,0,0.0,0,0.0,100,100,-0.6,16.3,980.5
8882,1/4/2025 2:00,0,0,0,0.0,0,0.0,100,99,-0.3,16.4,980.6
8883,1/4/2025 3:00,0,0,0,0.0,0,0.0,100,99,-0.2,14.3,980.8
8884,1/4/2025 4:00,0,0,0,0.0,0,0.0,100,99,-0.2,14.6,981.0
8885,1/4/2025 5:00,0,0,0,0.0,0,0.0,100,99,-0.1,15.1,981.1
8886,1/4/2025 6:00,16,0,16,0.0,16,87.0,100,99,0.1,15.7,980.9
8887,1/4/2025 7:00,47,0,47,0.0,47,211.5,100,99,0.2,16.8,980.3
8888,1/4/2025 8:00,58,0,58,0.0,58,291.5,100,97,0.3,16.8,979.5
8889,1/4/2025 9:00,36,0,36,0.0,36,321.6,100,97,0.5,24.1,978.5
8890,1/4/2025 10:00,49,0,49,0.0,49,299.7,100,96,0.4,26.4,977.6
8891,1/4/2025 11:00,28,0,28,0.0,28,227.3,100,95,0.6,25.4,976.8
8892,1/4/2025 12:00,16,0,16,0.0,16,109.4,100,94,0.8,26.6,976.3
8893,1/4/2025 13:00,0,0,0,0.0,0,8.7,100,95,0.8,27.8,976.8
8894,1/4/2025 14:00,0,0,0,0.0,0,0.0,100,96,0.9,28.2,976.5
8895,1/4/2025 15:00,0,0,0,0.0,0,0.0,100,97,0.8,29.1,976.1
8896,1/4/2025 16:00,0,0,0,0.0,0,0.0,100,98,0.8,29.8,975.6
8897,1/4/2025 17:00,0,0,0,0.0,0,0.0,100,98,0.7,28.3,975.4
8898,1/4/2025 18:00,0,0,0,0.0,0,0.0,100,98,0.6,27.8,974.9
8899,1/4/2025 19:00,0,0,0,0.0,0,0.0,100,98,0.6,28.6,974.1
8900,1/4/2025 20:00,0,0,0,0.0,0,0.0,100,97,0.6,31.0,973.6
8901,1/4/2025 21:00,0,0,0,0.0,0,0.0,100,96,0.6,30.8,973.1
8902,1/4/2025 22:00,0,0,0,0.0,0,0.0,100,96,0.6,29.4,972.5
8903,1/4/2025 23:00,0,0,0,0.0,0,0.0,100,96,0.6,28.1,972.3
8904,1/5/2025 0:00,0,0,0,0.0,0,0.0,100,96,0.4,25.8,972.2
8905,1/5/2025 1:00,0,0,0,0.0,0,0.0,100,98,0.0,18.5,972.8
8906,1/5/2025 2:00,0,0,0,0.0,0,0.0,100,90,-1.8,16.4,973.7
8907,1/5/2025 3:00,0,0,0,0.0,0,0.0,100,91,-2.2,13.2,973.9
8908,1/5/2025 4:00,0,0,0,0.0,0,0.0,100,93,-2.7,9.8,974.2
8909,1/5/2025 5:00,0,0,0,0.0,0,0.0,100,96,-2.7,16.5,975.2
8910,1/5/2025 6:00,18,1,17,10.8,18,88.3,100,93,-5.2,19.5,976.3
8911,1/5/2025 7:00,55,1,54,6.6,55,213.2,100,90,-6.4,19.8,977.6
8912,1/5/2025 8:00,100,0,100,0.0,100,293.7,100,87,-6.6,19.9,978.3
8913,1/5/2025 9:00,99,0,99,0.0,99,324.2,100,86,-6.1,14.7,978.6
8914,1/5/2025 10:00,89,0,89,0.0,89,302.7,100,83,-5.0,16.1,978.5
8915,1/5/2025 11:00,49,0,49,0.0,49,230.6,100,89,-5.1,16.0,978.9
8916,1/5/2025 12:00,18,0,18,0.0,18,112.9,100,90,-4.9,18.2,979.7
8917,1/5/2025 13:00,1,0,1,0.0,1,10.5,99,89,-4.9,17.6,979.7
8918,1/5/2025 14:00,0,0,0,0.0,0,0.0,100,87,-4.8,17.0,980.1
8919,1/5/2025 15:00,0,0,0,0.0,0,0.0,99,86,-4.9,19.2,980.8
8920,1/5/2025 16:00,0,0,0,0.0,0,0.0,46,87,-5.4,19.4,981.8
8921,1/5/2025 17:00,0,0,0,0.0,0,0.0,96,88,-6.8,17.4,982.2
8922,1/5/2025 18:00,0,0,0,0.0,0,0.0,97,86,-6.0,19.0,982.8
8923,1/5/2025 19:00,0,0,0,0.0,0,0.0,100,87,-5.9,19.6,983.7
8924,1/5/2025 20:00,0,0,0,0.0,0,0.0,100,88,-5.7,20.0,984.2
8925,1/5/2025 21:00,0,0,0,0.0,0,0.0,100,90,-5.4,19.1,985.2
8926,1/5/2025 22:00,0,0,0,0.0,0,0.0,100,89,-5.3,16.3,986.0
8927,1/5/2025 23:00,0,0,0,0.0,0,0.0,100,91,-5.4,15.5,986.7
8928,1/6/2025 0:00,0,0,0,0.0,0,0.0,100,91,-5.6,18.5,987.3
8929,1/6/2025 1:00,0,0,0,0.0,0,0.0,100,88,-6.8,17.6,988.2
8930,1/6/2025 2:00,0,0,0,0.0,0,0.0,100,88,-7.2,14.9,988.9
8931,1/6/2025 3:00,0,0,0,0.0,0,0.0,91,85,-7.2,17.3,989.2
8932,1/6/2025 4:00,0,0,0,0.0,0,0.0,100,88,-8.0,15.4,989.4
8933,1/6/2025 5:00,0,0,0,0.0,0,0.0,100,89,-7.9,16.9,990.2
8934,1/6/2025 6:00,25,0,25,0.0,25,89.9,100,90,-7.3,18.1,990.5
8935,1/6/2025 7:00,85,10,75,65.7,85,215.2,94,89,-7.3,19.2,991.2
8936,1/6/2025 8:00,137,26,111,124.2,137,296.0,100,88,-7.2,20.4,991.5
8937,1/6/2025 9:00,130,15,115,64.9,130,326.9,100,88,-7.2,20.2,991.4
8938,1/6/2025 10:00,132,24,108,111.0,132,305.8,97,87,-7.7,19.0,991.2
8939,1/6/2025 11:00,95,14,81,84.6,95,234.0,84,88,-8.1,19.1,991.7
8940,1/6/2025 12:00,42,8,34,78.7,42,116.5,36,89,-8.7,17.5,992.0
8941,1/6/2025 13:00,2,1,1,19.1,2,12.3,50,87,-10.1,18.8,992.3
8942,1/6/2025 14:00,0,0,0,0.0,0,0.0,100,87,-10.1,19.9,992.8
8943,1/6/2025 15:00,0,0,0,0.0,0,0.0,99,86,-9.3,18.8,993.6
8944,1/6/2025 16:00,0,0,0,0.0,0,0.0,54,84,-9.5,15.5,994.0
8945,1/6/2025 17:00,0,0,0,0.0,0,0.0,99,86,-10.8,13.9,994.2
8946,1/6/2025 18:00,0,0,0,0.0,0,0.0,99,86,-11.2,13.4,994.7
8947,1/6/2025 19:00,0,0,0,0.0,0,0.0,100,86,-11.0,13.1,995.2
8948,1/6/2025 20:00,0,0,0,0.0,0,0.0,98,87,-11.1,12.7,995.8
8949,1/6/2025 21:00,0,0,0,0.0,0,0.0,98,87,-11.2,11.5,996.2
8950,1/6/2025 22:00,0,0,0,0.0,0,0.0,100,87,-11.0,11.3,996.9
8951,1/6/2025 23:00,0,0,0,0.0,0,0.0,100,86,-10.6,11.3,997.2
8952,1/7/2025 0:00,0,0,0,0.0,0,0.0,55,86,-10.7,11.6,997.5
8953,1/7/2025 1:00,0,0,0,0.0,0,0.0,100,88,-10.4,10.4,998.1
8954,1/7/2025 2:00,0,0,0,0.0,0,0.0,100,88,-10.6,9.3,998.5
8955,1/7/2025 3:00,0,0,0,0.0,0,0.0,100,89,-11.2,9.3,999.0
8956,1/7/2025 4:00,0,0,0,0.0,0,0.0,100,89,-11.7,10.1,999.3
8957,1/7/2025 5:00,0,0,0,0.0,0,0.0,99,89,-12.4,11.9,999.9
8958,1/7/2025 6:00,26,0,26,0.0,26,91.6,100,89,-12.6,12.8,1000.2
8959,1/7/2025 7:00,77,4,73,26.0,77,217.3,100,89,-12.3,10.4,1000.4
8960,1/7/2025 8:00,123,7,116,33.2,123,298.6,100,88,-11.5,11.0,1000.7
8961,1/7/2025 9:00,125,2,123,8.6,125,329.8,100,88,-10.9,12.6,1000.3
8962,1/7/2025 10:00,115,2,113,9.2,115,309.0,100,89,-10.7,14.6,1000.1
8963,1/7/2025 11:00,82,1,81,6.0,82,237.5,100,90,-10.9,15.2,1000.4
8964,1/7/2025 12:00,30,0,30,0.0,30,120.2,100,91,-11.0,14.8,1000.2
8965,1/7/2025 13:00,2,0,2,0.0,2,14.3,100,90,-11.6,14.2,1000.0
8966,1/7/2025 14:00,0,0,0,0.0,0,0.0,100,89,-11.4,20.8,1000.0
8967,1/7/2025 15:00,0,0,0,0.0,0,0.0,100,90,-11.3,25.4,999.3
8968,1/7/2025 16:00,0,0,0,0.0,0,0.0,100,90,-10.9,24.0,998.7
8969,1/7/2025 17:00,0,0,0,0.0,0,0.0,100,89,-9.9,23.1,998.2
8970,1/7/2025 18:00,0,0,0,0.0,0,0.0,100,89,-8.5,26.9,997.5
8971,1/7/2025 19:00,0,0,0,0.0,0,0.0,100,89,-7.8,28.9,996.7
8972,1/7/2025 20:00,0,0,0,0.0,0,0.0,100,88,-7.3,30.2,995.9
8973,1/7/2025 21:00,0,0,0,0.0,0,0.0,100,88,-6.8,29.8,995.2
8974,1/7/2025 22:00,0,0,0,0.0,0,0.0,100,89,-6.4,29.0,994.8
8975,1/7/2025 23:00,0,0,0,0.0,0,0.0,100,90,-5.8,28.7,994.5
8976,1/8/2025 0:00,0,0,0,0.0,0,0.0,100,93,-5.2,28.4,994.1
8977,1/8/2025 1:00,0,0,0,0.0,0,0.0,100,92,-3.9,27.7,993.6
8978,1/8/2025 2:00,0,0,0,0.0,0,0.0,100,93,-3.2,26.0,993.3
8979,1/8/2025 3:00,0,0,0,0.0,0,0.0,100,93,-2.4,26.3,993.2
8980,1/8/2025 4:00,0,0,0,0.0,0,0.0,100,94,-1.9,26.5,993.2
8981,1/8/2025 5:00,0,0,0,0.0,0,0.0,100,94,-1.5,26.4,993.7
8982,1/8/2025 6:00,12,0,12,0.0,12,93.5,100,94,-1.4,27.5,993.5
8983,1/8/2025 7:00,24,0,24,0.0,24,219.6,100,94,-1.1,27.9,993.6
8984,1/8/2025 8:00,43,0,43,0.0,43,301.3,100,94,-0.9,27.2,993.4
8985,1/8/2025 9:00,48,0,48,0.0,48,332.9,100,94,-0.7,27.8,993.2
8986,1/8/2025 10:00,41,0,41,0.0,41,312.4,100,96,-0.6,29.2,993.0
8987,1/8/2025 11:00,26,0,26,0.0,26,241.2,100,95,-0.6,29.6,993.2
8988,1/8/2025 12:00,13,0,13,0.0,13,124.1,100,94,-0.5,30.4,993.2
8989,1/8/2025 13:00,1,0,1,0.0,1,16.3,100,96,-0.7,30.2,993.5
8990,1/8/2025 14:00,0,0,0,0.0,0,0.0,100,96,-0.8,29.6,993.5
8991,1/8/2025 15:00,0,0,0,0.0,0,0.0,100,97,-0.8,29.5,993.6
8992,1/8/2025 16:00,0,0,0,0.0,0,0.0,100,97,-1.0,24.6,993.3
8993,1/8/2025 17:00,0,0,0,0.0,0,0.0,100,97,-1.0,24.5,993.5
8994,1/8/2025 18:00,0,0,0,0.0,0,0.0,100,98,-1.2,26.3,993.5
8995,1/8/2025 19:00,0,0,0,0.0,0,0.0,100,98,-1.4,25.9,993.2
8996,1/8/2025 20:00,0,0,0,0.0,0,0.0,100,97,-1.5,26.1,993.0
8997,1/8/2025 21:00,0,0,0,0.0,0,0.0,100,95,-1.7,27.4,992.5
8998,1/8/2025 22:00,0,0,0,0.0,0,0.0,100,95,-2.2,26.7,992.4
8999,1/8/2025 23:00,0,0,0,0.0,0,0.0,100,95,-2.7,26.9,992.3
9000,1/9/2025 0:00,0,0,0,0.0,0,0.0,100,96,-2.9,26.1,992.1
9001,1/9/2025 1:00,0,0,0,0.0,0,0.0,100,97,-2.4,26.4,991.5
9002,1/9/2025 2:00,0,0,0,0.0,0,0.0,100,96,-1.9,31.5,991.0
9003,1/9/2025 3:00,0,0,0,0.0,0,0.0,100,96,-1.5,28.4,990.6
9004,1/9/2025 4:00,0,0,0,0.0,0,0.0,100,96,-1.2,29.0,989.9
9005,1/9/2025 5:00,0,0,0,0.0,0,0.0,100,95,-0.8,33.3,989.5
9006,1/9/2025 6:00,11,0,11,0.0,11,95.7,100,94,-0.7,36.6,988.8
9007,1/9/2025 7:00,33,0,33,0.0,33,222.1,100,95,-1.0,31.2,988.5
9008,1/9/2025 8:00,44,0,44,0.0,44,304.2,100,95,-1.2,31.7,987.9
9009,1/9/2025 9:00,63,0,63,0.0,63,336.2,100,97,-1.4,34.8,987.0
9010,1/9/2025 10:00,49,0,49,0.0,49,316.1,100,98,-1.5,32.7,985.7
9011,1/9/2025 11:00,33,0,33,0.0,33,245.1,100,98,-1.5,32.4,984.8
9012,1/9/2025 12:00,15,0,15,0.0,15,128.2,100,97,-1.5,27.4,984.6
9013,1/9/2025 13:00,1,0,1,0.0,1,18.4,100,97,-1.0,33.4,984.8
9014,1/9/2025 14:00,0,0,0,0.0,0,0.0,100,95,0.5,34.5,985.1
9015,1/9/2025 15:00,0,0,0,0.0,0,0.0,100,95,0.8,32.8,985.4
9016,1/9/2025 16:00,0,0,0,0.0,0,0.0,100,95,0.8,29.2,986.1
9017,1/9/2025 17:00,0,0,0,0.0,0,0.0,100,96,1.0,25.4,987.0
9018,1/9/2025 18:00,0,0,0,0.0,0,0.0,100,96,1.1,20.3,988.2
9019,1/9/2025 19:00,0,0,0,0.0,0,0.0,100,97,0.9,14.6,989.8
9020,1/9/2025 20:00,0,0,0,0.0,0,0.0,100,96,0.7,12.9,990.9
9021,1/9/2025 21:00,0,0,0,0.0,0,0.0,100,96,0.6,12.7,991.8
9022,1/9/2025 22:00,0,0,0,0.0,0,0.0,100,96,0.3,10.3,992.8
9023,1/9/2025 23:00,0,0,0,0.0,0,0.0,100,96,-0.1,8.7,994.0
9024,1/10/2025 0:00,0,0,0,0.0,0,0.0,100,96,-0.3,8.6,994.8
9025,1/10/2025 1:00,0,0,0,0.0,0,0.0,100,95,-1.2,7.9,995.5
9026,1/10/2025 2:00,0,0,0,0.0,0,0.0,100,95,-1.6,7.2,996.2
9027,1/10/2025 3:00,0,0,0,0.0,0,0.0,100,95,-1.8,5.1,996.5
9028,1/10/2025 4:00,0,0,0,0.0,0,0.0,100,97,-2.0,4.0,997.1
9029,1/10/2025 5:00,0,0,0,0.0,0,0.7,100,97,-2.0,3.1,998.0
9030,1/10/2025 6:00,26,1,25,10.4,26,98.0,100,96,-2.3,6.1,998.3
9031,1/10/2025 7:00,70,2,68,12.6,70,224.9,100,93,-2.5,8.1,999.2
9032,1/10/2025 8:00,121,4,117,18.4,121,307.3,100,92,-2.5,8.5,999.7
9033,1/10/2025 9:00,123,5,118,20.8,123,339.7,100,94,-2.7,9.2,999.4
9034,1/10/2025 10:00,108,1,107,4.4,108,319.9,100,95,-2.7,9.6,999.3
9035,1/10/2025 11:00,86,7,79,39.7,86,249.2,100,95,-2.5,8.4,999.3
9036,1/10/2025 12:00,34,1,33,9.3,34,132.4,100,96,-2.2,7.7,999.6
9037,1/10/2025 13:00,2,0,2,0.0,2,20.6,100,97,-2.2,7.3,999.9
9038,1/10/2025 14:00,0,0,0,0.0,0,0.0,100,97,-1.9,7.9,999.5
9039,1/10/2025 15:00,0,0,0,0.0,0,0.0,100,97,-1.6,6.7,999.7
9040,1/10/2025 16:00,0,0,0,0.0,0,0.0,100,97,-1.1,10.4,999.3
9041,1/10/2025 17:00,0,0,0,0.0,0,0.0,100,97,-0.4,12.5,999.5
9042,1/10/2025 18:00,0,0,0,0.0,0,0.0,100,99,-0.3,11.7,999.3
9043,1/10/2025 19:00,0,0,0,0.0,0,0.0,100,99,-0.3,13.6,999.3
9044,1/10/2025 20:00,0,0,0,0.0,0,0.0,100,99,-0.3,14.0,999.0
9045,1/10/2025 21:00,0,0,0,0.0,0,0.0,100,100,-0.4,13.9,998.9
9046,1/10/2025 22:00,0,0,0,0.0,0,0.0,100,99,-0.4,14.6,998.6
9047,1/10/2025 23:00,0,0,0,0.0,0,0.0,100,100,-0.6,13.2,998.6
9048,1/11/2025 0:00,0,0,0,0.0,0,0.0,100,99,-0.6,13.9,998.4
9049,1/11/2025 1:00,0,0,0,0.0,0,0.0,100,99,-0.6,14.2,998.4
9050,1/11/2025 2:00,0,0,0,0.0,0,0.0,100,99,-0.6,13.9,998.1
9051,1/11/2025 3:00,0,0,0,0.0,0,0.0,100,99,-0.6,14.7,997.8
9052,1/11/2025 4:00,0,0,0,0.0,0,0.0,100,99,-0.8,14.2,997.8
9053,1/11/2025 5:00,0,0,0,0.0,0,1.9,100,99,-0.9,13.6,998.2
9054,1/11/2025 6:00,16,0,16,0.0,16,100.5,100,99,-1.0,13.6,998.0
9055,1/11/2025 7:00,43,2,41,12.4,43,227.7,100,97,-0.9,16.0,998.4
9056,1/11/2025 8:00,69,0,69,0.0,69,310.6,100,96,-0.8,17.3,998.1
9057,1/11/2025 9:00,82,2,80,8.2,82,343.4,100,96,-0.6,15.4,997.7
9058,1/11/2025 10:00,71,0,71,0.0,71,323.9,100,96,-0.6,14.9,997.2
9059,1/11/2025 11:00,59,1,58,5.6,59,253.4,100,97,-0.4,15.1,997.2
9060,1/11/2025 12:00,26,0,26,0.0,26,136.8,100,96,-0.4,12.7,997.1
9061,1/11/2025 13:00,2,0,2,0.0,2,22.9,100,98,-0.5,13.7,997.3
9062,1/11/2025 14:00,0,0,0,0.0,0,0.0,100,97,-0.5,15.1,997.0
9063,1/11/2025 15:00,0,0,0,0.0,0,0.0,96,95,-1.3,17.3,996.8
9064,1/11/2025 16:00,0,0,0,0.0,0,0.0,90,95,-2.9,17.4,996.3
9065,1/11/2025 17:00,0,0,0,0.0,0,0.0,73,94,-4.2,17.2,996.4
9066,1/11/2025 18:00,0,0,0,0.0,0,0.0,22,93,-5.0,17.5,996.1
9067,1/11/2025 19:00,0,0,0,0.0,0,0.0,0,91,-5.7,18.2,996.0
9068,1/11/2025 20:00,0,0,0,0.0,0,0.0,0,87,-6.3,17.2,996.0
9069,1/11/2025 21:00,0,0,0,0.0,0,0.0,0,84,-6.9,15.9,996.1
9070,1/11/2025 22:00,0,0,0,0.0,0,0.0,0,82,-7.3,15.1,995.8
9071,1/11/2025 23:00,0,0,0,0.0,0,0.0,16,80,-7.8,14.5,995.9
9072,1/12/2025 0:00,0,0,0,0.0,0,0.0,72,79,-8.2,13.4,995.9
9073,1/12/2025 1:00,0,0,0,0.0,0,0.0,35,81,-8.5,13.3,996.1
9074,1/12/2025 2:00,0,0,0,0.0,0,0.0,15,80,-8.8,13.2,996.0
9075,1/12/2025 3:00,0,0,0,0.0,0,0.0,0,79,-9.0,13.6,995.8
9076,1/12/2025 4:00,0,0,0,0.0,0,0.0,0,79,-9.2,14.0,995.7
9077,1/12/2025 5:00,1,0,1,0.0,1,3.2,0,78,-9.4,13.6,995.8
9078,1/12/2025 6:00,50,28,22,284.7,50,103.2,0,76,-8.8,13.5,996.1
9079,1/12/2025 7:00,138,92,46,563.6,138,230.8,0,74,-7.5,13.8,996.1
9080,1/12/2025 8:00,202,144,58,648.3,202,314.1,0,73,-6.2,14.7,996.0
9081,1/12/2025 9:00,229,167,62,680.1,229,347.2,0,73,-5.6,16.0,995.6
9082,1/12/2025 10:00,214,154,60,663.8,214,328.1,0,73,-5.2,16.7,995.3
9083,1/12/2025 11:00,158,107,51,586.8,158,257.8,0,73,-5.2,15.7,995.1
9084,1/12/2025 12:00,74,42,32,378.7,74,141.4,0,74,-5.8,16.3,994.9
9085,1/12/2025 13:00,6,2,4,32.8,6,25.3,1,75,-5.5,18.4,995.0
9086,1/12/2025 14:00,0,0,0,0.0,0,0.0,10,75,-5.9,17.9,994.7
9087,1/12/2025 15:00,0,0,0,0.0,0,0.0,34,76,-6.5,17.0,994.4
9088,1/12/2025 16:00,0,0,0,0.0,0,0.0,42,77,-7.1,16.4,994.0
9089,1/12/2025 17:00,0,0,0,0.0,0,0.0,85,78,-7.4,17.1,993.6
9090,1/12/2025 18:00,0,0,0,0.0,0,0.0,86,78,-7.7,17.4,993.6
9091,1/12/2025 19:00,0,0,0,0.0,0,0.0,85,79,-7.9,17.0,993.3
9092,1/12/2025 20:00,0,0,0,0.0,0,0.0,99,80,-8.1,16.9,993.2
9093,1/12/2025 21:00,0,0,0,0.0,0,0.0,98,82,-8.3,16.9,992.8
9094,1/12/2025 22:00,0,0,0,0.0,0,0.0,99,83,-8.6,16.4,992.6
9095,1/12/2025 23:00,0,0,0,0.0,0,0.0,99,85,-8.8,16.5,992.7
9096,1/13/2025 0:00,0,0,0,0.0,0,0.0,100,86,-8.8,16.1,992.5
9097,1/13/2025 1:00,0,0,0,0.0,0,0.0,5,86,-8.8,16.2,992.6
9098,1/13/2025 2:00,0,0,0,0.0,0,0.0,2,87,-9.4,15.3,992.4
9099,1/13/2025 3:00,0,0,0,0.0,0,0.0,0,88,-9.8,17.4,992.0
9100,1/13/2025 4:00,0,0,0,0.0,0,0.0,38,88,-10.1,17.3,991.6
9101,1/13/2025 5:00,1,0,1,0.0,1,4.5,100,88,-10.4,17.2,991.9
9102,1/13/2025 6:00,42,7,35,70.4,42,106.0,100,88,-9.9,17.1,992.2
9103,1/13/2025 7:00,110,25,85,151.0,110,234.1,96,87,-9.3,15.5,992.7
9104,1/13/2025 8:00,165,71,94,316.0,165,317.7,100,86,-8.7,14.6,992.2
9105,1/13/2025 9:00,163,29,134,116.7,163,351.3,100,86,-8.2,14.2,991.8
9106,1/13/2025 10:00,141,37,104,157.4,141,332.4,100,87,-7.6,14.7,991.3
9107,1/13/2025 11:00,56,0,56,0.0,56,262.4,100,88,-7.3,14.6,991.4
9108,1/13/2025 12:00,19,0,19,0.0,19,146.1,100,88,-7.1,15.7,991.6
9109,1/13/2025 13:00,2,0,2,0.0,2,27.8,100,89,-6.7,16.2,991.8
9110,1/13/2025 14:00,0,0,0,0.0,0,0.0,100,90,-6.6,15.3,991.8
9111,1/13/2025 15:00,0,0,0,0.0,0,0.0,100,90,-6.4,16.2,991.4
9112,1/13/2025 16:00,0,0,0,0.0,0,0.0,100,91,-6.4,14.4,991.0
9113,1/13/2025 17:00,0,0,0,0.0,0,0.0,100,92,-6.4,12.4,990.9
9114,1/13/2025 18:00,0,0,0,0.0,0,0.0,100,93,-6.4,10.6,990.9
9115,1/13/2025 19:00,0,0,0,0.0,0,0.0,100,93,-6.3,12.0,990.6
9116,1/13/2025 20:00,0,0,0,0.0,0,0.0,100,93,-5.9,12.7,990.5
9117,1/13/2025 21:00,0,0,0,0.0,0,0.0,100,94,-5.6,11.9,990.3
9118,1/13/2025 22:00,0,0,0,0.0,0,0.0,100,95,-5.3,11.6,990.0
9119,1/13/2025 23:00,0,0,0,0.0,0,0.0,100,95,-4.9,11.0,989.9
9120,1/14/2025 0:00,0,0,0,0.0,0,0.0,100,96,-4.4,10.9,989.8
9121,1/14/2025 1:00,0,0,0,0.0,0,0.0,100,97,-4.4,10.4,990.0
9122,1/14/2025 2:00,0,0,0,0.0,0,0.0,100,98,-4.0,9.7,989.8
9123,1/14/2025 3:00,0,0,0,0.0,0,0.0,100,97,-3.5,9.7,989.7
9124,1/14/2025 4:00,0,0,0,0.0,0,0.0,100,97,-3.0,10.9,989.8
9125,1/14/2025 5:00,1,0,1,0.0,1,6.0,100,95,-3.2,12.7,990.2
9126,1/14/2025 6:00,25,0,25,0.0,25,109.1,100,91,-3.5,13.7,990.1
9127,1/14/2025 7:00,76,2,74,11.9,76,237.5,100,90,-3.4,14.9,990.1
9128,1/14/2025 8:00,116,3,113,13.2,116,321.6,99,82,-3.2,17.5,989.9
9129,1/14/2025 9:00,133,12,121,47.7,133,355.5,100,79,-3.1,18.6,989.2
9130,1/14/2025 10:00,106,3,103,12.6,106,336.9,100,86,-3.4,17.3,988.4
9131,1/14/2025 11:00,91,4,87,21.2,91,267.1,100,88,-3.6,16.7,988.2
9132,1/14/2025 12:00,36,0,36,0.0,36,150.9,100,91,-3.8,15.2,988.7
9133,1/14/2025 13:00,3,0,3,0.0,3,30.3,100,93,-4.1,15.7,988.7
9134,1/14/2025 14:00,0,0,0,0.0,0,0.0,91,92,-4.3,15.4,988.5
9135,1/14/2025 15:00,0,0,0,0.0,0,0.0,24,93,-5.6,15.3,988.0
9136,1/14/2025 16:00,0,0,0,0.0,0,0.0,100,93,-7.2,16.7,987.8
9137,1/14/2025 17:00,0,0,0,0.0,0,0.0,100,94,-7.1,16.5,987.4
9138,1/14/2025 18:00,0,0,0,0.0,0,0.0,100,94,-7.2,12.6,986.9
9139,1/14/2025 19:00,0,0,0,0.0,0,0.0,100,94,-7.2,13.5,986.9
9140,1/14/2025 20:00,0,0,0,0.0,0,0.0,100,94,-6.9,14.4,986.8
9141,1/14/2025 21:00,0,0,0,0.0,0,0.0,100,92,-6.4,15.2,986.1
9142,1/14/2025 22:00,0,0,0,0.0,0,0.0,100,92,-6.1,15.8,985.6
9143,1/14/2025 23:00,0,0,0,0.0,0,0.0,100,92,-5.6,20.1,985.4
9144,1/15/2025 0:00,0,0,0,0.0,0,0.0,100,87,-5.3,18.9,984.9
9145,1/15/2025 1:00,0,0,0,0.0,0,0.0,100,93,-5.6,20.9,984.0
9146,1/15/2025 2:00,0,0,0,0.0,0,0.0,100,94,-5.2,20.2,983.7
9147,1/15/2025 3:00,0,0,0,0.0,0,0.0,100,93,-4.8,20.1,983.2
9148,1/15/2025 4:00,0,0,0,0.0,0,0.0,100,93,-4.8,21.0,982.9
9149,1/15/2025 5:00,1,0,1,0.0,1,7.5,100,93,-4.7,21.5,982.7
9150,1/15/2025 6:00,18,0,18,0.0,18,112.3,100,93,-4.7,21.8,982.4
9151,1/15/2025 7:00,50,0,50,0.0,50,241.1,100,93,-4.6,17.1,982.4
9152,1/15/2025 8:00,70,0,70,0.0,70,325.6,100,94,-4.2,17.8,981.9
9153,1/15/2025 9:00,90,1,89,3.9,90,359.8,100,93,-4.1,20.2,981.2
9154,1/15/2025 10:00,66,0,66,0.0,66,341.5,100,93,-4.0,19.4,980.7
9155,1/15/2025 11:00,37,0,37,0.0,37,272.0,100,93,-4.0,16.2,980.4
9156,1/15/2025 12:00,24,0,24,0.0,24,155.9,100,92,-4.0,16.4,980.2
9157,1/15/2025 13:00,3,0,3,0.0,3,32.9,100,94,-4.1,17.6,980.1
9158,1/15/2025 14:00,0,0,0,0.0,0,0.0,100,95,-4.0,17.7,979.9
9159,1/15/2025 15:00,0,0,0,0.0,0,0.0,100,94,-3.8,17.6,979.4
9160,1/15/2025 16:00,0,0,0,0.0,0,0.0,100,93,-3.8,17.3,979.1
9161,1/15/2025 17:00,0,0,0,0.0,0,0.0,100,93,-3.8,16.8,978.5
9162,1/15/2025 18:00,0,0,0,0.0,0,0.0,100,93,-3.7,16.2,978.2
9163,1/15/2025 19:00,0,0,0,0.0,0,0.0,100,93,-3.6,15.8,977.8
9164,1/15/2025 20:00,0,0,0,0.0,0,0.0,100,93,-3.5,15.2,977.6
9165,1/15/2025 21:00,0,0,0,0.0,0,0.0,100,94,-3.4,15.1,977.4
9166,1/15/2025 22:00,0,0,0,0.0,0,0.0,100,95,-3.5,13.8,977.2
9167,1/15/2025 23:00,0,0,0,0.0,0,0.0,100,95,-3.2,14.2,977.3
9168,1/16/2025 0:00,0,0,0,0.0,0,0.0,100,95,-3.1,15.1,977.1
9169,1/16/2025 1:00,0,0,0,0.0,0,0.0,100,94,-2.7,14.3,977.3
9170,1/16/2025 2:00,0,0,0,0.0,0,0.0,100,93,-2.7,19.3,977.8
9171,1/16/2025 3:00,0,0,0,0.0,0,0.0,100,91,-3.5,23.0,978.4
9172,1/16/2025 4:00,0,0,0,0.0,0,0.0,100,89,-4.6,22.4,979.2
9173,1/16/2025 5:00,1,0,1,0.0,1,9.1,100,88,-5.9,21.6,980.0
9174,1/16/2025 6:00,26,0,26,0.0,26,115.6,100,84,-7.2,22.6,980.6
9175,1/16/2025 7:00,84,0,84,0.0,84,244.9,100,83,-8.0,23.1,981.5
9176,1/16/2025 8:00,123,6,117,25.7,123,329.7,100,81,-8.8,23.1,981.9
9177,1/16/2025 9:00,147,7,140,27.2,147,364.3,100,79,-9.4,23.0,982.2
9178,1/16/2025 10:00,135,4,131,16.3,135,346.3,100,78,-9.8,23.4,982.6
9179,1/16/2025 11:00,91,2,89,10.2,91,277.0,100,77,-10.1,22.5,983.2
9180,1/16/2025 12:00,42,0,42,0.0,42,161.1,100,78,-10.2,17.5,983.8
9181,1/16/2025 13:00,6,0,6,0.0,6,35.6,100,80,-10.4,15.1,983.5
9182,1/16/2025 14:00,0,0,0,0.0,0,0.0,100,81,-10.6,12.6,983.9
9183,1/16/2025 15:00,0,0,0,0.0,0,0.0,100,83,-10.5,10.2,983.8
9184,1/16/2025 16:00,0,0,0,0.0,0,0.0,100,84,-10.4,11.0,984.1
9185,1/16/2025 17:00,0,0,0,0.0,0,0.0,100,84,-10.3,11.0,984.0
9186,1/16/2025 18:00,0,0,0,0.0,0,0.0,100,85,-10.2,11.4,984.3
9187,1/16/2025 19:00,0,0,0,0.0,0,0.0,100,85,-10.2,11.8,984.3
9188,1/16/2025 20:00,0,0,0,0.0,0,0.0,100,84,-10.6,9.3,984.3
9189,1/16/2025 21:00,0,0,0,0.0,0,0.0,100,85,-11.2,7.2,984.0
9190,1/16/2025 22:00,0,0,0,0.0,0,0.0,94,86,-12.3,4.9,983.3
9191,1/16/2025 23:00,0,0,0,0.0,0,0.0,100,87,-12.0,8.2,983.0
9192,1/17/2025 0:00,0,0,0,0.0,0,0.0,100,87,-11.4,11.1,982.8
9193,1/17/2025 1:00,0,0,0,0.0,0,0.0,100,89,-11.1,11.1,982.3
9194,1/17/2025 2:00,0,0,0,0.0,0,0.0,100,89,-11.0,11.6,982.0
9195,1/17/2025 3:00,0,0,0,0.0,0,0.0,100,89,-11.5,12.6,981.8
9196,1/17/2025 4:00,0,0,0,0.0,0,0.0,100,89,-12.6,12.4,981.4
9197,1/17/2025 5:00,1,0,1,0.0,1,10.8,100,88,-11.9,13.5,981.1
9198,1/17/2025 6:00,42,2,40,19.1,42,119.2,100,85,-11.3,15.3,980.8
9199,1/17/2025 7:00,96,3,93,17.0,96,248.8,100,82,-10.2,19.1,980.5
9200,1/17/2025 8:00,130,4,126,16.9,130,334.0,100,83,-9.9,18.6,980.2
9201,1/17/2025 9:00,141,1,140,3.8,141,368.9,100,84,-9.6,17.3,979.8
9202,1/17/2025 10:00,107,0,107,0.0,107,351.2,100,86,-9.4,16.1,979.5
9203,1/17/2025 11:00,76,0,76,0.0,76,282.1,100,87,-9.2,16.2,979.2
9204,1/17/2025 12:00,41,0,41,0.0,41,166.3,100,88,-9.2,15.8,979.2
9205,1/17/2025 13:00,6,0,6,0.0,6,38.3,100,90,-9.1,16.6,979.0
9206,1/17/2025 14:00,0,0,0,0.0,0,0.0,100,90,-8.7,16.7,979.2
9207,1/17/2025 15:00,0,0,0,0.0,0,0.0,100,90,-8.5,15.5,979.3
9208,1/17/2025 16:00,0,0,0,0.0,0,0.0,100,90,-8.4,14.4,979.6
9209,1/17/2025 17:00,0,0,0,0.0,0,0.0,100,90,-8.4,14.1,979.8
9210,1/17/2025 18:00,0,0,0,0.0,0,0.0,100,90,-8.4,14.2,980.1
9211,1/17/2025 19:00,0,0,0,0.0,0,0.0,100,90,-8.4,14.8,980.2
9212,1/17/2025 20:00,0,0,0,0.0,0,0.0,100,90,-8.4,15.4,980.3
9213,1/17/2025 21:00,0,0,0,0.0,0,0.0,100,90,-8.4,14.2,980.4
9214,1/17/2025 22:00,0,0,0,0.0,0,0.0,100,90,-8.2,12.0,980.6
9215,1/17/2025 23:00,0,0,0,0.0,0,0.0,100,90,-8.2,10.7,981.0
9216,1/18/2025 0:00,0,0,0,0.0,0,0.0,100,90,-8.1,11.2,981.1
9217,1/18/2025 1:00,0,0,0,0.0,0,0.0,100,90,-8.1,10.5,980.8
9218,1/18/2025 2:00,0,0,0,0.0,0,0.0,100,90,-8.1,10.8,980.9
9219,1/18/2025 3:00,0,0,0,0.0,0,0.0,100,91,-8.1,10.6,980.9
9220,1/18/2025 4:00,0,0,0,0.0,0,0.0,100,91,-8.2,9.4,981.1
9221,1/18/2025 5:00,1,0,1,0.0,1,12.6,100,92,-8.1,9.9,981.1
9222,1/18/2025 6:00,25,0,25,0.0,25,122.9,100,93,-7.8,8.3,981.1
9223,1/18/2025 7:00,56,1,55,5.6,56,252.9,100,91,-7.4,9.6,981.1
9224,1/18/2025 8:00,74,0,74,0.0,74,338.5,100,91,-7.0,11.2,980.9
9225,1/18/2025 9:00,111,2,109,7.6,111,373.7,100,91,-6.4,11.8,980.3
9226,1/18/2025 10:00,99,6,93,23.8,99,356.3,100,91,-6.2,10.5,980.0
9227,1/18/2025 11:00,71,0,71,0.0,71,287.4,100,91,-6.0,9.8,979.9
9228,1/18/2025 12:00,40,0,40,0.0,40,171.7,100,92,-6.0,9.4,979.8
9229,1/18/2025 13:00,4,0,4,0.0,4,41.1,100,93,-6.3,12.3,979.5
9230,1/18/2025 14:00,0,0,0,0.0,0,0.0,100,94,-6.3,14.0,979.1
9231,1/18/2025 15:00,0,0,0,0.0,0,0.0,100,94,-6.3,14.7,978.7
9232,1/18/2025 16:00,0,0,0,0.0,0,0.0,100,94,-6.2,14.8,978.3
9233,1/18/2025 17:00,0,0,0,0.0,0,0.0,100,94,-6.2,15.2,978.2
9234,1/18/2025 18:00,0,0,0,0.0,0,0.0,100,94,-6.2,15.2,977.9
9235,1/18/2025 19:00,0,0,0,0.0,0,0.0,100,94,-6.2,15.0,977.6
9236,1/18/2025 20:00,0,0,0,0.0,0,0.0,100,94,-6.2,14.9,977.2
9237,1/18/2025 21:00,0,0,0,0.0,0,0.0,100,94,-6.1,14.3,977.0
9238,1/18/2025 22:00,0,0,0,0.0,0,0.0,100,94,-6.1,13.3,976.8
9239,1/18/2025 23:00,0,0,0,0.0,0,0.0,100,94,-6.1,13.0,976.8
9240,1/19/2025 0:00,0,0,0,0.0,0,0.0,100,94,-6.2,14.3,976.6
9241,1/19/2025 1:00,0,0,0,0.0,0,0.0,100,95,-5.8,12.1,976.3
9242,1/19/2025 2:00,0,0,0,0.0,0,0.0,100,94,-5.8,14.4,976.3
9243,1/19/2025 3:00,0,0,0,0.0,0,0.0,100,94,-5.7,15.7,976.0
9244,1/19/2025 4:00,0,0,0,0.0,0,0.0,100,94,-5.5,14.8,976.3
9245,1/19/2025 5:00,1,0,1,0.0,1,14.5,100,94,-5.4,15.0,976.5
9246,1/19/2025 6:00,16,0,16,0.0,16,126.7,100,94,-5.3,13.4,976.7
9247,1/19/2025 7:00,42,0,42,0.0,42,257.1,100,94,-5.2,13.2,976.8
9248,1/19/2025 8:00,69,0,69,0.0,69,343.1,100,94,-4.8,15.5,976.7
9249,1/19/2025 9:00,72,0,72,0.0,72,378.7,100,93,-4.6,15.9,976.4
9250,1/19/2025 10:00,65,0,65,0.0,65,361.5,100,93,-4.4,15.7,976.2
9251,1/19/2025 11:00,69,1,68,4.8,69,292.7,100,93,-4.3,14.2,976.3
9252,1/19/2025 12:00,28,0,28,0.0,28,177.1,100,93,-4.3,13.1,976.6
9253,1/19/2025 13:00,4,0,4,0.0,4,44.0,100,94,-4.4,15.0,976.4
9254,1/19/2025 14:00,0,0,0,0.0,0,0.0,100,95,-4.3,14.9,976.4
9255,1/19/2025 15:00,0,0,0,0.0,0,0.0,100,95,-4.2,16.1,976.1
9256,1/19/2025 16:00,0,0,0,0.0,0,0.0,100,96,-4.1,15.3,976.0
9257,1/19/2025 17:00,0,0,0,0.0,0,0.0,100,96,-3.9,15.9,975.3
9258,1/19/2025 18:00,0,0,0,0.0,0,0.0,100,96,-3.8,16.1,974.9
9259,1/19/2025 19:00,0,0,0,0.0,0,0.0,100,96,-3.5,15.9,974.5
9260,1/19/2025 20:00,0,0,0,0.0,0,0.0,100,96,-3.2,16.0,974.3
9261,1/19/2025 21:00,0,0,0,0.0,0,0.0,100,96,-3.0,16.2,973.7
9262,1/19/2025 22:00,0,0,0,0.0,0,0.0,100,96,-2.8,16.3,973.2
9263,1/19/2025 23:00,0,0,0,0.0,0,0.0,100,96,-2.5,16.2,972.6
9264,1/20/2025 0:00,0,0,0,0.0,0,0.0,100,97,-2.0,16.1,972.1
9265,1/20/2025 1:00,0,0,0,0.0,0,0.0,100,97,-2.0,15.9,971.3
9266,1/20/2025 2:00,0,0,0,0.0,0,0.0,100,97,-1.6,15.5,970.7
9267,1/20/2025 3:00,0,0,0,0.0,0,0.0,100,96,-1.5,16.3,970.1
9268,1/20/2025 4:00,0,0,0,0.0,0,0.0,100,94,-1.7,15.9,969.8
9269,1/20/2025 5:00,1,0,1,0.0,1,16.4,100,94,-2.2,16.5,969.5
9270,1/20/2025 6:00,20,0,20,0.0,20,130.7,100,94,-2.4,17.9,969.2
9271,1/20/2025 7:00,42,0,42,0.0,42,261.5,100,92,-2.5,18.7,969.0
9272,1/20/2025 8:00,88,0,88,0.0,88,347.8,100,89,-2.5,18.4,968.7
9273,1/20/2025 9:00,86,0,86,0.0,86,383.7,100,88,-2.6,17.7,968.0
9274,1/20/2025 10:00,83,0,83,0.0,83,366.8,100,90,-2.7,18.5,967.9
9275,1/20/2025 11:00,57,0,57,0.0,57,298.2,100,90,-2.8,17.1,967.7
9276,1/20/2025 12:00,40,0,40,0.0,40,182.7,100,91,-2.9,15.5,967.9
9277,1/20/2025 13:00,7,0,7,0.0,7,46.9,100,91,-3.0,15.3,968.0
9278,1/20/2025 14:00,0,0,0,0.0,0,0.0,100,92,-3.0,17.4,968.1
9279,1/20/2025 15:00,0,0,0,0.0,0,0.0,100,91,-3.0,19.1,968.1
9280,1/20/2025 16:00,0,0,0,0.0,0,0.0,100,91,-3.0,19.9,968.2
9281,1/20/2025 17:00,0,0,0,0.0,0,0.0,100,91,-2.8,21.9,968.1
9282,1/20/2025 18:00,0,0,0,0.0,0,0.0,100,87,-2.8,26.9,968.3
9283,1/20/2025 19:00,0,0,0,0.0,0,0.0,100,84,-3.5,27.7,968.6
9284,1/20/2025 20:00,0,0,0,0.0,0,0.0,98,85,-4.2,27.6,969.1
9285,1/20/2025 21:00,0,0,0,0.0,0,0.0,94,86,-4.8,27.8,969.5
9286,1/20/2025 22:00,0,0,0,0.0,0,0.0,100,83,-5.8,27.9,970.6
9287,1/20/2025 23:00,0,0,0,0.0,0,0.0,100,79,-7.3,26.4,971.9
9288,1/21/2025 0:00,0,0,0,0.0,0,0.0,100,74,-8.0,20.8,972.4
9289,1/21/2025 1:00,0,0,0,0.0,0,0.0,81,78,-7.4,24.0,972.6
9290,1/21/2025 2:00,0,0,0,0.0,0,0.0,100,83,-7.9,26.2,973.6
9291,1/21/2025 3:00,0,0,0,0.0,0,0.0,100,79,-9.1,30.9,974.9
9292,1/21/2025 4:00,0,0,0,0.0,0,0.0,100,78,-9.6,28.0,975.9
9293,1/21/2025 5:00,3,0,3,0.0,3,18.4,99,77,-9.4,28.3,976.7
9294,1/21/2025 6:00,53,7,46,63.2,53,134.9,98,77,-8.9,29.4,976.9
9295,1/21/2025 7:00,83,6,77,31.9,83,266.0,98,76,-9.1,32.0,977.5
9296,1/21/2025 8:00,118,3,115,12.0,118,352.7,99,75,-9.5,31.6,978.0
9297,1/21/2025 9:00,158,16,142,58.1,158,388.9,100,74,-9.6,32.1,978.4
9298,1/21/2025 10:00,109,5,104,19.0,109,372.2,100,73,-9.7,31.6,978.9
9299,1/21/2025 11:00,108,7,101,32.5,108,303.8,99,75,-9.4,28.4,979.2
9300,1/21/2025 12:00,64,5,59,37.5,64,188.3,100,77,-9.6,30.1,979.6
9301,1/21/2025 13:00,7,0,7,0.0,7,49.8,99,78,-9.8,32.0,979.6
9302,1/21/2025 14:00,0,0,0,0.0,0,0.0,100,76,-9.8,31.7,980.0
9303,1/21/2025 15:00,0,0,0,0.0,0,0.0,88,74,-9.6,34.7,980.4
9304,1/21/2025 16:00,0,0,0,0.0,0,0.0,97,74,-10.1,33.6,981.4
9305,1/21/2025 17:00,0,0,0,0.0,0,0.0,99,70,-10.4,30.5,982.6
9306,1/21/2025 18:00,0,0,0,0.0,0,0.0,99,72,-10.9,25.9,983.6
9307,1/21/2025 19:00,0,0,0,0.0,0,0.0,100,74,-11.7,25.6,984.8
9308,1/21/2025 20:00,0,0,0,0.0,0,0.0,69,74,-13.2,29.8,986.2
9309,1/21/2025 21:00,0,0,0,0.0,0,0.0,93,73,-15.2,26.9,987.5
9310,1/21/2025 22:00,0,0,0,0.0,0,0.0,95,73,-16.6,24.9,989.4
9311,1/21/2025 23:00,0,0,0,0.0,0,0.0,35,74,-17.7,25.1,991.1
9312,1/22/2025 0:00,0,0,0,0.0,0,0.0,0,73,-18.7,25.3,992.6
9313,1/22/2025 1:00,0,0,0,0.0,0,0.0,0,68,-17.6,25.9,993.0
9314,1/22/2025 2:00,0,0,0,0.0,0,0.0,0,67,-18.2,25.5,994.8
9315,1/22/2025 3:00,0,0,0,0.0,0,0.0,0,68,-18.7,24.2,996.4
9316,1/22/2025 4:00,0,0,0,0.0,0,0.0,0,69,-19.2,22.3,998.0
9317,1/22/2025 5:00,4,2,2,34.5,4,20.5,0,69,-19.7,21.1,999.5
9318,1/22/2025 6:00,77,45,32,400.1,77,139.2,0,69,-19.5,20.5,1000.9
9319,1/22/2025 7:00,178,124,54,646.9,178,270.7,0,68,-18.9,18.6,1002.3
9320,1/22/2025 8:00,252,187,65,738.4,252,357.6,0,67,-18.4,15.8,1003.3
9321,1/22/2025 9:00,285,215,70,770.3,285,394.1,0,66,-18.0,14.9,1004.2
9322,1/22/2025 10:00,270,202,68,755.2,270,377.7,0,67,-17.9,13.5,1005.0
9323,1/22/2025 11:00,211,152,59,693.6,211,309.4,0,68,-18.0,12.4,1006.1
9324,1/22/2025 12:00,117,75,42,545.8,117,194.0,0,70,-19.0,10.4,1006.8
9325,1/22/2025 13:00,21,11,10,137.9,21,52.8,0,68,-19.6,10.3,1008.0
9326,1/22/2025 14:00,0,0,0,0.0,0,0.0,0,69,-21.0,9.0,1009.0
9327,1/22/2025 15:00,0,0,0,0.0,0,0.0,0,70,-22.5,7.8,1009.7
9328,1/22/2025 16:00,0,0,0,0.0,0,0.0,0,73,-24.2,6.5,1009.9
9329,1/22/2025 17:00,0,0,0,0.0,0,0.0,0,76,-25.3,3.9,1010.0
9330,1/22/2025 18:00,0,0,0,0.0,0,0.0,2,77,-26.1,2.5,1010.0
9331,1/22/2025 19:00,0,0,0,0.0,0,0.0,70,78,-26.6,0.4,1010.1
9332,1/22/2025 20:00,0,0,0,0.0,0,0.0,10,79,-26.6,0.9,1010.3
9333,1/22/2025 21:00,0,0,0,0.0,0,0.0,25,79,-27.3,6.0,1011.0
9334,1/22/2025 22:00,0,0,0,0.0,0,0.0,40,77,-27.4,7.2,1010.7
9335,1/22/2025 23:00,0,0,0,0.0,0,0.0,100,73,-26.2,9.6,1011.6
9336,1/23/2025 0:00,0,0,0,0.0,0,0.0,100,73,-25.6,9.7,1011.7
9337,1/23/2025 1:00,0,0,0,0.0,0,0.0,100,75,-23.9,10.6,1012.6
9338,1/23/2025 2:00,0,0,0,0.0,0,0.0,100,74,-22.8,12.4,1012.9
9339,1/23/2025 3:00,0,0,0,0.0,0,0.0,100,73,-22.2,14.1,1013.0
9340,1/23/2025 4:00,0,0,0,0.0,0,0.0,100,73,-22.7,15.2,1012.7
9341,1/23/2025 5:00,4,0,4,0.0,4,22.7,100,73,-22.9,16.4,1012.9
9342,1/23/2025 6:00,61,9,52,78.8,61,143.6,100,70,-21.6,16.4,1013.0
9343,1/23/2025 7:00,126,16,110,82.0,126,275.5,100,72,-20.4,21.2,1013.1
9344,1/23/2025 8:00,121,0,121,0.0,121,362.8,100,71,-18.8,17.4,1012.6
9345,1/23/2025 9:00,149,1,148,3.5,149,399.5,100,71,-17.6,16.5,1012.2
9346,1/23/2025 10:00,141,1,140,3.7,141,383.3,100,71,-16.6,16.9,1011.8
9347,1/23/2025 11:00,97,0,97,0.0,97,315.2,100,73,-16.1,16.2,1011.5
9348,1/23/2025 12:00,56,0,56,0.0,56,199.8,100,75,-15.6,16.0,1011.1
9349,1/23/2025 13:00,12,0,12,0.0,12,55.8,100,78,-15.9,14.7,1011.6
9350,1/23/2025 14:00,0,0,0,0.0,0,0.0,100,72,-15.6,22.6,1011.3
9351,1/23/2025 15:00,0,0,0,0.0,0,0.0,100,71,-15.3,22.0,1010.8
9352,1/23/2025 16:00,0,0,0,0.0,0,0.0,100,72,-15.1,22.2,1010.0
9353,1/23/2025 17:00,0,0,0,0.0,0,0.0,100,71,-14.9,22.6,1009.5
9354,1/23/2025 18:00,0,0,0,0.0,0,0.0,100,71,-15.0,21.9,1009.0
9355,1/23/2025 19:00,0,0,0,0.0,0,0.0,100,70,-15.2,21.8,1008.9
9356,1/23/2025 20:00,0,0,0,0.0,0,0.0,100,70,-15.4,22.7,1008.1
9357,1/23/2025 21:00,0,0,0,0.0,0,0.0,100,69,-15.5,23.8,1007.5
9358,1/23/2025 22:00,0,0,0,0.0,0,0.0,100,69,-15.5,24.6,1006.7
9359,1/23/2025 23:00,0,0,0,0.0,0,0.0,100,68,-15.1,24.7,1006.5
9360,1/24/2025 0:00,0,0,0,0.0,0,0.0,100,68,-15.0,25.0,1005.8
9361,1/24/2025 1:00,0,0,0,0.0,0,0.0,100,68,-14.9,26.1,1005.3
9362,1/24/2025 2:00,0,0,0,0.0,0,0.0,100,69,-15.1,25.9,1004.8
9363,1/24/2025 3:00,0,0,0,0.0,0,0.0,100,70,-15.2,25.6,1004.4
9364,1/24/2025 4:00,0,0,0,0.0,0,0.0,100,71,-15.4,24.7,1004.2
9365,1/24/2025 5:00,4,0,4,0.0,4,24.9,100,71,-15.5,23.6,1004.4
9366,1/24/2025 6:00,52,1,51,8.6,52,148.2,100,72,-15.4,22.1,1004.2
9367,1/24/2025 7:00,117,5,112,25.2,117,280.4,100,72,-15.1,21.4,1004.1
9368,1/24/2025 8:00,177,29,148,111.3,177,368.0,100,72,-14.8,19.9,1003.6
9369,1/24/2025 9:00,190,16,174,55.8,190,405.0,100,73,-14.5,20.0,1003.2
9370,1/24/2025 10:00,177,12,165,43.5,177,389.0,100,73,-14.3,20.1,1002.7
9371,1/24/2025 11:00,135,4,131,17.6,135,321.0,100,75,-14.3,18.9,1002.3
9372,1/24/2025 12:00,76,2,74,13.7,76,205.7,100,75,-14.4,21.3,1001.9
9373,1/24/2025 13:00,17,0,17,0.0,17,58.9,100,73,-14.3,18.8,1001.4
9374,1/24/2025 14:00,0,0,0,0.0,0,0.0,100,74,-14.6,15.8,1001.3
9375,1/24/2025 15:00,0,0,0,0.0,0,0.0,100,75,-14.7,12.8,1001.0
9376,1/24/2025 16:00,0,0,0,0.0,0,0.0,100,76,-14.7,12.2,1000.7
9377,1/24/2025 17:00,0,0,0,0.0,0,0.0,100,76,-14.4,12.3,1000.2
9378,1/24/2025 18:00,0,0,0,0.0,0,0.0,100,76,-13.6,12.6,999.8
9379,1/24/2025 19:00,0,0,0,0.0,0,0.0,100,77,-13.2,13.1,999.9
9380,1/24/2025 20:00,0,0,0,0.0,0,0.0,100,77,-12.9,13.6,999.7
9381,1/24/2025 21:00,0,0,0,0.0,0,0.0,100,77,-12.8,13.5,999.5
9382,1/24/2025 22:00,0,0,0,0.0,0,0.0,100,78,-12.9,12.6,999.1
9383,1/24/2025 23:00,0,0,0,0.0,0,0.0,100,78,-13.1,12.3,999.1
9384,1/25/2025 0:00,0,0,0,0.0,0,0.0,100,78,-13.1,12.1,998.7
9385,1/25/2025 1:00,0,0,0,0.0,0,0.0,100,77,-13.1,11.5,997.9
9386,1/25/2025 2:00,0,0,0,0.0,0,0.0,100,77,-13.4,11.2,997.9
9387,1/25/2025 3:00,0,0,0,0.0,0,0.0,100,77,-13.8,12.8,998.0
9388,1/25/2025 4:00,0,0,0,0.0,0,0.0,100,77,-14.3,12.7,998.1
9389,1/25/2025 5:00,5,0,5,0.0,5,27.3,100,77,-14.8,11.7,998.2
9390,1/25/2025 6:00,64,11,53,93.4,64,152.9,100,77,-14.9,11.4,998.1
9391,1/25/2025 7:00,145,53,92,262.1,145,285.4,52,74,-14.4,10.7,998.1
9392,1/25/2025 8:00,229,144,85,544.4,229,373.3,99,73,-13.9,10.4,998.0
9393,1/25/2025 9:00,241,125,116,429.6,241,410.6,44,72,-13.4,9.3,997.7
9394,1/25/2025 10:00,227,131,96,468.3,227,394.8,100,72,-13.0,8.0,997.7
9395,1/25/2025 11:00,108,12,96,51.8,108,326.9,100,75,-12.8,8.2,997.6
9396,1/25/2025 12:00,55,3,52,20.0,55,211.6,100,77,-12.6,8.7,997.6
9397,1/25/2025 13:00,12,0,12,0.0,12,62.0,100,82,-12.9,7.9,997.6
9398,1/25/2025 14:00,0,0,0,0.0,0,0.0,100,83,-12.9,7.4,998.1
9399,1/25/2025 15:00,0,0,0,0.0,0,0.0,100,84,-12.9,7.7,998.0
9400,1/25/2025 16:00,0,0,0,0.0,0,0.0,100,85,-12.9,9.2,997.7
9401,1/25/2025 17:00,0,0,0,0.0,0,0.0,100,85,-12.9,8.3,997.7
9402,1/25/2025 18:00,0,0,0,0.0,0,0.0,100,85,-12.7,6.9,997.5
9403,1/25/2025 19:00,0,0,0,0.0,0,0.0,100,86,-12.6,6.3,997.6
9404,1/25/2025 20:00,0,0,0,0.0,0,0.0,100,86,-12.5,6.7,997.6
9405,1/25/2025 21:00,0,0,0,0.0,0,0.0,100,88,-12.4,6.7,997.6
9406,1/25/2025 22:00,0,0,0,0.0,0,0.0,100,87,-12.3,5.6,997.7
9407,1/25/2025 23:00,0,0,0,0.0,0,0.0,100,87,-12.1,4.7,997.9
9408,1/26/2025 0:00,0,0,0,0.0,0,0.0,100,89,-12.1,3.9,997.9
9409,1/26/2025 1:00,0,0,0,0.0,0,0.0,100,88,-12.2,3.3,997.7
9410,1/26/2025 2:00,0,0,0,0.0,0,0.0,100,89,-12.1,4.2,997.8
9411,1/26/2025 3:00,0,0,0,0.0,0,0.0,100,89,-12.0,4.5,997.9
9412,1/26/2025 4:00,0,0,0,0.0,0,0.0,100,89,-12.1,5.4,997.7
9413,1/26/2025 5:00,4,0,4,0.0,4,29.6,100,89,-12.1,6.2,997.8
9414,1/26/2025 6:00,45,3,42,25.1,45,157.7,100,88,-11.6,7.1,997.8
9415,1/26/2025 7:00,99,4,95,19.4,99,290.5,100,86,-11.0,9.3,997.7
9416,1/26/2025 8:00,119,4,115,14.9,119,378.7,100,85,-10.6,9.7,997.7
9417,1/26/2025 9:00,117,1,116,3.4,117,416.3,100,84,-10.4,10.0,997.4
9418,1/26/2025 10:00,123,3,120,10.6,123,400.6,100,84,-10.1,10.0,997.4
9419,1/26/2025 11:00,93,1,92,4.2,93,332.8,100,84,-9.9,9.9,997.3
9420,1/26/2025 12:00,56,1,55,6.5,56,217.5,100,84,-9.9,9.8,997.5
9421,1/26/2025 13:00,15,0,15,0.0,15,65.1,100,86,-10.8,9.7,997.1
9422,1/26/2025 14:00,0,0,0,0.0,0,0.0,100,87,-10.9,11.6,997.3
9423,1/26/2025 15:00,0,0,0,0.0,0,0.0,100,88,-11.0,12.7,997.0
9424,1/26/2025 16:00,0,0,0,0.0,0,0.0,100,88,-11.3,12.6,997.0
9425,1/26/2025 17:00,0,0,0,0.0,0,0.0,100,88,-11.2,12.2,997.2
9426,1/26/2025 18:00,0,0,0,0.0,0,0.0,100,88,-11.2,12.7,996.9
9427,1/26/2025 19:00,0,0,0,0.0,0,0.0,100,88,-11.1,12.5,996.6
9428,1/26/2025 20:00,0,0,0,0.0,0,0.0,100,89,-11.1,11.9,996.4
9429,1/26/2025 21:00,0,0,0,0.0,0,0.0,100,89,-10.8,13.6,996.3
9430,1/26/2025 22:00,0,0,0,0.0,0,0.0,100,90,-10.6,14.2,996.1
9431,1/26/2025 23:00,0,0,0,0.0,0,0.0,100,91,-9.9,15.8,995.8
9432,1/27/2025 0:00,0,0,0,0.0,0,0.0,100,91,-9.6,16.5,995.7
9433,1/27/2025 1:00,0,0,0,0.0,0,0.0,100,92,-9.7,14.9,995.5
9434,1/27/2025 2:00,0,0,0,0.0,0,0.0,100,91,-9.2,15.9,995.1
9435,1/27/2025 3:00,0,0,0,0.0,0,0.0,100,93,-8.1,14.2,995.2
9436,1/27/2025 4:00,0,0,0,0.0,0,0.0,100,93,-7.2,14.1,995.0
9437,1/27/2025 5:00,1,0,1,0.0,1,32.1,100,94,-6.5,14.8,995.1
9438,1/27/2025 6:00,16,0,16,0.0,16,162.6,100,95,-6.2,16.4,994.7
9439,1/27/2025 7:00,46,0,46,0.0,46,295.8,100,94,-5.1,18.4,994.3
9440,1/27/2025 8:00,59,0,59,0.0,59,384.3,100,95,-4.0,15.3,994.0
9441,1/27/2025 9:00,79,0,79,0.0,79,422.0,100,96,-3.0,13.4,993.8
9442,1/27/2025 10:00,63,0,63,0.0,63,406.5,100,95,-2.3,14.4,993.3
9443,1/27/2025 11:00,50,0,50,0.0,50,338.8,100,96,-1.9,13.7,993.3
9444,1/27/2025 12:00,31,0,31,0.0,31,223.6,100,97,-1.6,15.8,993.1
9445,1/27/2025 13:00,6,0,6,0.0,6,68.6,100,98,-2.0,16.7,993.0
9446,1/27/2025 14:00,0,0,0,0.0,0,0.0,100,99,-1.6,16.5,992.8
9447,1/27/2025 15:00,0,0,0,0.0,0,0.0,100,98,-1.2,17.1,992.3
9448,1/27/2025 16:00,0,0,0,0.0,0,0.0,100,98,-0.8,17.5,992.0
9449,1/27/2025 17:00,0,0,0,0.0,0,0.0,100,97,-0.3,18.4,991.8
9450,1/27/2025 18:00,0,0,0,0.0,0,0.0,100,98,-0.1,19.8,991.2
9451,1/27/2025 19:00,0,0,0,0.0,0,0.0,100,100,-0.1,20.9,990.8
9452,1/27/2025 20:00,0,0,0,0.0,0,0.0,100,100,0.1,21.0,990.6
9453,1/27/2025 21:00,0,0,0,0.0,0,0.0,100,99,0.2,20.9,990.2
9454,1/27/2025 22:00,0,0,0,0.0,0,0.0,100,99,0.3,21.0,990.1
9455,1/27/2025 23:00,0,0,0,0.0,0,0.0,100,97,0.4,21.6,989.7
9456,1/28/2025 0:00,0,0,0,0.0,0,0.0,100,97,0.4,21.5,989.3
9457,1/28/2025 1:00,0,0,0,0.0,0,0.0,100,96,0.3,20.9,989.5
9458,1/28/2025 2:00,0,0,0,0.0,0,0.0,100,96,0.4,21.0,989.4
9459,1/28/2025 3:00,0,0,0,0.0,0,0.0,100,96,0.4,20.0,989.3
9460,1/28/2025 4:00,0,0,0,0.0,0,0.0,100,96,0.3,20.3,989.3
9461,1/28/2025 5:00,2,0,2,0.0,2,34.7,100,96,0.4,19.5,989.4
9462,1/28/2025 6:00,15,0,15,0.0,15,167.8,100,96,0.4,19.5,989.3
9463,1/28/2025 7:00,63,0,63,0.0,63,301.2,100,95,0.6,18.5,989.5
9464,1/28/2025 8:00,77,0,77,0.0,77,390.0,100,95,0.6,18.2,989.4
9465,1/28/2025 9:00,92,4,88,13.2,92,427.9,100,96,0.6,18.3,989.2
9466,1/28/2025 10:00,63,0,63,0.0,63,412.6,100,96,0.6,18.6,989.2
9467,1/28/2025 11:00,44,0,44,0.0,44,345.0,100,96,0.5,18.6,989.3
9468,1/28/2025 12:00,22,0,22,0.0,22,229.7,100,96,0.4,18.1,989.3
9469,1/28/2025 13:00,11,0,11,0.0,11,74.6,100,97,0.2,16.5,989.0
9470,1/28/2025 14:00,0,0,0,0.0,0,0.0,100,96,0.2,15.9,989.2
9471,1/28/2025 15:00,0,0,0,0.0,0,0.0,100,97,0.2,16.7,988.9
9472,1/28/2025 16:00,0,0,0,0.0,0,0.0,100,97,0.2,17.2,989.0
9473,1/28/2025 17:00,0,0,0,0.0,0,0.0,100,97,0.3,17.0,988.8
9474,1/28/2025 18:00,0,0,0,0.0,0,0.0,100,97,0.3,17.3,988.9
9475,1/28/2025 19:00,0,0,0,0.0,0,0.0,100,97,0.4,16.9,989.1
9476,1/28/2025 20:00,0,0,0,0.0,0,0.0,100,98,0.4,16.0,989.4
9477,1/28/2025 21:00,0,0,0,0.0,0,0.0,100,98,0.4,16.4,989.9
9478,1/28/2025 22:00,0,0,0,0.0,0,0.0,100,98,0.4,16.2,990.2
9479,1/28/2025 23:00,0,0,0,0.0,0,0.0,100,98,0.3,15.7,990.5
9480,1/29/2025 0:00,0,0,0,0.0,0,0.0,100,99,0.2,16.4,990.7
9481,1/29/2025 1:00,0,0,0,0.0,0,0.0,100,98,0.2,16.6,991.0
9482,1/29/2025 2:00,0,0,0,0.0,0,0.0,100,98,0.3,15.4,991.7
9483,1/29/2025 3:00,0,0,0,0.0,0,0.0,100,99,0.3,13.4,992.2
9484,1/29/2025 4:00,0,0,0,0.0,0,0.0,100,98,0.3,13.2,992.6
9485,1/29/2025 5:00,4,0,4,0.0,4,37.3,100,97,0.3,11.9,993.2
9486,1/29/2025 6:00,37,0,37,0.0,37,173.1,100,97,0.3,10.3,993.7
9487,1/29/2025 7:00,70,0,70,0.0,70,306.8,100,96,0.4,11.6,994.2
9488,1/29/2025 8:00,90,0,90,0.0,90,395.8,100,96,0.5,13.0,994.2
9489,1/29/2025 9:00,81,0,81,0.0,81,434.0,100,95,0.6,12.6,994.6
9490,1/29/2025 10:00,100,2,98,6.7,100,418.8,100,92,0.8,12.5,994.8
9491,1/29/2025 11:00,92,6,86,24.1,92,351.2,100,92,0.8,10.2,994.6
9492,1/29/2025 12:00,80,8,72,47.8,80,235.9,84,92,0.6,10.5,995.3
9493,1/29/2025 13:00,20,1,19,10.5,20,80.8,100,96,0.4,8.6,995.9
9494,1/29/2025 14:00,0,0,0,0.0,0,0.0,100,98,0.3,7.1,996.1
9495,1/29/2025 15:00,0,0,0,0.0,0,0.0,100,98,0.3,8.0,996.2
9496,1/29/2025 16:00,0,0,0,0.0,0,0.0,100,99,0.2,8.3,996.3
9497,1/29/2025 17:00,0,0,0,0.0,0,0.0,100,99,0.2,8.7,996.6
9498,1/29/2025 18:00,0,0,0,0.0,0,0.0,100,99,0.2,9.6,996.8
9499,1/29/2025 19:00,0,0,0,0.0,0,0.0,100,99,0.1,10.2,997.0
9500,1/29/2025 20:00,0,0,0,0.0,0,0.0,100,99,0.0,10.0,997.3
9501,1/29/2025 21:00,0,0,0,0.0,0,0.0,100,99,-0.1,10.5,997.2
9502,1/29/2025 22:00,0,0,0,0.0,0,0.0,100,99,-0.1,10.6,997.3
9503,1/29/2025 23:00,0,0,0,0.0,0,0.0,100,98,0.0,10.7,997.5
9504,1/30/2025 0:00,0,0,0,0.0,0,0.0,100,98,-0.2,11.4,997.6
9505,1/30/2025 1:00,0,0,0,0.0,0,0.0,100,99,-0.2,12.0,997.1
9506,1/30/2025 2:00,0,0,0,0.0,0,0.0,100,99,-0.5,13.0,997.5
9507,1/30/2025 3:00,0,0,0,0.0,0,0.0,100,99,-0.6,12.9,997.6
9508,1/30/2025 4:00,0,0,0,0.0,0,0.0,100,99,-0.6,11.6,997.7
9509,1/30/2025 5:00,2,0,2,0.0,2,40.0,100,99,-0.6,11.7,997.9
9510,1/30/2025 6:00,22,0,22,0.0,22,178.6,100,98,-0.6,14.6,998.1
9511,1/30/2025 7:00,46,0,46,0.0,46,312.6,100,96,-0.6,15.7,998.2
9512,1/30/2025 8:00,60,0,60,0.0,60,401.8,100,95,-0.6,15.3,998.0
9513,1/30/2025 9:00,82,0,82,0.0,82,440.2,100,95,-0.6,15.0,997.7
9514,1/30/2025 10:00,58,0,58,0.0,58,425.1,100,96,-0.8,15.3,997.6
9515,1/30/2025 11:00,36,0,36,0.0,36,357.6,100,97,-1.0,15.0,997.8
9516,1/30/2025 12:00,23,0,23,0.0,23,242.3,100,97,-1.2,14.2,998.1
9517,1/30/2025 13:00,6,0,6,0.0,6,87.0,100,98,-1.6,12.8,997.9
9518,1/30/2025 14:00,0,0,0,0.0,0,0.0,100,99,-1.8,12.5,998.0
9519,1/30/2025 15:00,0,0,0,0.0,0,0.0,100,99,-1.9,12.7,997.9
9520,1/30/2025 16:00,0,0,0,0.0,0,0.0,100,99,-1.9,13.1,997.7
9521,1/30/2025 17:00,0,0,0,0.0,0,0.0,100,98,-2.0,11.7,997.7
9522,1/30/2025 18:00,0,0,0,0.0,0,0.0,100,98,-2.0,11.2,997.6
9523,1/30/2025 19:00,0,0,0,0.0,0,0.0,100,97,-2.0,10.6,997.6
9524,1/30/2025 20:00,0,0,0,0.0,0,0.0,100,97,-1.9,11.9,997.4
9525,1/30/2025 21:00,0,0,0,0.0,0,0.0,100,96,-1.7,11.3,997.4
9526,1/30/2025 22:00,0,0,0,0.0,0,0.0,100,97,-1.6,10.6,997.1
9527,1/30/2025 23:00,0,0,0,0.0,0,0.0,100,97,-1.5,10.8,997.3
9528,1/31/2025 0:00,0,0,0,0.0,0,0.0,100,98,-1.5,10.6,997.2
9529,1/31/2025 1:00,0,0,0,0.0,0,0.0,100,98,-1.4,10.7,996.8
9530,1/31/2025 2:00,0,0,0,0.0,0,0.0,100,98,-1.2,11.5,996.8
9531,1/31/2025 3:00,0,0,0,0.0,0,0.0,100,98,-1.1,10.6,996.7
9532,1/31/2025 4:00,0,0,0,0.0,0,0.0,100,98,-0.9,9.9,996.8
9533,1/31/2025 5:00,4,0,4,0.0,4,42.9,100,98,-0.8,11.6,996.8
9534,1/31/2025 6:00,25,0,25,0.0,25,184.2,100,97,-0.4,13.2,996.9
9535,1/31/2025 7:00,44,0,44,0.0,44,318.5,100,97,-0.2,13.0,997.3
9536,1/31/2025 8:00,70,0,70,0.0,70,408.0,100,97,0.1,11.8,997.2
9537,1/31/2025 9:00,76,0,76,0.0,76,446.6,100,96,0.3,11.2,996.9
9538,1/31/2025 10:00,94,1,93,3.3,94,431.6,100,95,0.6,13.0,996.9
9539,1/31/2025 11:00,70,1,69,3.9,70,364.1,100,96,0.6,12.5,996.8
9540,1/31/2025 12:00,53,0,53,0.0,53,248.8,100,96,0.6,11.9,997.1
9541,1/31/2025 13:00,16,0,16,0.0,16,93.4,100,96,0.4,11.9,997.4
9542,1/31/2025 14:00,0,0,0,0.0,0,0.0,100,97,0.4,11.4,997.7
9543,1/31/2025 15:00,0,0,0,0.0,0,0.0,100,97,0.4,11.6,997.8
9544,1/31/2025 16:00,0,0,0,0.0,0,0.0,100,97,0.4,11.6,997.9
9545,1/31/2025 17:00,0,0,0,0.0,0,0.0,100,98,0.4,11.7,998.1
9546,1/31/2025 18:00,0,0,0,0.0,0,0.0,100,98,0.5,12.1,998.2
9547,1/31/2025 19:00,0,0,0,0.0,0,0.0,100,99,0.5,11.7,998.3
9548,1/31/2025 20:00,0,0,0,0.0,0,0.0,100,100,0.4,11.2,998.5
9549,1/31/2025 21:00,0,0,0,0.0,0,0.0,100,100,0.3,10.2,998.6
9550,1/31/2025 22:00,0,0,0,0.0,0,0.0,100,100,0.3,10.3,998.8
9551,1/31/2025 23:00,0,0,0,0.0,0,0.0,100,100,0.1,10.5,999.2
9552,2/1/2025 0:00,0,0,0,0.0,0,0.0,100,100,0.1,10.3,999.3
9553,2/1/2025 1:00,0,0,0,0.0,0,0.0,100,100,0.2,9.3,999.2
9554,2/1/2025 2:00,0,0,0,0.0,0,0.0,100,100,0.1,8.9,999.4
9555,2/1/2025 3:00,0,0,0,0.0,0,0.0,100,100,0.1,8.8,999.4
9556,2/1/2025 4:00,0,0,0,0.0,0,0.0,100,99,0.2,10.2,999.8
9557,2/1/2025 5:00,5,0,5,0.0,5,45.8,100,98,0.2,10.8,1000.0
9558,2/1/2025 6:00,49,1,48,7.4,49,190.1,100,92,0.4,10.7,1000.3
9559,2/1/2025 7:00,105,6,99,26.0,105,324.6,100,88,0.6,12.2,1000.7
9560,2/1/2025 8:00,142,10,132,34.0,142,414.3,100,85,0.9,11.2,1000.5
9561,2/1/2025 9:00,152,14,138,43.5,152,453.1,100,82,1.0,10.5,1000.4
9562,2/1/2025 10:00,145,4,141,12.9,145,438.2,100,81,1.1,9.7,1000.3
9563,2/1/2025 11:00,85,2,83,7.6,85,370.7,100,86,0.8,8.6,1000.3
9564,2/1/2025 12:00,77,6,71,33.1,77,255.3,100,88,0.6,8.7,1000.4
9565,2/1/2025 13:00,28,3,25,29.4,28,99.8,100,94,0.1,9.9,1000.3
9566,2/1/2025 14:00,0,0,0,0.0,0,0.0,100,96,0.1,12.8,1000.5
9567,2/1/2025 15:00,0,0,0,0.0,0,0.0,100,94,0.0,10.2,1000.2
9568,2/1/2025 16:00,0,0,0,0.0,0,0.0,100,97,-0.2,14.0,999.9
9569,2/1/2025 17:00,0,0,0,0.0,0,0.0,100,95,-0.2,14.2,1000.0
9570,2/1/2025 18:00,0,0,0,0.0,0,0.0,100,94,-0.6,10.8,999.9
9571,2/1/2025 19:00,0,0,0,0.0,0,0.0,100,94,-0.2,10.3,999.7
9572,2/1/2025 20:00,0,0,0,0.0,0,0.0,100,98,-0.3,13.4,999.5
9573,2/1/2025 21:00,0,0,0,0.0,0,0.0,100,100,-0.3,12.6,999.4
9574,2/1/2025 22:00,0,0,0,0.0,0,0.0,100,100,-0.4,11.1,999.2
9575,2/1/2025 23:00,0,0,0,0.0,0,0.0,100,99,-0.3,11.6,999.2
9576,2/2/2025 0:00,0,0,0,0.0,0,0.0,100,99,-0.4,15.6,999.0
9577,2/2/2025 1:00,0,0,0,0.0,0,0.0,100,100,-0.2,11.5,999.1
9578,2/2/2025 2:00,0,0,0,0.0,0,0.0,100,100,-0.3,12.1,998.8
9579,2/2/2025 3:00,0,0,0,0.0,0,0.0,100,100,-0.3,15.7,998.6
9580,2/2/2025 4:00,0,0,0,0.0,0,0.0,100,99,-0.2,15.1,998.6
9581,2/2/2025 5:00,2,0,2,0.0,2,48.8,100,100,-0.3,13.5,998.4
9582,2/2/2025 6:00,22,0,22,0.0,22,196.0,100,99,-0.1,17.3,998.3
9583,2/2/2025 7:00,44,0,44,0.0,44,330.9,100,98,0.1,18.5,998.2
9584,2/2/2025 8:00,50,0,50,0.0,50,420.8,100,98,0.1,16.8,998.0
9585,2/2/2025 9:00,136,3,133,9.2,136,459.7,100,92,0.5,20.0,997.6
9586,2/2/2025 10:00,110,0,110,0.0,110,444.9,100,92,0.3,20.9,996.9
9587,2/2/2025 11:00,100,1,99,3.7,100,377.5,100,92,-0.1,24.4,996.4
9588,2/2/2025 12:00,70,1,69,5.4,70,262.0,100,92,-0.4,23.0,996.1
9589,2/2/2025 13:00,22,0,22,0.0,22,106.4,100,93,-1.3,25.4,996.9
9590,2/2/2025 14:00,0,0,0,0.0,0,0.0,100,95,-1.8,24.8,997.0
9591,2/2/2025 15:00,0,0,0,0.0,0,0.0,100,95,-2.0,22.3,996.8
9592,2/2/2025 16:00,0,0,0,0.0,0,0.0,100,94,-2.2,23.2,996.4
9593,2/2/2025 17:00,0,0,0,0.0,0,0.0,100,93,-2.7,23.8,996.5
9594,2/2/2025 18:00,0,0,0,0.0,0,0.0,100,93,-3.1,22.5,996.3
9595,2/2/2025 19:00,0,0,0,0.0,0,0.0,100,95,-3.4,21.6,996.3
9596,2/2/2025 20:00,0,0,0,0.0,0,0.0,100,95,-3.6,21.1,996.3
9597,2/2/2025 21:00,0,0,0,0.0,0,0.0,100,96,-3.8,17.6,996.2
9598,2/2/2025 22:00,0,0,0,0.0,0,0.0,100,97,-4.0,16.6,995.9
9599,2/2/2025 23:00,0,0,0,0.0,0,0.0,100,97,-4.1,17.3,995.9
9600,2/3/2025 0:00,0,0,0,0.0,0,0.0,100,96,-4.3,18.7,995.5
9601,2/3/2025 1:00,0,0,0,0.0,0,0.0,100,96,-4.0,18.9,995.2
9602,2/3/2025 2:00,0,0,0,0.0,0,0.0,100,95,-4.3,19.9,995.0
9603,2/3/2025 3:00,0,0,0,0.0,0,0.0,100,95,-4.6,18.5,995.0
9604,2/3/2025 4:00,0,0,0,0.0,0,0.0,100,96,-4.8,16.7,994.8
9605,2/3/2025 5:00,4,0,4,0.0,4,51.9,100,96,-4.8,15.4,994.8
9606,2/3/2025 6:00,29,0,29,0.0,29,202.2,100,94,-4.7,17.1,994.9
9607,2/3/2025 7:00,53,0,53,0.0,53,337.2,100,94,-4.5,18.2,994.8
9608,2/3/2025 8:00,58,0,58,0.0,58,427.3,100,94,-4.3,17.9,994.7
9609,2/3/2025 9:00,71,0,71,0.0,71,466.4,100,93,-4.0,17.8,994.6
9610,2/3/2025 10:00,70,0,70,0.0,70,451.7,100,93,-3.8,17.8,994.2
9611,2/3/2025 11:00,71,0,71,0.0,71,384.3,100,92,-3.5,19.5,994.2
9612,2/3/2025 12:00,56,0,56,0.0,56,268.7,100,93,-3.5,18.5,994.1
9613,2/3/2025 13:00,15,0,15,0.0,15,113.0,100,94,-4.1,15.1,994.8
9614,2/3/2025 14:00,0,0,0,0.0,0,2.0,100,93,-3.9,19.5,995.1
9615,2/3/2025 15:00,0,0,0,0.0,0,0.0,100,93,-3.7,18.6,995.1
9616,2/3/2025 16:00,0,0,0,0.0,0,0.0,100,93,-3.5,18.4,994.9
9617,2/3/2025 17:00,0,0,0,0.0,0,0.0,100,94,-3.3,18.4,995.2
9618,2/3/2025 18:00,0,0,0,0.0,0,0.0,100,94,-3.1,18.4,995.4
9619,2/3/2025 19:00,0,0,0,0.0,0,0.0,100,94,-3.0,18.2,995.5
9620,2/3/2025 20:00,0,0,0,0.0,0,0.0,100,94,-2.9,17.0,996.1
9621,2/3/2025 21:00,0,0,0,0.0,0,0.0,100,94,-2.8,16.5,996.3
9622,2/3/2025 22:00,0,0,0,0.0,0,0.0,100,94,-2.8,17.0,996.5
9623,2/3/2025 23:00,0,0,0,0.0,0,0.0,100,95,-2.8,17.4,996.8
9624,2/4/2025 0:00,0,0,0,0.0,0,0.0,100,95,-2.8,17.3,997.2
9625,2/4/2025 1:00,0,0,0,0.0,0,0.0,100,95,-3.2,16.8,998.1
9626,2/4/2025 2:00,0,0,0,0.0,0,0.0,100,95,-3.2,16.0,998.5
9627,2/4/2025 3:00,0,0,0,0.0,0,0.0,100,94,-3.4,16.0,998.7
9628,2/4/2025 4:00,0,0,0,0.0,0,0.0,100,94,-3.6,15.2,999.1
9629,2/4/2025 5:00,7,0,7,0.0,7,55.1,100,93,-3.7,13.1,999.9
9630,2/4/2025 6:00,37,0,37,0.0,37,208.4,100,92,-3.7,14.0,1000.5
9631,2/4/2025 7:00,58,0,58,0.0,58,343.7,100,91,-3.8,14.4,1001.1
9632,2/4/2025 8:00,100,3,97,9.7,100,434.0,100,90,-3.8,13.9,1001.3
9633,2/4/2025 9:00,135,6,129,17.8,135,473.2,100,88,-3.6,13.4,1001.4
9634,2/4/2025 10:00,124,4,120,12.3,124,458.6,100,88,-3.6,12.3,1001.2
9635,2/4/2025 11:00,136,2,134,7.2,136,391.1,100,87,-3.7,13.3,1001.2
9636,2/4/2025 12:00,95,3,92,15.3,95,275.5,100,85,-4.1,14.1,1001.4
9637,2/4/2025 13:00,30,1,29,9.1,30,119.7,100,88,-3.9,12.6,1002.5
9638,2/4/2025 14:00,1,0,1,0.0,1,5.4,100,89,-4.1,14.2,1002.3
9639,2/4/2025 15:00,0,0,0,0.0,0,0.0,100,89,-4.2,16.2,1002.6
9640,2/4/2025 16:00,0,0,0,0.0,0,0.0,100,86,-4.9,16.7,1002.6
9641,2/4/2025 17:00,0,0,0,0.0,0,0.0,100,86,-6.0,16.3,1002.6
9642,2/4/2025 18:00,0,0,0,0.0,0,0.0,100,86,-7.2,16.5,1002.6
9643,2/4/2025 19:00,0,0,0,0.0,0,0.0,100,85,-7.8,16.3,1002.8
9644,2/4/2025 20:00,0,0,0,0.0,0,0.0,100,84,-8.2,15.9,1002.9
9645,2/4/2025 21:00,0,0,0,0.0,0,0.0,100,84,-8.4,16.1,1003.1
9646,2/4/2025 22:00,0,0,0,0.0,0,0.0,100,83,-8.4,16.2,1003.4
9647,2/4/2025 23:00,0,0,0,0.0,0,0.0,100,82,-8.4,15.9,1004.0
9648,2/5/2025 0:00,0,0,0,0.0,0,0.0,100,82,-8.7,15.6,1004.3
9649,2/5/2025 1:00,0,0,0,0.0,0,0.0,100,81,-7.9,15.9,1005.1
9650,2/5/2025 2:00,0,0,0,0.0,0,0.0,100,80,-8.1,15.1,1005.1
9651,2/5/2025 3:00,0,0,0,0.0,0,0.0,100,79,-8.4,14.0,1005.6
9652,2/5/2025 4:00,0,0,0,0.0,0,0.0,100,79,-8.4,13.0,1005.7
9653,2/5/2025 5:00,16,0,16,0.0,16,58.3,100,79,-8.7,13.9,1006.0
9654,2/5/2025 6:00,97,21,76,137.6,97,214.8,100,76,-7.8,14.9,1006.3
9655,2/5/2025 7:00,209,105,104,421.8,209,350.3,100,75,-6.4,16.0,1006.7
9656,2/5/2025 8:00,291,179,112,571.4,291,440.8,100,73,-5.3,13.2,1006.7
9657,2/5/2025 9:00,336,233,103,683.0,336,480.1,100,72,-4.1,12.1,1006.5
9658,2/5/2025 10:00,330,241,89,728.5,330,465.5,90,71,-3.2,10.6,1006.4
9659,2/5/2025 11:00,273,197,76,696.4,273,398.1,100,68,-3.0,13.8,1006.4
9660,2/5/2025 12:00,178,121,57,602.9,178,282.4,60,68,-4.0,13.8,1006.6
9661,2/5/2025 13:00,65,36,29,321.7,65,126.4,72,71,-4.7,13.8,1006.8
9662,2/5/2025 14:00,1,0,1,0.0,1,8.7,97,73,-5.8,14.7,1007.2
9663,2/5/2025 15:00,0,0,0,0.0,0,0.0,100,74,-6.2,15.1,1007.6
9664,2/5/2025 16:00,0,0,0,0.0,0,0.0,100,73,-6.1,15.6,1007.8
9665,2/5/2025 17:00,0,0,0,0.0,0,0.0,100,74,-6.3,16.1,1008.4
9666,2/5/2025 18:00,0,0,0,0.0,0,0.0,28,74,-6.7,17.1,1008.4
9667,2/5/2025 19:00,0,0,0,0.0,0,0.0,63,74,-7.4,16.3,1009.0
9668,2/5/2025 20:00,0,0,0,0.0,0,0.0,42,75,-8.1,15.7,1009.2
9669,2/5/2025 21:00,0,0,0,0.0,0,0.0,34,76,-8.7,14.9,1009.5
9670,2/5/2025 22:00,0,0,0,0.0,0,0.0,1,77,-9.2,14.7,1009.7
9671,2/5/2025 23:00,0,0,0,0.0,0,0.0,0,78,-9.6,14.6,1010.0
9672,2/6/2025 0:00,0,0,0,0.0,0,0.0,0,80,-9.9,14.4,1010.2
9673,2/6/2025 1:00,0,0,0,0.0,0,0.0,19,81,-9.4,13.9,1010.9
9674,2/6/2025 2:00,0,0,0,0.0,0,0.0,21,82,-9.9,13.9,1011.3
9675,2/6/2025 3:00,0,0,0,0.0,0,0.0,34,83,-10.2,14.3,1011.7
9676,2/6/2025 4:00,0,0,0,0.0,0,0.0,4,85,-10.2,15.3,1011.9
9677,2/6/2025 5:00,24,11,13,127.4,24,61.6,4,86,-9.9,15.8,1012.4
9678,2/6/2025 6:00,126,79,47,502.2,126,221.3,57,84,-8.5,16.2,1012.7
9679,2/6/2025 7:00,218,134,84,528.0,218,357.1,88,82,-6.8,18.5,1013.2
9680,2/6/2025 8:00,283,164,119,515.3,283,447.7,81,82,-6.1,15.8,1013.0
9681,2/6/2025 9:00,331,230,101,664.3,331,487.1,93,81,-5.3,15.4,1012.9
9682,2/6/2025 10:00,320,223,97,663.8,320,472.6,90,82,-5.0,13.7,1012.9
9683,2/6/2025 11:00,259,171,88,593.8,259,405.1,83,83,-4.9,12.6,1013.1
9684,2/6/2025 12:00,161,79,82,384.1,161,289.4,1,85,-5.2,10.4,1013.3
9685,2/6/2025 13:00,66,34,32,297.1,66,133.2,0,88,-7.1,7.2,1014.3
9686,2/6/2025 14:00,2,0,2,0.0,2,12.1,0,88,-8.8,8.8,1014.5
9687,2/6/2025 15:00,0,0,0,0.0,0,0.0,22,88,-9.6,8.6,1014.5
9688,2/6/2025 16:00,0,0,0,0.0,0,0.0,0,88,-10.4,8.1,1014.5
9689,2/6/2025 17:00,0,0,0,0.0,0,0.0,2,88,-11.1,8.5,1014.6
9690,2/6/2025 18:00,0,0,0,0.0,0,0.0,2,89,-11.8,8.8,1014.5
9691,2/6/2025 19:00,0,0,0,0.0,0,0.0,2,89,-12.2,9.1,1014.6
9692,2/6/2025 20:00,0,0,0,0.0,0,0.0,1,89,-12.6,9.4,1014.5
9693,2/6/2025 21:00,0,0,0,0.0,0,0.0,23,89,-12.9,9.5,1014.6
9694,2/6/2025 22:00,0,0,0,0.0,0,0.0,49,88,-13.4,9.5,1014.8
9695,2/6/2025 23:00,0,0,0,0.0,0,0.0,75,88,-13.8,8.8,1015.2
9696,2/7/2025 0:00,0,0,0,0.0,0,0.0,99,88,-14.1,8.1,1015.7
9697,2/7/2025 1:00,0,0,0,0.0,0,0.0,100,87,-15.4,6.4,1016.1
9698,2/7/2025 2:00,0,0,0,0.0,0,0.0,100,87,-15.9,6.9,1016.2
9699,2/7/2025 3:00,0,0,0,0.0,0,0.0,100,87,-15.6,7.2,1016.4
9700,2/7/2025 4:00,0,0,0,0.0,0,0.0,100,87,-16.2,8.4,1016.4
9701,2/7/2025 5:00,18,2,16,22.6,18,65.0,100,86,-16.5,9.3,1016.5
9702,2/7/2025 6:00,85,10,75,61.7,85,227.9,100,87,-15.0,9.8,1016.8
9703,2/7/2025 7:00,172,36,136,139.1,172,363.9,100,89,-12.6,7.9,1017.5
9704,2/7/2025 8:00,194,31,163,95.9,194,454.7,100,93,-10.1,9.1,1017.9
9705,2/7/2025 9:00,224,21,203,59.8,224,494.2,100,94,-8.9,7.2,1017.7
9706,2/7/2025 10:00,250,78,172,228.7,250,479.7,100,95,-7.8,6.9,1017.4
9707,2/7/2025 11:00,174,22,152,75.1,174,412.2,100,95,-7.4,7.0,1017.4
9708,2/7/2025 12:00,122,20,102,94.9,122,296.3,100,95,-7.4,8.1,1017.4
9709,2/7/2025 13:00,41,3,38,25.6,41,140.0,100,94,-8.4,7.1,1016.9
9710,2/7/2025 14:00,2,0,2,0.0,2,15.5,100,94,-8.6,9.3,1017.1
9711,2/7/2025 15:00,0,0,0,0.0,0,0.0,100,94,-8.5,10.2,1016.8
9712,2/7/2025 16:00,0,0,0,0.0,0,0.0,100,94,-8.4,11.1,1016.5
9713,2/7/2025 17:00,0,0,0,0.0,0,0.0,100,94,-8.8,12.1,1016.7
9714,2/7/2025 18:00,0,0,0,0.0,0,0.0,100,94,-9.1,12.6,1016.4
9715,2/7/2025 19:00,0,0,0,0.0,0,0.0,100,93,-9.3,11.8,1016.4
9716,2/7/2025 20:00,0,0,0,0.0,0,0.0,100,92,-9.8,12.1,1016.3
9717,2/7/2025 21:00,0,0,0,0.0,0,0.0,100,92,-10.1,10.8,1016.3
9718,2/7/2025 22:00,0,0,0,0.0,0,0.0,100,92,-10.3,10.1,1016.2
9719,2/7/2025 23:00,0,0,0,0.0,0,0.0,100,92,-10.6,10.6,1016.4
9720,2/8/2025 0:00,0,0,0,0.0,0,0.0,100,91,-10.6,11.5,1016.5
9721,2/8/2025 1:00,0,0,0,0.0,0,0.0,100,88,-13.5,10.4,1015.8
9722,2/8/2025 2:00,0,0,0,0.0,0,0.0,100,88,-13.5,9.5,1015.7
9723,2/8/2025 3:00,0,0,0,0.0,0,0.0,100,88,-13.4,9.4,1016.0
9724,2/8/2025 4:00,0,0,0,0.0,0,0.0,100,88,-13.4,12.0,1016.3
9725,2/8/2025 5:00,16,1,15,11.0,16,68.4,100,88,-13.0,11.7,1016.9
9726,2/8/2025 6:00,64,2,62,12.0,64,234.7,100,89,-12.4,11.6,1016.7
9727,2/8/2025 7:00,141,13,128,49.3,141,370.8,100,89,-11.4,13.6,1016.9
9728,2/8/2025 8:00,169,12,157,36.5,169,461.8,100,90,-10.7,13.5,1016.6
9729,2/8/2025 9:00,221,31,190,86.9,221,501.3,100,89,-9.9,14.7,1016.4
9730,2/8/2025 10:00,211,33,178,95.3,211,486.9,100,89,-9.4,14.9,1015.9
9731,2/8/2025 11:00,160,17,143,57.0,160,419.3,100,90,-9.2,14.5,1015.9
9732,2/8/2025 12:00,123,16,107,74.1,123,303.4,100,89,-9.1,14.9,1015.7
9733,2/8/2025 13:00,43,0,43,0.0,43,146.9,100,89,-10.0,16.0,1015.6
9734,2/8/2025 14:00,2,0,2,0.0,2,19.0,100,89,-10.5,12.5,1015.3
9735,2/8/2025 15:00,0,0,0,0.0,0,0.0,100,88,-11.0,13.6,1015.1
9736,2/8/2025 16:00,0,0,0,0.0,0,0.0,100,88,-11.5,15.5,1015.1
9737,2/8/2025 17:00,0,0,0,0.0,0,0.0,100,89,-11.9,16.7,1015.0
9738,2/8/2025 18:00,0,0,0,0.0,0,0.0,100,88,-11.8,17.8,1014.7
9739,2/8/2025 19:00,0,0,0,0.0,0,0.0,100,88,-11.5,16.5,1014.6
9740,2/8/2025 20:00,0,0,0,0.0,0,0.0,100,88,-11.1,15.7,1014.6
9741,2/8/2025 21:00,0,0,0,0.0,0,0.0,100,87,-10.7,15.3,1014.3
9742,2/8/2025 22:00,0,0,0,0.0,0,0.0,100,87,-10.5,14.5,1013.7
9743,2/8/2025 23:00,0,0,0,0.0,0,0.0,100,87,-10.6,14.8,1013.5
9744,2/9/2025 0:00,0,0,0,0.0,0,0.0,100,88,-10.6,15.7,1013.2
9745,2/9/2025 1:00,0,0,0,0.0,0,0.0,100,86,-11.6,15.2,1013.2
9746,2/9/2025 2:00,0,0,0,0.0,0,0.0,100,86,-10.9,16.6,1013.2
9747,2/9/2025 3:00,0,0,0,0.0,0,0.0,100,86,-10.4,17.7,1012.9
9748,2/9/2025 4:00,0,0,0,0.0,0,0.0,100,87,-9.9,17.7,1012.9
9749,2/9/2025 5:00,13,1,12,10.7,13,71.9,100,85,-8.9,18.3,1012.7
9750,2/9/2025 6:00,58,2,56,11.6,58,241.5,100,84,-8.2,16.8,1012.8
9751,2/9/2025 7:00,124,15,109,55.8,124,377.8,100,85,-8.0,15.5,1012.9
9752,2/9/2025 8:00,177,32,145,95.9,177,468.9,100,86,-7.5,15.6,1012.7
9753,2/9/2025 9:00,187,23,164,63.6,187,508.5,100,86,-6.8,14.7,1012.4
9754,2/9/2025 10:00,233,65,168,184.9,233,494.1,100,87,-5.8,14.3,1012.1
9755,2/9/2025 11:00,174,17,157,56.0,174,426.5,69,87,-5.6,13.2,1012.1
9756,2/9/2025 12:00,150,58,92,262.6,150,310.4,16,86,-5.4,11.7,1012.1
9757,2/9/2025 13:00,50,5,45,40.9,50,153.8,77,88,-7.9,8.7,1012.4
9758,2/9/2025 14:00,4,1,3,16.8,4,22.4,4,89,-9.3,9.8,1012.4
9759,2/9/2025 15:00,0,0,0,0.0,0,0.0,11,89,-10.6,11.1,1012.3
9760,2/9/2025 16:00,0,0,0,0.0,0,0.0,92,89,-11.1,11.6,1011.8
9761,2/9/2025 17:00,0,0,0,0.0,0,0.0,100,90,-10.9,11.8,1011.7
9762,2/9/2025 18:00,0,0,0,0.0,0,0.0,100,91,-10.3,11.2,1011.5
9763,2/9/2025 19:00,0,0,0,0.0,0,0.0,100,92,-9.9,11.5,1011.3
9764,2/9/2025 20:00,0,0,0,0.0,0,0.0,100,92,-9.9,10.7,1010.9
9765,2/9/2025 21:00,0,0,0,0.0,0,0.0,100,93,-10.0,9.0,1010.5
9766,2/9/2025 22:00,0,0,0,0.0,0,0.0,100,93,-10.1,8.8,1010.2
9767,2/9/2025 23:00,0,0,0,0.0,0,0.0,100,93,-10.1,8.8,1009.9
9768,2/10/2025 0:00,0,0,0,0.0,0,0.0,100,93,-9.8,8.7,1009.7
9769,2/10/2025 1:00,0,0,0,0.0,0,0.0,100,91,-11.8,5.7,1010.0
9770,2/10/2025 2:00,0,0,0,0.0,0,0.0,100,90,-11.6,6.1,1009.6
9771,2/10/2025 3:00,0,0,0,0.0,0,0.0,100,90,-11.6,6.9,1009.3
9772,2/10/2025 4:00,0,0,0,0.0,0,0.0,100,90,-11.4,7.6,1008.9
9773,2/10/2025 5:00,19,0,19,0.0,19,75.9,100,89,-11.1,5.8,1008.8
9774,2/10/2025 6:00,74,3,71,17.0,74,248.4,100,91,-10.4,5.1,1008.9
9775,2/10/2025 7:00,136,9,127,32.9,136,384.9,100,94,-9.8,3.8,1008.6
9776,2/10/2025 8:00,192,21,171,62.0,192,476.1,100,94,-8.8,2.4,1008.4
9777,2/10/2025 9:00,209,33,176,89.9,209,515.8,100,95,-8.2,2.8,1007.8
9778,2/10/2025 10:00,211,29,182,81.3,211,501.4,100,95,-7.7,5.0,1006.9
9779,2/10/2025 11:00,150,13,137,42.1,150,433.7,100,95,-7.8,2.3,1006.9
9780,2/10/2025 12:00,108,8,100,35.4,108,317.5,100,95,-7.8,2.7,1006.8
9781,2/10/2025 13:00,43,2,41,16.0,43,160.7,100,94,-8.6,3.5,1006.6
9782,2/10/2025 14:00,3,0,3,0.0,3,25.9,100,94,-8.8,1.9,1006.7
9783,2/10/2025 15:00,0,0,0,0.0,0,0.0,100,94,-8.7,0.7,1006.4
9784,2/10/2025 16:00,0,0,0,0.0,0,0.0,100,94,-8.8,1.9,1005.8
9785,2/10/2025 17:00,0,0,0,0.0,0,0.0,100,93,-9.0,1.0,1005.7
9786,2/10/2025 18:00,0,0,0,0.0,0,0.0,100,94,-9.2,1.8,1005.6
9787,2/10/2025 19:00,0,0,0,0.0,0,0.0,100,94,-9.4,3.2,1005.7
9788,2/10/2025 20:00,0,0,0,0.0,0,0.0,100,93,-9.6,3.5,1005.6
9789,2/10/2025 21:00,0,0,0,0.0,0,0.0,100,92,-9.8,4.5,1005.1
9790,2/10/2025 22:00,0,0,0,0.0,0,0.0,100,92,-10.1,5.6,1005.2
9791,2/10/2025 23:00,0,0,0,0.0,0,0.0,100,92,-10.5,6.7,1005.4
9792,2/11/2025 0:00,0,0,0,0.0,0,0.0,100,92,-10.7,4.9,1005.2
9793,2/11/2025 1:00,0,0,0,0.0,0,0.0,100,90,-12.9,5.0,1005.2
9794,2/11/2025 2:00,0,0,0,0.0,0,0.0,100,90,-12.9,8.1,1004.9
9795,2/11/2025 3:00,0,0,0,0.0,0,0.0,100,89,-12.6,10.6,1004.4
9796,2/11/2025 4:00,0,0,0,0.0,0,0.0,100,89,-11.9,11.6,1004.5
9797,2/11/2025 5:00,18,0,18,0.0,18,82.7,100,86,-10.6,13.4,1005.0
9798,2/11/2025 6:00,79,2,77,11.0,79,255.4,100,85,-9.8,13.1,1005.2
9799,2/11/2025 7:00,129,6,123,21.5,129,392.0,100,85,-9.1,11.7,1005.2
9800,2/11/2025 8:00,160,3,157,8.7,160,483.3,100,84,-8.4,11.2,1005.2
9801,2/11/2025 9:00,228,30,198,80.5,228,523.1,100,84,-7.6,10.9,1004.9
9802,2/11/2025 10:00,189,15,174,41.4,189,508.7,100,84,-7.2,12.7,1004.8
9803,2/11/2025 11:00,159,13,146,41.4,159,441.0,100,85,-7.2,14.9,1004.7
9804,2/11/2025 12:00,92,2,90,8.7,92,324.6,100,85,-7.3,13.4,1004.6
9805,2/11/2025 13:00,50,2,48,15.7,50,167.7,100,86,-9.1,13.0,1004.6
9806,2/11/2025 14:00,3,0,3,0.0,3,29.4,100,87,-9.4,13.5,1004.8
9807,2/11/2025 15:00,0,0,0,0.0,0,0.0,100,87,-9.3,11.8,1004.4
9808,2/11/2025 16:00,0,0,0,0.0,0,0.0,100,87,-9.4,13.0,1004.4
9809,2/11/2025 17:00,0,0,0,0.0,0,0.0,100,87,-9.5,12.7,1004.3
9810,2/11/2025 18:00,0,0,0,0.0,0,0.0,100,88,-9.6,10.3,1003.9
9811,2/11/2025 19:00,0,0,0,0.0,0,0.0,100,88,-9.9,7.6,1003.7
9812,2/11/2025 20:00,0,0,0,0.0,0,0.0,100,88,-10.1,8.9,1003.7
9813,2/11/2025 21:00,0,0,0,0.0,0,0.0,100,88,-10.3,9.1,1003.3
9814,2/11/2025 22:00,0,0,0,0.0,0,0.0,100,88,-10.6,8.5,1003.1
9815,2/11/2025 23:00,0,0,0,0.0,0,0.0,100,88,-10.9,8.5,1002.7
9816,2/12/2025 0:00,0,0,0,0.0,0,0.0,100,89,-11.2,9.2,1002.5
9817,2/12/2025 1:00,0,0,0,0.0,0,0.0,100,88,-12.2,8.7,1001.6
9818,2/12/2025 2:00,0,0,0,0.0,0,0.0,100,89,-12.8,7.5,1001.3
9819,2/12/2025 3:00,0,0,0,0.0,0,0.0,100,88,-12.9,6.2,1000.9
9820,2/12/2025 4:00,0,0,0,0.0,0,0.0,100,89,-12.7,7.8,1000.6
9821,2/12/2025 5:00,24,2,22,19.8,24,89.6,100,90,-12.4,8.9,1000.8
9822,2/12/2025 6:00,81,4,77,21.4,81,262.4,100,90,-11.6,9.5,1000.3
9823,2/12/2025 7:00,153,10,143,35.2,153,399.2,100,90,-10.9,9.6,1000.2
9824,2/12/2025 8:00,186,40,146,114.5,186,490.6,100,88,-10.2,10.5,999.7
9825,2/12/2025 9:00,235,40,195,105.9,235,530.5,100,88,-9.6,12.3,998.9
9826,2/12/2025 10:00,208,23,185,62.6,208,516.0,100,88,-9.4,14.2,998.3
9827,2/12/2025 11:00,155,7,148,21.9,155,448.2,100,90,-9.3,13.9,997.5
9828,2/12/2025 12:00,88,5,83,21.2,88,331.8,100,90,-8.9,11.9,996.9
9829,2/12/2025 13:00,32,0,32,0.0,32,174.6,100,90,-9.4,10.8,995.7
9830,2/12/2025 14:00,3,0,3,0.0,3,32.9,100,90,-9.1,13.8,995.4
9831,2/12/2025 15:00,0,0,0,0.0,0,0.0,100,90,-8.6,15.8,994.8
9832,2/12/2025 16:00,0,0,0,0.0,0,0.0,100,91,-8.2,16.5,994.3
9833,2/12/2025 17:00,0,0,0,0.0,0,0.0,100,91,-7.9,16.9,993.9
9834,2/12/2025 18:00,0,0,0,0.0,0,0.0,100,91,-7.7,17.5,993.4
9835,2/12/2025 19:00,0,0,0,0.0,0,0.0,100,92,-7.5,17.5,993.4
9836,2/12/2025 20:00,0,0,0,0.0,0,0.0,100,92,-7.3,16.6,993.3
9837,2/12/2025 21:00,0,0,0,0.0,0,0.0,100,91,-7.3,16.1,993.2
9838,2/12/2025 22:00,0,0,0,0.0,0,0.0,100,91,-7.7,15.1,993.1
9839,2/12/2025 23:00,0,0,0,0.0,0,0.0,100,91,-7.8,13.3,993.0
9840,2/13/2025 0:00,0,0,0,0.0,0,0.0,100,91,-8.1,12.1,992.9
9841,2/13/2025 1:00,0,0,0,0.0,0,0.0,100,89,-10.0,11.4,992.8
9842,2/13/2025 2:00,0,0,0,0.0,0,0.0,100,89,-9.9,9.8,992.8
9843,2/13/2025 3:00,0,0,0,0.0,0,0.0,100,89,-9.8,8.8,992.9
9844,2/13/2025 4:00,0,0,0,0.0,0,0.0,100,89,-9.8,7.9,993.1
9845,2/13/2025 5:00,19,0,19,0.0,19,96.5,100,89,-9.4,7.9,993.4
9846,2/13/2025 6:00,70,1,69,5.2,70,269.6,100,89,-8.9,7.7,993.5
9847,2/13/2025 7:00,135,14,121,48.3,135,406.5,100,87,-8.1,8.0,993.5
9848,2/13/2025 8:00,185,8,177,22.5,185,498.0,100,86,-7.4,8.0,993.6
9849,2/13/2025 9:00,168,3,165,7.8,168,537.8,100,85,-7.1,8.2,993.3
9850,2/13/2025 10:00,168,10,158,26.8,168,523.3,100,84,-6.7,8.4,993.2
9851,2/13/2025 11:00,138,5,133,15.4,138,455.5,100,83,-6.5,7.9,993.3
9852,2/13/2025 12:00,81,0,81,0.0,81,338.9,100,83,-6.5,7.7,993.2
9853,2/13/2025 13:00,38,0,38,0.0,38,181.6,100,84,-7.7,6.3,993.3
9854,2/13/2025 14:00,4,0,4,0.0,4,36.4,100,88,-8.1,6.6,993.0
9855,2/13/2025 15:00,0,0,0,0.0,0,0.0,100,89,-8.4,8.6,992.9
9856,2/13/2025 16:00,0,0,0,0.0,0,0.0,100,90,-8.8,10.0,992.8
9857,2/13/2025 17:00,0,0,0,0.0,0,0.0,100,91,-9.1,10.3,992.4
9858,2/13/2025 18:00,0,0,0,0.0,0,0.0,100,91,-9.4,10.0,992.3
9859,2/13/2025 19:00,0,0,0,0.0,0,0.0,100,91,-9.6,10.0,992.4
9860,2/13/2025 20:00,0,0,0,0.0,0,0.0,100,90,-9.8,10.3,992.1
9861,2/13/2025 21:00,0,0,0,0.0,0,0.0,100,90,-10.1,10.1,991.8
9862,2/13/2025 22:00,0,0,0,0.0,0,0.0,100,90,-10.4,9.9,991.5
9863,2/13/2025 23:00,0,0,0,0.0,0,0.0,100,89,-10.4,10.3,991.3
9864,2/14/2025 0:00,0,0,0,0.0,0,0.0,100,90,-10.6,11.7,990.7
9865,2/14/2025 1:00,0,0,0,0.0,0,0.0,100,90,-11.9,10.9,990.3
9866,2/14/2025 2:00,0,0,0,0.0,0,0.0,100,90,-11.9,10.9,990.0
9867,2/14/2025 3:00,0,0,0,0.0,0,0.0,100,90,-11.9,10.3,989.7
9868,2/14/2025 4:00,0,0,0,0.0,0,0.0,100,90,-11.9,10.5,989.3
9869,2/14/2025 5:00,20,0,20,0.0,20,103.5,100,90,-11.6,13.1,989.1
9870,2/14/2025 6:00,68,1,67,5.1,68,276.7,100,88,-10.8,12.8,988.8
9871,2/14/2025 7:00,98,1,97,3.4,98,413.8,100,87,-9.9,15.0,988.6
9872,2/14/2025 8:00,155,5,150,13.9,155,505.3,100,86,-9.1,17.2,988.3
9873,2/14/2025 9:00,163,4,159,10.3,163,545.2,100,85,-8.7,20.6,987.6
9874,2/14/2025 10:00,166,6,160,15.9,166,530.7,100,86,-8.3,21.6,987.2
9875,2/14/2025 11:00,132,3,129,9.1,132,462.7,100,87,-8.1,20.0,987.3
9876,2/14/2025 12:00,70,0,70,0.0,70,346.0,100,86,-8.4,20.1,987.2
9877,2/14/2025 13:00,39,5,34,36.9,39,188.5,100,85,-9.5,17.9,987.3
9878,2/14/2025 14:00,4,0,4,0.0,4,39.9,100,86,-10.1,16.5,987.4
9879,2/14/2025 15:00,0,0,0,0.0,0,0.0,100,87,-10.2,16.1,987.1
9880,2/14/2025 16:00,0,0,0,0.0,0,0.0,100,87,-10.4,16.6,986.9
9881,2/14/2025 17:00,0,0,0,0.0,0,0.0,100,88,-10.6,16.7,986.6
9882,2/14/2025 18:00,0,0,0,0.0,0,0.0,100,87,-10.6,16.5,986.7
9883,2/14/2025 19:00,0,0,0,0.0,0,0.0,100,86,-10.9,15.4,986.8
9884,2/14/2025 20:00,0,0,0,0.0,0,0.0,100,85,-11.0,13.6,986.8
9885,2/14/2025 21:00,0,0,0,0.0,0,0.0,100,86,-11.1,11.3,986.7
9886,2/14/2025 22:00,0,0,0,0.0,0,0.0,100,86,-11.2,10.9,986.5
9887,2/14/2025 23:00,0,0,0,0.0,0,0.0,100,86,-11.3,12.0,986.2
9888,2/15/2025 0:00,0,0,0,0.0,0,0.0,100,85,-11.6,13.1,985.9
9889,2/15/2025 1:00,0,0,0,0.0,0,0.0,100,87,-13.2,12.5,985.9
9890,2/15/2025 2:00,0,0,0,0.0,0,0.0,100,88,-12.9,13.9,985.6
9891,2/15/2025 3:00,0,0,0,0.0,0,0.0,100,87,-12.5,16.1,985.1
9892,2/15/2025 4:00,0,0,0,0.0,0,0.0,100,88,-12.1,17.2,984.7
9893,2/15/2025 5:00,26,0,26,0.0,26,110.6,100,88,-11.5,15.2,984.2
9894,2/15/2025 6:00,78,1,77,4.9,78,284.0,100,87,-10.9,20.4,984.1
9895,2/15/2025 7:00,104,0,104,0.0,104,421.1,100,85,-10.6,21.4,984.1
9896,2/15/2025 8:00,166,2,164,5.5,166,512.7,100,83,-10.4,21.9,983.8
9897,2/15/2025 9:00,173,1,172,2.5,173,552.6,100,83,-10.1,20.7,983.2
9898,2/15/2025 10:00,207,5,202,13.0,207,538.0,100,83,-9.6,21.5,982.7
9899,2/15/2025 11:00,168,11,157,32.8,168,470.0,100,85,-8.9,22.6,981.9
9900,2/15/2025 12:00,91,0,91,0.0,91,353.1,100,87,-8.2,22.3,981.2
9901,2/15/2025 13:00,50,0,50,0.0,50,195.5,100,91,-7.5,23.6,980.0
9902,2/15/2025 14:00,7,0,7,0.0,7,43.4,100,87,-6.9,32.2,979.5
9903,2/15/2025 15:00,0,0,0,0.0,0,0.0,100,88,-6.9,31.5,979.2
9904,2/15/2025 16:00,0,0,0,0.0,0,0.0,100,87,-6.6,32.5,978.6
9905,2/15/2025 17:00,0,0,0,0.0,0,0.0,100,87,-6.6,33.5,977.9
9906,2/15/2025 18:00,0,0,0,0.0,0,0.0,100,86,-6.6,32.2,977.3
9907,2/15/2025 19:00,0,0,0,0.0,0,0.0,100,86,-6.3,29.7,977.0
9908,2/15/2025 20:00,0,0,0,0.0,0,0.0,100,87,-6.3,28.5,976.6
9909,2/15/2025 21:00,0,0,0,0.0,0,0.0,100,88,-6.4,29.7,976.1
9910,2/15/2025 22:00,0,0,0,0.0,0,0.0,100,88,-6.6,30.1,975.3
9911,2/15/2025 23:00,0,0,0,0.0,0,0.0,100,89,-6.7,29.7,974.3
9912,2/16/2025 0:00,0,0,0,0.0,0,0.0,100,89,-6.7,29.8,973.3
9913,2/16/2025 1:00,0,0,0,0.0,0,0.0,100,89,-6.7,29.8,972.3
9914,2/16/2025 2:00,0,0,0,0.0,0,0.0,100,90,-6.3,28.4,971.6
9915,2/16/2025 3:00,0,0,0,0.0,0,0.0,100,90,-5.8,28.4,970.5
9916,2/16/2025 4:00,0,0,0,0.0,0,0.7,100,90,-5.3,28.1,969.9
9917,2/16/2025 5:00,19,0,19,0.0,19,117.7,100,90,-4.7,27.8,970.0
9918,2/16/2025 6:00,52,0,52,0.0,52,291.2,100,91,-3.9,26.7,969.7
9919,2/16/2025 7:00,77,0,77,0.0,77,428.5,100,94,-3.2,19.9,970.1
9920,2/16/2025 8:00,112,1,111,2.7,112,520.1,100,90,-5.7,20.9,971.4
9921,2/16/2025 9:00,167,1,166,2.5,167,560.0,100,87,-7.3,16.6,972.2
9922,2/16/2025 10:00,267,22,245,56.5,267,545.4,100,85,-8.2,18.2,973.2
9923,2/16/2025 11:00,222,18,204,52.9,222,477.2,100,84,-9.4,18.8,974.2
9924,2/16/2025 12:00,148,19,129,73.9,148,360.2,100,83,-10.4,18.0,974.9
9925,2/16/2025 13:00,67,1,66,6.9,67,202.4,100,83,-11.2,16.6,975.7
9926,2/16/2025 14:00,8,0,8,0.0,8,46.9,100,83,-11.5,13.6,976.6
9927,2/16/2025 15:00,0,0,0,0.0,0,0.0,100,83,-11.6,12.4,977.4
9928,2/16/2025 16:00,0,0,0,0.0,0,0.0,100,83,-11.8,12.5,977.9
9929,2/16/2025 17:00,0,0,0,0.0,0,0.0,100,84,-12.1,12.4,978.2
9930,2/16/2025 18:00,0,0,0,0.0,0,0.0,100,84,-11.9,13.0,978.6
9931,2/16/2025 19:00,0,0,0,0.0,0,0.0,100,85,-12.1,12.3,979.1
9932,2/16/2025 20:00,0,0,0,0.0,0,0.0,100,86,-12.3,12.5,979.3
9933,2/16/2025 21:00,0,0,0,0.0,0,0.0,100,82,-12.6,13.0,979.4
9934,2/16/2025 22:00,0,0,0,0.0,0,0.0,100,84,-13.7,11.3,979.6
9935,2/16/2025 23:00,0,0,0,0.0,0,0.0,100,85,-13.6,12.8,979.9
9936,2/17/2025 0:00,0,0,0,0.0,0,0.0,100,87,-13.1,15.0,980.3
9937,2/17/2025 1:00,0,0,0,0.0,0,0.0,100,85,-13.3,15.3,980.3
9938,2/17/2025 2:00,0,0,0,0.0,0,0.0,100,85,-13.5,16.2,981.0
9939,2/17/2025 3:00,0,0,0,0.0,0,0.0,100,85,-13.8,16.7,981.5
9940,2/17/2025 4:00,0,0,0,0.0,0,4.3,100,84,-14.1,17.5,982.2
9941,2/17/2025 5:00,35,0,35,0.0,35,125.0,100,84,-14.4,16.8,983.3
9942,2/17/2025 6:00,136,22,114,103.2,136,298.6,100,83,-14.4,17.5,984.1
9943,2/17/2025 7:00,191,10,181,32.1,191,435.9,100,82,-13.9,17.8,984.9
9944,2/17/2025 8:00,241,17,224,45.1,241,527.6,100,79,-13.4,19.3,985.6
9945,2/17/2025 9:00,266,19,247,46.9,266,567.5,100,76,-13.1,18.9,986.3
9946,2/17/2025 10:00,269,21,248,53.2,269,552.8,100,76,-13.1,18.8,986.9
9947,2/17/2025 11:00,221,14,207,40.5,221,484.5,100,76,-13.1,18.3,987.8
9948,2/17/2025 12:00,145,16,129,61.0,145,367.4,100,76,-13.1,18.5,988.4
9949,2/17/2025 13:00,72,2,70,13.4,72,209.4,100,78,-13.4,16.7,988.7
9950,2/17/2025 14:00,10,0,10,0.0,10,50.4,100,80,-13.4,14.4,989.5
9951,2/17/2025 15:00,0,0,0,0.0,0,0.0,100,82,-13.6,13.6,990.4
9952,2/17/2025 16:00,0,0,0,0.0,0,0.0,100,83,-13.8,12.2,990.9
9953,2/17/2025 17:00,0,0,0,0.0,0,0.0,100,84,-13.8,10.7,991.7
9954,2/17/2025 18:00,0,0,0,0.0,0,0.0,98,85,-13.9,10.3,992.0
9955,2/17/2025 19:00,0,0,0,0.0,0,0.0,95,85,-13.6,13.1,992.5
9956,2/17/2025 20:00,0,0,0,0.0,0,0.0,93,85,-14.1,13.9,992.8
9957,2/17/2025 21:00,0,0,0,0.0,0,0.0,96,85,-14.9,13.0,993.2
9958,2/17/2025 22:00,0,0,0,0.0,0,0.0,92,85,-15.4,12.8,993.5
9959,2/17/2025 23:00,0,0,0,0.0,0,0.0,57,86,-16.0,12.3,993.8
9960,2/18/2025 0:00,0,0,0,0.0,0,0.0,46,85,-17.3,11.6,994.0
9961,2/18/2025 1:00,0,0,0,0.0,0,0.0,97,84,-17.8,11.9,994.4
9962,2/18/2025 2:00,0,0,0,0.0,0,0.0,100,85,-17.8,12.9,995.1
9963,2/18/2025 3:00,0,0,0,0.0,0,0.0,100,85,-17.8,13.8,995.7
9964,2/18/2025 4:00,1,0,1,0.0,1,8.0,100,85,-18.1,13.2,996.0
9965,2/18/2025 5:00,48,4,44,34.2,48,132.4,100,83,-18.3,12.3,996.5
9966,2/18/2025 6:00,138,23,115,105.3,138,306.1,100,81,-18.0,12.5,996.9
9967,2/18/2025 7:00,218,31,187,97.9,218,443.5,100,79,-17.8,12.7,997.3
9968,2/18/2025 8:00,309,89,220,232.9,309,535.2,100,79,-17.0,14.2,997.7
9969,2/18/2025 9:00,353,102,251,248.4,353,575.0,100,79,-16.4,15.0,997.9
9970,2/18/2025 10:00,338,101,237,252.5,338,560.3,100,79,-15.9,15.2,997.9
9971,2/18/2025 11:00,289,90,199,256.3,289,491.9,100,79,-15.6,15.0,998.3
9972,2/18/2025 12:00,193,44,149,164.5,193,374.6,100,78,-15.6,13.2,998.5
9973,2/18/2025 13:00,95,20,75,129.4,95,216.4,95,80,-15.6,11.4,998.6
9974,2/18/2025 14:00,15,3,12,36.8,15,53.9,100,83,-17.2,10.7,998.8
9975,2/18/2025 15:00,0,0,0,0.0,0,0.0,100,83,-18.2,11.7,999.2
9976,2/18/2025 16:00,0,0,0,0.0,0,0.0,100,84,-17.9,12.9,999.0
9977,2/18/2025 17:00,0,0,0,0.0,0,0.0,100,84,-17.0,14.2,999.1
9978,2/18/2025 18:00,0,0,0,0.0,0,0.0,99,84,-16.6,14.3,999.3
9979,2/18/2025 19:00,0,0,0,0.0,0,0.0,100,83,-16.6,14.3,999.8
9980,2/18/2025 20:00,0,0,0,0.0,0,0.0,100,82,-17.1,13.4,999.7
9981,2/18/2025 21:00,0,0,0,0.0,0,0.0,100,82,-17.5,12.6,999.9
9982,2/18/2025 22:00,0,0,0,0.0,0,0.0,100,82,-17.8,12.3,1000.0
9983,2/18/2025 23:00,0,0,0,0.0,0,0.0,100,82,-17.7,12.1,1000.2
9984,2/19/2025 0:00,0,0,0,0.0,0,0.0,100,83,-17.8,12.1,1000.1
9985,2/19/2025 1:00,0,0,0,0.0,0,0.0,100,81,-19.6,16.0,999.9
9986,2/19/2025 2:00,0,0,0,0.0,0,0.0,100,81,-19.6,16.2,1000.1
9987,2/19/2025 3:00,0,0,0,0.0,0,0.0,100,80,-19.8,15.8,1000.0
9988,2/19/2025 4:00,1,0,1,0.0,1,11.7,100,80,-19.8,14.4,1000.0
9989,2/19/2025 5:00,52,6,46,50.0,52,139.9,100,81,-19.5,13.9,1000.2
9990,2/19/2025 6:00,144,23,121,102.7,144,313.7,100,80,-19.0,15.3,1000.1
9991,2/19/2025 7:00,259,91,168,282.4,259,451.2,99,78,-18.0,16.1,1000.3
9992,2/19/2025 8:00,359,172,187,443.6,359,542.9,100,78,-17.3,16.2,1000.3
9993,2/19/2025 9:00,412,259,153,622.3,412,582.7,100,78,-16.4,15.5,1000.1
9994,2/19/2025 10:00,367,169,198,416.7,367,567.8,100,77,-15.4,15.8,1000.0
9995,2/19/2025 11:00,316,136,180,381.3,316,499.3,100,78,-15.2,14.2,999.9
9996,2/19/2025 12:00,221,86,135,315.3,221,381.8,100,79,-15.2,13.1,999.8
9997,2/19/2025 13:00,88,8,80,50.1,88,223.5,100,81,-13.9,14.3,999.7
9998,2/19/2025 14:00,17,3,14,35.7,17,57.5,100,84,-14.8,14.1,999.8
9999,2/19/2025 15:00,0,0,0,0.0,0,0.0,100,84,-15.9,15.0,1000.0
10000,2/19/2025 16:00,0,0,0,0.0,0,0.0,100,84,-16.0,14.2,1000.1
10001,2/19/2025 17:00,0,0,0,0.0,0,0.0,100,85,-16.2,12.6,1000.3
10002,2/19/2025 18:00,0,0,0,0.0,0,0.0,100,85,-16.1,12.5,1000.2
10003,2/19/2025 19:00,0,0,0,0.0,0,0.0,100,85,-15.6,13.1,1000.3
10004,2/19/2025 20:00,0,0,0,0.0,0,0.0,100,85,-15.5,13.1,1000.2
10005,2/19/2025 21:00,0,0,0,0.0,0,0.0,100,86,-15.9,11.4,1000.4
10006,2/19/2025 22:00,0,0,0,0.0,0,0.0,100,86,-16.0,9.7,1000.7
10007,2/19/2025 23:00,0,0,0,0.0,0,0.0,100,86,-16.1,7.6,1000.9
10008,2/20/2025 0:00,0,0,0,0.0,0,0.0,100,86,-16.2,7.8,1001.0
10009,2/20/2025 1:00,0,0,0,0.0,0,0.0,100,85,-16.9,8.6,1000.9
10010,2/20/2025 2:00,0,0,0,0.0,0,0.0,100,85,-17.0,9.1,1001.2
10011,2/20/2025 3:00,0,0,0,0.0,0,0.0,100,84,-17.1,9.4,1001.5
10012,2/20/2025 4:00,2,0,2,0.0,2,15.5,100,84,-17.4,9.4,1001.7
10013,2/20/2025 5:00,45,0,45,0.0,45,147.5,100,84,-17.3,7.6,1001.9
10014,2/20/2025 6:00,130,12,118,52.2,130,321.4,100,81,-16.3,7.3,1001.8
10015,2/20/2025 7:00,218,25,193,76.2,218,458.9,100,81,-14.9,7.5,1002.2
10016,2/20/2025 8:00,300,71,229,180.4,300,550.7,100,79,-13.7,7.2,1002.4
10017,2/20/2025 9:00,351,108,243,256.0,351,590.4,100,78,-12.9,6.6,1002.2
10018,2/20/2025 10:00,344,101,243,245.6,344,575.4,100,77,-12.4,4.8,1002.5
10019,2/20/2025 11:00,293,97,196,267.9,293,506.7,100,76,-12.1,2.9,1002.6
10020,2/20/2025 12:00,186,23,163,82.7,186,389.1,100,77,-12.1,2.4,1003.0
10021,2/20/2025 13:00,85,3,82,18.2,85,230.6,100,80,-12.9,3.8,1003.2
10022,2/20/2025 14:00,15,1,14,11.6,15,61.0,100,84,-13.7,2.9,1003.5
10023,2/20/2025 15:00,0,0,0,0.0,0,0.0,100,85,-14.5,3.5,1004.0
10024,2/20/2025 16:00,0,0,0,0.0,0,0.0,100,85,-15.1,2.7,1004.1
10025,2/20/2025 17:00,0,0,0,0.0,0,0.0,100,85,-15.2,1.7,1004.3
10026,2/20/2025 18:00,0,0,0,0.0,0,0.0,100,86,-15.4,0.6,1004.3
10027,2/20/2025 19:00,0,0,0,0.0,0,0.0,100,87,-15.8,0.3,1004.4
10028,2/20/2025 20:00,0,0,0,0.0,0,0.0,100,86,-15.7,1.4,1004.4
10029,2/20/2025 21:00,0,0,0,0.0,0,0.0,100,86,-15.6,2.9,1004.6
10030,2/20/2025 22:00,0,0,0,0.0,0,0.0,100,85,-15.3,3.7,1004.7
10031,2/20/2025 23:00,0,0,0,0.0,0,0.0,100,85,-15.1,4.8,1004.9
10032,2/21/2025 0:00,0,0,0,0.0,0,0.0,100,85,-15.0,5.4,1005.1
10033,2/21/2025 1:00,0,0,0,0.0,0,0.0,92,83,-20.3,7.2,1005.1
10034,2/21/2025 2:00,0,0,0,0.0,0,0.0,33,82,-21.3,6.6,1005.1
10035,2/21/2025 3:00,0,0,0,0.0,0,0.0,12,82,-22.1,7.4,1005.1
10036,2/21/2025 4:00,3,1,2,17.4,3,19.4,2,83,-22.4,8.7,1005.3
10037,2/21/2025 5:00,78,39,39,310.3,78,155.3,16,82,-21.1,10.4,1005.9
10038,2/21/2025 6:00,211,136,75,577.8,211,329.3,38,78,-19.6,12.9,1006.0
10039,2/21/2025 7:00,328,225,103,674.3,328,466.8,49,76,-17.8,8.9,1006.2
10040,2/21/2025 8:00,422,328,94,821.5,422,558.5,0,76,-16.0,9.0,1006.3
10041,2/21/2025 9:00,460,362,98,846.6,460,598.1,1,75,-14.6,8.4,1006.3
10042,2/21/2025 10:00,447,350,97,839.7,447,583.0,0,74,-13.6,9.5,1006.0
10043,2/21/2025 11:00,384,296,88,805.2,384,514.2,0,74,-13.1,10.4,1005.8
10044,2/21/2025 12:00,278,204,74,719.8,278,396.4,0,75,-13.3,9.5,1006.2
10045,2/21/2025 13:00,145,94,51,553.2,145,237.7,0,74,-13.1,10.1,1005.7
10046,2/21/2025 14:00,26,12,14,134.7,26,64.6,0,78,-15.1,12.3,1005.4
10047,2/21/2025 15:00,0,0,0,0.0,0,0.0,0,79,-16.1,13.9,1005.2
10048,2/21/2025 16:00,0,0,0,0.0,0,0.0,0,80,-16.5,14.5,1004.8
10049,2/21/2025 17:00,0,0,0,0.0,0,0.0,0,80,-16.3,15.7,1004.5
10050,2/21/2025 18:00,0,0,0,0.0,0,0.0,87,80,-16.2,16.3,1004.2
10051,2/21/2025 19:00,0,0,0,0.0,0,0.0,100,80,-16.1,16.3,1004.4
10052,2/21/2025 20:00,0,0,0,0.0,0,0.0,100,80,-16.4,16.6,1004.5
10053,2/21/2025 21:00,0,0,0,0.0,0,0.0,100,79,-16.3,17.9,1004.0
10054,2/21/2025 22:00,0,0,0,0.0,0,0.0,86,78,-16.4,18.7,1003.8
10055,2/21/2025 23:00,0,0,0,0.0,0,0.0,18,77,-16.4,19.5,1003.9
10056,2/22/2025 0:00,0,0,0,0.0,0,0.0,79,75,-16.4,20.9,1003.4
10057,2/22/2025 1:00,0,0,0,0.0,0,0.0,100,74,-15.8,22.2,1002.6
10058,2/22/2025 2:00,0,0,0,0.0,0,0.0,100,72,-15.3,22.7,1002.4
10059,2/22/2025 3:00,0,0,0,0.0,0,0.0,100,69,-15.1,24.0,1001.7
10060,2/22/2025 4:00,3,0,3,0.0,3,23.4,100,68,-14.9,24.6,1001.4
10061,2/22/2025 5:00,55,2,53,15.5,55,163.2,100,67,-14.4,25.0,1001.4
10062,2/22/2025 6:00,150,14,136,58.1,150,337.2,100,71,-13.8,21.6,1001.1
10063,2/22/2025 7:00,241,48,193,141.4,241,474.7,100,71,-13.1,22.9,1001.1
10064,2/22/2025 8:00,273,29,244,71.6,273,566.4,100,71,-12.3,22.5,1000.7
10065,2/22/2025 9:00,332,87,245,200.8,332,606.0,100,72,-11.1,22.7,1000.2
10066,2/22/2025 10:00,277,25,252,59.2,277,590.7,100,74,-10.4,22.0,999.9
10067,2/22/2025 11:00,154,5,149,13.4,154,521.8,100,77,-10.1,20.5,999.6
10068,2/22/2025 12:00,82,0,82,0.0,82,403.8,100,79,-10.1,19.0,999.3
10069,2/22/2025 13:00,41,0,41,0.0,41,244.8,100,81,-9.9,17.6,998.5
10070,2/22/2025 14:00,10,1,9,10.9,10,68.2,100,76,-9.4,26.4,998.4
10071,2/22/2025 15:00,0,0,0,0.0,0,0.0,100,76,-9.1,25.4,998.2
10072,2/22/2025 16:00,0,0,0,0.0,0,0.0,93,75,-9.1,26.2,997.9
10073,2/22/2025 17:00,0,0,0,0.0,0,0.0,100,74,-9.2,26.1,997.5
10074,2/22/2025 18:00,0,0,0,0.0,0,0.0,100,75,-8.9,24.5,997.5
10075,2/22/2025 19:00,0,0,0,0.0,0,0.0,96,76,-9.1,24.1,997.4
10076,2/22/2025 20:00,0,0,0,0.0,0,0.0,100,78,-9.5,21.7,997.3
10077,2/22/2025 21:00,0,0,0,0.0,0,0.0,100,79,-9.7,22.3,996.9
10078,2/22/2025 22:00,0,0,0,0.0,0,0.0,100,79,-9.2,22.9,996.9
10079,2/22/2025 23:00,0,0,0,0.0,0,0.0,100,80,-9.6,23.8,996.6
10080,2/23/2025 0:00,0,0,0,0.0,0,0.0,100,81,-9.9,23.3,996.4
10081,2/23/2025 1:00,0,0,0,0.0,0,0.0,100,85,-9.7,15.7,995.7
10082,2/23/2025 2:00,0,0,0,0.0,0,0.0,100,86,-9.9,15.6,995.4
10083,2/23/2025 3:00,0,0,0,0.0,0,0.0,100,85,-9.8,17.1,995.2
10084,2/23/2025 4:00,3,0,3,0.0,3,27.4,100,85,-10.2,15.9,995.0
10085,2/23/2025 5:00,41,0,41,0.0,41,171.1,100,84,-10.1,15.6,995.1
10086,2/23/2025 6:00,120,2,118,8.1,120,345.2,99,83,-9.8,15.9,995.3
10087,2/23/2025 7:00,270,84,186,243.2,270,482.8,100,81,-8.8,15.3,995.1
10088,2/23/2025 8:00,363,160,203,389.3,363,574.4,100,80,-7.7,13.9,995.2
10089,2/23/2025 9:00,337,67,270,152.6,337,613.8,100,80,-6.8,13.6,994.7
10090,2/23/2025 10:00,364,146,218,341.0,364,598.4,100,80,-5.8,14.8,994.3
10091,2/23/2025 11:00,294,74,220,195.4,294,529.3,100,80,-5.3,15.8,993.8
10092,2/23/2025 12:00,221,66,155,224.4,221,411.1,100,81,-4.9,16.2,993.5
10093,2/23/2025 13:00,126,44,82,244.0,126,252.0,100,83,-5.7,15.2,993.2
10094,2/23/2025 14:00,24,4,20,42.4,24,71.8,99,85,-6.4,14.5,992.8
10095,2/23/2025 15:00,0,0,0,0.0,0,0.0,92,85,-6.9,14.4,992.8
10096,2/23/2025 16:00,0,0,0,0.0,0,0.0,100,86,-7.7,14.7,992.5
10097,2/23/2025 17:00,0,0,0,0.0,0,0.0,100,86,-6.8,16.0,992.8
10098,2/23/2025 18:00,0,0,0,0.0,0,0.0,100,87,-6.3,14.9,992.9
10099,2/23/2025 19:00,0,0,0,0.0,0,0.0,100,84,-6.4,15.1,993.1
10100,2/23/2025 20:00,0,0,0,0.0,0,0.0,100,85,-6.9,14.7,993.4
10101,2/23/2025 21:00,0,0,0,0.0,0,0.0,99,84,-7.4,14.8,993.7
10102,2/23/2025 22:00,0,0,0,0.0,0,0.0,100,84,-7.9,13.9,993.7
10103,2/23/2025 23:00,0,0,0,0.0,0,0.0,100,85,-7.9,13.8,994.0
10104,2/24/2025 0:00,0,0,0,0.0,0,0.0,100,86,-8.1,14.6,994.1
10105,2/24/2025 1:00,0,0,0,0.0,0,0.0,98,86,-9.9,15.3,994.3
10106,2/24/2025 2:00,0,0,0,0.0,0,0.0,91,86,-11.1,14.9,994.6
10107,2/24/2025 3:00,0,0,0,0.0,0,0.0,84,86,-12.9,11.5,994.7
10108,2/24/2025 4:00,6,1,5,15.2,6,31.4,93,85,-13.8,10.8,995.0
10109,2/24/2025 5:00,80,21,59,156.0,80,179.2,100,82,-13.4,12.2,995.6
10110,2/24/2025 6:00,193,70,123,276.8,193,353.3,97,80,-12.4,12.4,995.7
10111,2/24/2025 7:00,329,197,132,560.7,329,490.8,100,78,-12.0,10.3,995.7
10112,2/24/2025 8:00,418,272,146,652.5,418,582.4,100,76,-11.1,9.4,995.7
10113,2/24/2025 9:00,437,249,188,559.5,437,621.7,100,75,-10.2,8.7,995.5
10114,2/24/2025 10:00,344,70,274,161.3,344,606.2,100,74,-9.4,6.8,995.3
10115,2/24/2025 11:00,267,23,244,59.8,267,536.9,100,73,-9.1,3.9,995.2
10116,2/24/2025 12:00,180,7,173,23.4,180,418.5,100,74,-8.9,4.3,995.0
10117,2/24/2025 13:00,95,2,93,10.8,95,259.2,100,75,-9.9,5.4,994.7
10118,2/24/2025 14:00,20,0,20,0.0,20,75.5,100,81,-10.6,4.7,994.6
10119,2/24/2025 15:00,0,0,0,0.0,0,0.0,100,83,-11.1,6.3,993.9
10120,2/24/2025 16:00,0,0,0,0.0,0,0.0,100,84,-10.9,7.9,994.1
10121,2/24/2025 17:00,0,0,0,0.0,0,0.0,100,85,-10.6,7.7,993.8
10122,2/24/2025 18:00,0,0,0,0.0,0,0.0,100,86,-10.8,6.8,993.3
10123,2/24/2025 19:00,0,0,0,0.0,0,0.0,100,87,-10.6,6.1,992.8
10124,2/24/2025 20:00,0,0,0,0.0,0,0.0,100,87,-10.9,3.9,992.7
10125,2/24/2025 21:00,0,0,0,0.0,0,0.0,100,88,-10.8,6.9,992.0
10126,2/24/2025 22:00,0,0,0,0.0,0,0.0,100,88,-10.8,6.8,991.5
10127,2/24/2025 23:00,0,0,0,0.0,0,0.0,100,88,-11.4,4.9,991.5
10128,2/25/2025 0:00,0,0,0,0.0,0,0.0,100,89,-12.4,4.4,991.5
10129,2/25/2025 1:00,0,0,0,0.0,0,0.0,100,89,-14.9,5.2,990.6
10130,2/25/2025 2:00,0,0,0,0.0,0,0.0,100,89,-14.1,5.9,990.6
10131,2/25/2025 3:00,0,0,0,0.0,0,0.0,100,90,-13.9,6.2,990.6
10132,2/25/2025 4:00,6,0,6,0.0,6,35.5,100,89,-13.8,5.2,990.6
10133,2/25/2025 5:00,70,2,68,14.5,70,187.3,100,88,-13.4,5.5,990.8
10134,2/25/2025 6:00,167,25,142,96.6,167,361.4,100,86,-12.4,6.8,991.6
10135,2/25/2025 7:00,226,14,212,39.2,226,498.9,100,85,-11.4,6.7,991.8
10136,2/25/2025 8:00,304,28,276,66.2,304,590.4,100,84,-10.2,4.6,991.7
10137,2/25/2025 9:00,436,216,220,479.1,436,629.6,56,81,-9.2,4.6,991.3
10138,2/25/2025 10:00,463,341,122,775.6,463,613.9,68,76,-8.4,3.6,991.2
10139,2/25/2025 11:00,404,308,96,790.0,404,544.4,84,76,-8.1,2.6,991.3
10140,2/25/2025 12:00,298,216,82,708.2,298,425.9,0,76,-8.6,3.5,991.0
10141,2/25/2025 13:00,162,101,61,529.5,162,266.4,11,79,-10.8,2.6,991.1
10142,2/25/2025 14:00,36,16,20,160.9,36,79.1,58,85,-13.1,3.8,991.1
10143,2/25/2025 15:00,0,0,0,0.0,0,0.0,100,88,-13.8,7.8,991.0
10144,2/25/2025 16:00,0,0,0,0.0,0,0.0,100,87,-12.2,10.1,991.1
10145,2/25/2025 17:00,0,0,0,0.0,0,0.0,100,88,-11.4,11.2,991.1
10146,2/25/2025 18:00,0,0,0,0.0,0,0.0,100,88,-10.9,13.3,991.1
10147,2/25/2025 19:00,0,0,0,0.0,0,0.0,100,88,-10.8,15.5,990.6
10148,2/25/2025 20:00,0,0,0,0.0,0,0.0,100,88,-10.8,14.1,990.4
10149,2/25/2025 21:00,0,0,0,0.0,0,0.0,100,88,-10.9,16.2,989.8
10150,2/25/2025 22:00,0,0,0,0.0,0,0.0,100,88,-11.1,17.3,989.4
10151,2/25/2025 23:00,0,0,0,0.0,0,0.0,100,88,-11.2,15.5,989.2
10152,2/26/2025 0:00,0,0,0,0.0,0,0.0,100,88,-11.3,16.1,989.0
10153,2/26/2025 1:00,0,0,0,0.0,0,0.0,100,86,-12.4,20.0,988.3
10154,2/26/2025 2:00,0,0,0,0.0,0,0.0,100,86,-12.2,16.1,988.5
10155,2/26/2025 3:00,0,0,0,0.0,0,0.0,100,86,-12.0,14.7,988.2
10156,2/26/2025 4:00,6,0,6,0.0,6,39.7,100,85,-11.8,14.0,988.3
10157,2/26/2025 5:00,52,0,52,0.0,52,195.5,100,85,-11.3,14.2,988.2
10158,2/26/2025 6:00,102,0,102,0.0,102,369.6,100,84,-10.9,15.8,987.9
10159,2/26/2025 7:00,156,1,155,2.8,156,507.1,100,83,-10.4,20.0,987.3
10160,2/26/2025 8:00,241,8,233,18.7,241,598.5,100,82,-9.8,19.4,987.0
10161,2/26/2025 9:00,291,13,278,28.5,291,637.5,100,81,-9.0,16.5,987.5
10162,2/26/2025 10:00,235,4,231,9.0,235,621.7,100,81,-8.6,13.0,987.1
10163,2/26/2025 11:00,195,3,192,7.6,195,552.0,100,82,-8.2,12.3,986.9
10164,2/26/2025 12:00,139,1,138,3.2,139,433.2,100,82,-8.1,10.4,987.0
10165,2/26/2025 13:00,83,0,83,0.0,83,273.5,100,84,-7.8,8.0,986.3
10166,2/26/2025 14:00,21,0,21,0.0,21,83.8,100,87,-8.1,3.4,986.2
10167,2/26/2025 15:00,0,0,0,0.0,0,0.0,100,88,-8.4,1.1,986.2
10168,2/26/2025 16:00,0,0,0,0.0,0,0.0,100,88,-8.5,3.2,986.1
10169,2/26/2025 17:00,0,0,0,0.0,0,0.0,100,89,-8.6,4.2,986.4
10170,2/26/2025 18:00,0,0,0,0.0,0,0.0,100,89,-8.9,6.6,986.2
10171,2/26/2025 19:00,0,0,0,0.0,0,0.0,100,88,-9.2,7.8,986.6
10172,2/26/2025 20:00,0,0,0,0.0,0,0.0,100,89,-9.1,9.0,987.1
10173,2/26/2025 21:00,0,0,0,0.0,0,0.0,100,89,-8.9,8.6,987.3
10174,2/26/2025 22:00,0,0,0,0.0,0,0.0,100,90,-9.2,11.7,987.9
10175,2/26/2025 23:00,0,0,0,0.0,0,0.0,100,90,-9.7,15.2,988.3
10176,2/27/2025 0:00,0,0,0,0.0,0,0.0,100,88,-11.0,16.9,988.8
10177,2/27/2025 1:00,0,0,0,0.0,0,0.0,100,88,-11.9,11.1,989.2
10178,2/27/2025 2:00,0,0,0,0.0,0,0.0,100,87,-12.5,10.9,990.1
10179,2/27/2025 3:00,0,0,0,0.0,0,0.0,100,86,-13.2,13.5,990.2
10180,2/27/2025 4:00,6,0,6,0.0,6,43.8,100,86,-13.9,13.1,990.7
10181,2/27/2025 5:00,70,1,69,6.8,70,203.7,100,84,-14.1,11.8,991.4
10182,2/27/2025 6:00,198,46,152,169.8,198,377.9,100,82,-14.1,9.7,991.8
10183,2/27/2025 7:00,302,89,213,241.0,302,515.3,100,79,-13.8,9.6,992.4
10184,2/27/2025 8:00,401,184,217,423.2,401,606.5,100,77,-12.9,10.7,993.0
10185,2/27/2025 9:00,442,221,221,477.7,442,645.5,100,76,-12.2,10.1,993.3
10186,2/27/2025 10:00,430,231,199,512.0,430,629.4,100,75,-11.6,5.9,993.2
10187,2/27/2025 11:00,360,160,200,398.9,360,559.6,100,74,-11.1,3.7,993.6
10188,2/27/2025 12:00,271,124,147,392.6,271,440.6,96,76,-11.0,1.6,993.9
10189,2/27/2025 13:00,167,96,71,477.1,167,280.7,10,73,-11.6,1.7,994.0
10190,2/27/2025 14:00,43,22,21,210.2,43,90.8,0,80,-14.3,6.0,993.9
10191,2/27/2025 15:00,0,0,0,0.0,0,0.0,0,82,-15.4,7.8,994.3
10192,2/27/2025 16:00,0,0,0,0.0,0,0.0,0,83,-16.2,7.8,994.2
10193,2/27/2025 17:00,0,0,0,0.0,0,0.0,0,84,-17.0,7.8,994.4
10194,2/27/2025 18:00,0,0,0,0.0,0,0.0,0,83,-17.2,7.9,994.6
10195,2/27/2025 19:00,0,0,0,0.0,0,0.0,3,81,-16.2,8.9,995.0
10196,2/27/2025 20:00,0,0,0,0.0,0,0.0,23,80,-15.6,8.3,995.1
10197,2/27/2025 21:00,0,0,0,0.0,0,0.0,100,83,-16.0,7.6,995.2
10198,2/27/2025 22:00,0,0,0,0.0,0,0.0,100,83,-14.9,6.8,995.6
10199,2/27/2025 23:00,0,0,0,0.0,0,0.0,98,82,-13.6,6.7,996.3
10200,2/28/2025 0:00,0,0,0,0.0,0,0.0,90,82,-12.8,6.5,996.6
10201,2/28/2025 1:00,0,0,0,0.0,0,0.0,93,83,-15.4,6.1,996.3
10202,2/28/2025 2:00,0,0,0,0.0,0,0.0,96,83,-14.8,5.8,997.0
10203,2/28/2025 3:00,0,0,0,0.0,0,0.0,84,85,-14.8,4.1,997.4
10204,2/28/2025 4:00,11,2,9,25.7,11,48.0,99,84,-14.1,3.3,997.9
10205,2/28/2025 5:00,96,27,69,177.6,96,212.0,65,81,-11.9,3.2,998.4
10206,2/28/2025 6:00,223,100,123,361.2,223,386.1,31,76,-10.1,2.6,998.6
10207,2/28/2025 7:00,373,272,101,724.6,373,523.5,0,74,-8.4,3.1,998.8
10208,2/28/2025 8:00,460,357,103,810.0,460,614.6,2,74,-7.2,3.9,999.1
10209,2/28/2025 9:00,496,386,110,823.8,496,653.4,7,74,-6.1,4.2,999.2
10210,2/28/2025 10:00,480,370,110,809.7,480,637.2,0,75,-5.3,4.4,998.9
10211,2/28/2025 11:00,417,315,102,774.5,417,567.1,0,77,-5.1,4.8,998.8
10212,2/28/2025 12:00,311,226,85,703.5,311,447.9,0,79,-5.4,3.3,998.8
10213,2/28/2025 13:00,178,116,62,561.9,178,287.9,0,77,-6.2,2.7,998.9
10214,2/28/2025 14:00,47,24,23,223.8,47,97.8,0,82,-8.9,2.7,998.8
10215,2/28/2025 15:00,0,0,0,0.0,0,0.0,0,87,-10.9,2.7,998.7
10216,2/28/2025 16:00,0,0,0,0.0,0,0.0,0,92,-12.7,2.8,998.6
10217,2/28/2025 17:00,0,0,0,0.0,0,0.0,0,94,-14.2,4.0,998.4
10218,2/28/2025 18:00,0,0,0,0.0,0,0.0,0,94,-15.3,5.4,998.3
10219,2/28/2025 19:00,0,0,0,0.0,0,0.0,2,93,-16.1,5.7,998.1
10220,2/28/2025 20:00,0,0,0,0.0,0,0.0,41,91,-16.9,5.6,997.8
10221,2/28/2025 21:00,0,0,0,0.0,0,0.0,67,87,-17.5,5.5,997.6
10222,2/28/2025 22:00,0,0,0,0.0,0,0.0,93,84,-18.9,5.7,997.4
10223,2/28/2025 23:00,0,0,0,0.0,0,0.0,98,91,-18.8,6.8,997.6
10224,3/1/2025 0:00,0,0,0,0.0,0,0.0,99,90,-19.1,6.9,997.5
10225,3/1/2025 1:00,0,0,0,0.0,0,0.0,95,82,-19.6,6.2,997.6
10226,3/1/2025 2:00,0,0,0,0.0,0,0.0,100,83,-19.5,5.2,997.7
10227,3/1/2025 3:00,0,0,0,0.0,0,0.0,100,83,-19.1,3.3,997.9
10228,3/1/2025 4:00,11,0,11,0.0,11,52.2,100,84,-18.5,4.0,998.1
10229,3/1/2025 5:00,78,3,75,19.0,78,220.3,100,85,-17.5,2.4,998.2
10230,3/1/2025 6:00,183,29,154,102.5,183,394.4,100,86,-15.6,1.3,998.3
10231,3/1/2025 7:00,286,49,237,128.5,286,531.7,100,84,-13.5,0.7,998.4
10232,3/1/2025 8:00,376,119,257,266.4,376,622.7,100,92,-11.7,2.0,998.4
10233,3/1/2025 9:00,393,109,284,229.7,393,661.3,100,92,-10.1,1.9,998.6
10234,3/1/2025 10:00,370,88,282,190.2,370,644.9,100,90,-8.7,1.9,998.5
10235,3/1/2025 11:00,317,81,236,196.5,317,574.6,100,90,-8.0,1.9,998.4
10236,3/1/2025 12:00,254,76,178,232.6,254,455.3,100,91,-7.7,1.8,998.2
10237,3/1/2025 13:00,159,63,96,297.6,159,295.0,98,90,-7.8,1.1,997.8
10238,3/1/2025 14:00,44,14,30,127.4,44,104.8,100,95,-9.8,1.5,997.5
10239,3/1/2025 15:00,0,0,0,0.0,0,0.0,100,93,-10.4,2.7,997.4
10240,3/1/2025 16:00,0,0,0,0.0,0,0.0,100,92,-11.7,3.3,997.2
10241,3/1/2025 17:00,0,0,0,0.0,0,0.0,100,90,-12.5,4.0,997.0
10242,3/1/2025 18:00,0,0,0,0.0,0,0.0,100,90,-12.9,4.5,996.4
10243,3/1/2025 19:00,0,0,0,0.0,0,0.0,100,90,-13.4,3.4,996.3
10244,3/1/2025 20:00,0,0,0,0.0,0,0.0,100,88,-14.1,3.9,996.1
10245,3/1/2025 21:00,0,0,0,0.0,0,0.0,100,88,-15.0,3.7,996.1
10246,3/1/2025 22:00,0,0,0,0.0,0,0.0,100,87,-15.6,2.0,996.1
10247,3/1/2025 23:00,0,0,0,0.0,0,0.0,100,86,-16.2,0.8,995.9
10248,3/2/2025 0:00,0,0,0,0.0,0,0.0,100,86,-16.0,2.1,995.6
10249,3/2/2025 1:00,0,0,0,0.0,0,0.0,100,84,-18.0,4.6,995.2
10250,3/2/2025 2:00,0,0,0,0.0,0,0.0,100,85,-17.1,2.7,995.2
10251,3/2/2025 3:00,0,0,0,0.0,0,0.0,100,85,-16.8,4.0,994.9
10252,3/2/2025 4:00,12,0,12,0.0,12,56.5,100,86,-16.5,4.5,995.2
10253,3/2/2025 5:00,76,2,74,12.2,76,228.6,100,86,-16.0,4.3,995.5
10254,3/2/2025 6:00,181,20,161,69.2,181,402.7,100,87,-14.9,6.5,995.3
10255,3/2/2025 7:00,281,45,236,116.1,281,539.9,100,86,-13.6,6.6,995.1
10256,3/2/2025 8:00,379,112,267,247.4,379,630.8,100,87,-12.2,5.4,994.7
10257,3/2/2025 9:00,435,179,256,372.6,435,669.2,100,84,-10.7,5.0,994.2
10258,3/2/2025 10:00,443,227,216,484.5,443,652.6,100,83,-9.8,5.7,993.5
10259,3/2/2025 11:00,372,159,213,380.5,372,582.1,100,82,-9.1,5.6,993.3
10260,3/2/2025 12:00,286,137,149,412.6,286,462.6,100,81,-9.2,7.0,992.9
10261,3/2/2025 13:00,185,110,75,507.1,185,302.1,22,76,-9.6,6.2,992.1
10262,3/2/2025 14:00,55,28,27,249.0,55,111.8,64,83,-12.6,6.6,991.4
10263,3/2/2025 15:00,0,0,0,0.0,0,0.0,100,81,-13.4,7.8,990.9
10264,3/2/2025 16:00,0,0,0,0.0,0,0.0,100,81,-12.9,8.7,990.6
10265,3/2/2025 17:00,0,0,0,0.0,0,0.0,100,83,-13.2,8.9,990.2
10266,3/2/2025 18:00,0,0,0,0.0,0,0.0,100,83,-13.2,8.9,989.8
10267,3/2/2025 19:00,0,0,0,0.0,0,0.0,100,83,-13.2,8.3,989.7
10268,3/2/2025 20:00,0,0,0,0.0,0,0.0,100,83,-13.8,8.1,989.5
10269,3/2/2025 21:00,0,0,0,0.0,0,0.0,100,85,-14.2,8.5,989.1
10270,3/2/2025 22:00,0,0,0,0.0,0,0.0,100,87,-13.8,9.1,989.0
10271,3/2/2025 23:00,0,0,0,0.0,0,0.0,100,88,-13.4,9.6,988.9
10272,3/3/2025 0:00,0,0,0,0.0,0,0.0,100,88,-13.4,11.1,988.3
10273,3/3/2025 1:00,0,0,0,0.0,0,0.0,100,88,-13.9,11.9,987.7
10274,3/3/2025 2:00,0,0,0,0.0,0,0.0,100,87,-13.9,12.4,987.9
10275,3/3/2025 3:00,0,0,0,0.0,0,0.0,100,87,-13.9,13.4,987.8
10276,3/3/2025 4:00,9,0,9,0.0,9,60.7,100,87,-13.9,13.8,987.7
10277,3/3/2025 5:00,51,0,51,0.0,51,237.0,100,85,-13.6,13.1,987.7
10278,3/3/2025 6:00,129,0,129,0.0,129,411.0,100,85,-12.9,12.8,987.6
10279,3/3/2025 7:00,180,1,179,2.5,180,548.1,100,85,-12.2,13.9,987.6
10280,3/3/2025 8:00,259,6,253,13.1,259,638.8,100,85,-11.4,13.9,987.6
10281,3/3/2025 9:00,277,6,271,12.3,277,677.1,100,85,-10.6,14.2,987.5
10282,3/3/2025 10:00,190,0,190,0.0,190,660.3,100,86,-10.3,13.3,987.2
10283,3/3/2025 11:00,190,3,187,7.1,190,589.6,100,85,-9.6,13.5,986.9
10284,3/3/2025 12:00,179,5,174,14.8,179,469.9,100,86,-9.1,13.7,986.8
10285,3/3/2025 13:00,111,4,107,18.0,111,309.2,100,88,-7.8,15.7,986.8
10286,3/3/2025 14:00,34,0,34,0.0,34,118.7,100,89,-8.1,13.9,986.7
10287,3/3/2025 15:00,0,0,0,0.0,0,0.0,100,90,-8.1,14.2,986.5
10288,3/3/2025 16:00,0,0,0,0.0,0,0.0,100,91,-8.1,15.5,986.4
10289,3/3/2025 17:00,0,0,0,0.0,0,0.0,100,91,-8.4,16.0,986.5
10290,3/3/2025 18:00,0,0,0,0.0,0,0.0,100,91,-8.5,16.0,986.5
10291,3/3/2025 19:00,0,0,0,0.0,0,0.0,100,91,-8.6,15.3,986.3
10292,3/3/2025 20:00,0,0,0,0.0,0,0.0,100,91,-8.5,14.8,986.2
10293,3/3/2025 21:00,0,0,0,0.0,0,0.0,100,91,-8.4,14.4,985.7
10294,3/3/2025 22:00,0,0,0,0.0,0,0.0,100,91,-8.4,14.8,985.7
10295,3/3/2025 23:00,0,0,0,0.0,0,0.0,100,91,-8.2,14.9,985.3
10296,3/4/2025 0:00,0,0,0,0.0,0,0.0,100,91,-8.2,14.8,984.9
10297,3/4/2025 1:00,0,0,0,0.0,0,0.0,100,91,-8.4,15.8,984.5
10298,3/4/2025 2:00,0,0,0,0.0,0,0.0,100,91,-8.4,16.0,984.4
10299,3/4/2025 3:00,0,0,0,0.0,0,0.0,100,91,-8.4,16.1,984.1
10300,3/4/2025 4:00,10,0,10,0.0,10,64.9,100,91,-8.2,15.1,984.0
10301,3/4/2025 5:00,61,0,61,0.0,61,245.3,100,91,-7.8,13.9,984.0
10302,3/4/2025 6:00,125,4,121,13.3,125,419.3,100,90,-7.3,16.2,983.9
10303,3/4/2025 7:00,181,3,178,7.5,181,556.3,100,89,-6.8,18.1,983.8
10304,3/4/2025 8:00,209,8,201,17.2,209,646.8,100,89,-6.3,18.3,983.3
10305,3/4/2025 9:00,243,10,233,20.3,243,684.9,100,89,-5.8,19.2,983.2
10306,3/4/2025 10:00,211,6,205,12.5,211,667.9,100,89,-5.5,18.6,982.7
10307,3/4/2025 11:00,171,9,162,21.0,171,597.0,100,89,-5.2,19.2,982.3
10308,3/4/2025 12:00,122,0,122,0.0,122,477.1,100,89,-5.2,20.2,982.0
10309,3/4/2025 13:00,84,0,84,0.0,84,316.3,100,90,-5.6,20.9,981.5
10310,3/4/2025 14:00,25,0,25,0.0,25,125.6,100,92,-5.9,19.6,981.1
10311,3/4/2025 15:00,0,0,0,0.0,0,1.8,100,92,-5.9,20.6,981.0
10312,3/4/2025 16:00,0,0,0,0.0,0,0.0,100,91,-5.9,20.7,980.6
10313,3/4/2025 17:00,0,0,0,0.0,0,0.0,100,92,-5.9,19.8,980.3
10314,3/4/2025 18:00,0,0,0,0.0,0,0.0,100,92,-5.9,20.0,979.5
10315,3/4/2025 19:00,0,0,0,0.0,0,0.0,100,92,-5.8,20.1,978.8
10316,3/4/2025 20:00,0,0,0,0.0,0,0.0,100,92,-5.7,19.9,978.2
10317,3/4/2025 21:00,0,0,0,0.0,0,0.0,100,92,-5.6,20.9,977.2
10318,3/4/2025 22:00,0,0,0,0.0,0,0.0,100,91,-5.6,22.9,976.2
10319,3/4/2025 23:00,0,0,0,0.0,0,0.0,100,91,-5.7,24.3,975.2
10320,3/5/2025 0:00,0,0,0,0.0,0,0.0,100,90,-5.8,24.0,974.2
10321,3/5/2025 1:00,0,0,0,0.0,0,0.0,100,91,-5.9,23.0,973.5
10322,3/5/2025 2:00,0,0,0,0.0,0,0.0,100,91,-5.9,23.0,972.7
10323,3/5/2025 3:00,0,0,0,0.0,0,0.0,100,91,-5.7,22.6,971.7
10324,3/5/2025 4:00,11,0,11,0.0,11,69.2,100,91,-5.2,23.1,971.4
10325,3/5/2025 5:00,55,0,55,0.0,55,253.7,100,90,-4.6,23.5,971.2
10326,3/5/2025 6:00,85,0,85,0.0,85,427.6,100,90,-4.1,22.4,970.8
10327,3/5/2025 7:00,160,0,160,0.0,160,564.4,100,91,-3.7,19.5,970.6
10328,3/5/2025 8:00,256,8,248,17.0,256,654.8,100,90,-2.7,19.6,970.4
10329,3/5/2025 9:00,190,3,187,6.0,190,692.7,100,91,-2.1,17.4,970.1
10330,3/5/2025 10:00,137,0,137,0.0,137,675.5,100,92,-1.7,15.2,969.8
10331,3/5/2025 11:00,146,0,146,0.0,146,604.4,100,92,-1.1,14.1,969.8
10332,3/5/2025 12:00,128,0,128,0.0,128,484.3,100,93,-0.6,12.4,970.0
10333,3/5/2025 13:00,47,0,47,0.0,47,323.3,100,95,-0.9,10.1,969.7
10334,3/5/2025 14:00,15,0,15,0.0,15,132.6,100,96,-1.2,10.1,969.9
10335,3/5/2025 15:00,0,0,0,0.0,0,5.2,100,96,-1.5,10.8,970.3
10336,3/5/2025 16:00,0,0,0,0.0,0,0.0,100,96,-1.5,10.6,970.4
10337,3/5/2025 17:00,0,0,0,0.0,0,0.0,100,97,-1.7,11.5,970.4
10338,3/5/2025 18:00,0,0,0,0.0,0,0.0,100,96,-2.0,11.6,970.2
10339,3/5/2025 19:00,0,0,0,0.0,0,0.0,100,96,-2.2,9.2,970.5
10340,3/5/2025 20:00,0,0,0,0.0,0,0.0,100,96,-2.4,7.4,970.6
10341,3/5/2025 21:00,0,0,0,0.0,0,0.0,100,97,-2.5,4.8,970.5
10342,3/5/2025 22:00,0,0,0,0.0,0,0.0,100,98,-2.7,4.6,970.3
10343,3/5/2025 23:00,0,0,0,0.0,0,0.0,100,97,-3.2,7.4,970.3
10344,3/6/2025 0:00,0,0,0,0.0,0,0.0,100,96,-4.0,11.7,970.5
10345,3/6/2025 1:00,0,0,0,0.0,0,0.0,100,97,-4.1,10.4,970.1
10346,3/6/2025 2:00,0,0,0,0.0,0,0.0,100,96,-4.7,5.9,969.7
10347,3/6/2025 3:00,0,0,0,0.0,0,0.0,100,96,-5.2,5.7,969.9
10348,3/6/2025 4:00,16,0,16,0.0,16,73.4,100,96,-5.2,4.2,969.7
10349,3/6/2025 5:00,88,1,87,5.3,88,262.0,100,95,-4.8,4.5,969.7
10350,3/6/2025 6:00,167,7,160,22.3,167,435.8,100,93,-4.2,4.3,969.4
10351,3/6/2025 7:00,253,4,249,9.7,253,572.5,100,91,-3.5,5.6,969.3
10352,3/6/2025 8:00,349,32,317,67.1,349,662.8,100,88,-2.7,8.6,969.3
10353,3/6/2025 9:00,385,48,337,95.3,385,700.5,100,87,-2.0,9.3,969.2
10354,3/6/2025 10:00,365,76,289,154.7,365,683.1,100,85,-1.6,10.9,969.1
10355,3/6/2025 11:00,252,8,244,18.2,252,611.8,100,87,-1.4,10.5,969.2
10356,3/6/2025 12:00,139,0,139,0.0,139,491.5,100,86,-1.1,9.1,969.5
10357,3/6/2025 13:00,108,3,105,12.6,108,330.3,100,88,-1.2,9.2,969.4
10358,3/6/2025 14:00,26,0,26,0.0,26,139.4,100,92,-1.5,8.6,969.8
10359,3/6/2025 15:00,1,0,1,0.0,1,8.6,100,95,-2.0,9.0,970.0
10360,3/6/2025 16:00,0,0,0,0.0,0,0.0,100,96,-2.1,9.2,970.2
10361,3/6/2025 17:00,0,0,0,0.0,0,0.0,100,96,-2.2,10.2,970.6
10362,3/6/2025 18:00,0,0,0,0.0,0,0.0,100,97,-1.9,10.7,970.6
10363,3/6/2025 19:00,0,0,0,0.0,0,0.0,100,97,-1.7,10.1,970.4
10364,3/6/2025 20:00,0,0,0,0.0,0,0.0,100,97,-1.5,10.2,970.5
10365,3/6/2025 21:00,0,0,0,0.0,0,0.0,100,97,-1.5,11.6,970.8
10366,3/6/2025 22:00,0,0,0,0.0,0,0.0,100,96,-1.5,11.4,971.3
10367,3/6/2025 23:00,0,0,0,0.0,0,0.0,100,96,-1.8,10.5,971.4
10368,3/7/2025 0:00,0,0,0,0.0,0,0.0,100,95,-1.8,10.6,971.3
10369,3/7/2025 1:00,0,0,0,0.0,0,0.0,100,94,-1.4,10.5,970.5
10370,3/7/2025 2:00,0,0,0,0.0,0,0.0,100,95,-2.0,7.0,970.6
10371,3/7/2025 3:00,0,0,0,0.0,0,0.0,100,95,-2.5,4.6,970.9
10372,3/7/2025 4:00,20,0,20,0.0,20,77.7,100,94,-2.8,4.9,970.7
10373,3/7/2025 5:00,121,23,98,118.2,121,270.3,100,91,-2.3,6.1,970.6
10374,3/7/2025 6:00,210,26,184,81.4,210,444.0,100,88,-1.6,8.9,970.4
10375,3/7/2025 7:00,286,46,240,110.1,286,580.6,100,88,-0.9,10.1,970.5
10376,3/7/2025 8:00,308,29,279,60.1,308,670.7,100,89,-0.4,10.5,970.4
10377,3/7/2025 9:00,262,10,252,19.6,262,708.2,100,88,-0.2,12.6,970.2
10378,3/7/2025 10:00,301,13,288,26.2,301,690.6,100,85,0.1,12.9,970.4
10379,3/7/2025 11:00,214,2,212,4.5,214,619.1,100,85,0.2,11.3,970.6
10380,3/7/2025 12:00,145,0,145,0.0,145,498.6,100,86,0.2,11.1,971.0
10381,3/7/2025 13:00,107,1,106,4.1,107,337.3,100,86,0.2,5.6,971.9
10382,3/7/2025 14:00,27,0,27,0.0,27,146.3,100,90,-0.1,5.3,972.4
10383,3/7/2025 15:00,1,0,1,0.0,1,12.0,100,94,-0.4,8.5,972.6
10384,3/7/2025 16:00,0,0,0,0.0,0,0.0,100,96,-0.4,10.1,972.9
10385,3/7/2025 17:00,0,0,0,0.0,0,0.0,100,97,-0.5,12.7,972.7
10386,3/7/2025 18:00,0,0,0,0.0,0,0.0,100,97,-0.5,13.6,972.0
10387,3/7/2025 19:00,0,0,0,0.0,0,0.0,100,98,-0.2,14.9,971.7
10388,3/7/2025 20:00,0,0,0,0.0,0,0.0,100,99,0.3,15.7,971.2
10389,3/7/2025 21:00,0,0,0,0.0,0,0.0,100,96,0.8,22.3,971.3
10390,3/7/2025 22:00,0,0,0,0.0,0,0.0,100,91,1.1,26.4,971.6
10391,3/7/2025 23:00,0,0,0,0.0,0,0.0,100,88,0.6,28.6,972.4
10392,3/8/2025 0:00,0,0,0,0.0,0,0.0,100,88,0.1,26.7,973.0
10393,3/8/2025 1:00,0,0,0,0.0,0,0.0,100,88,0.3,23.8,973.3
10394,3/8/2025 2:00,0,0,0,0.0,0,0.0,100,89,0.0,24.0,973.7
10395,3/8/2025 3:00,0,0,0,0.0,0,0.0,100,90,-0.4,24.5,974.2
10396,3/8/2025 4:00,10,0,10,0.0,10,81.9,100,92,-0.8,23.7,975.1
10397,3/8/2025 5:00,54,0,54,0.0,54,278.6,100,92,-0.5,25.1,976.2
10398,3/8/2025 6:00,116,0,116,0.0,116,452.2,100,90,-0.9,24.9,977.8
10399,3/8/2025 7:00,206,10,196,23.6,206,588.6,100,87,-0.9,25.0,979.7
10400,3/8/2025 8:00,298,29,269,59.4,298,678.5,100,82,-1.0,25.8,980.9
10401,3/8/2025 9:00,290,25,265,48.5,290,715.8,100,79,-1.0,25.0,981.8
10402,3/8/2025 10:00,255,21,234,41.8,255,698.0,100,77,-1.0,23.7,982.6
10403,3/8/2025 11:00,266,15,251,33.3,266,626.3,100,75,-0.8,23.5,983.6
10404,3/8/2025 12:00,187,6,181,16.5,187,505.6,96,78,-0.8,19.6,984.4
10405,3/8/2025 13:00,191,84,107,338.9,191,344.2,18,78,-0.8,14.6,984.7
10406,3/8/2025 14:00,75,35,40,273.5,75,153.1,6,83,-2.4,11.9,985.5
10407,3/8/2025 15:00,2,0,2,0.0,2,15.5,13,88,-3.8,12.5,986.2
10408,3/8/2025 16:00,0,0,0,0.0,0,0.0,100,91,-4.2,13.4,987.0
10409,3/8/2025 17:00,0,0,0,0.0,0,0.0,100,90,-3.2,14.7,987.7
10410,3/8/2025 18:00,0,0,0,0.0,0,0.0,100,90,-3.2,12.2,988.0
10411,3/8/2025 19:00,0,0,0,0.0,0,0.0,100,91,-3.5,10.0,988.6
10412,3/8/2025 20:00,0,0,0,0.0,0,0.0,100,91,-3.9,10.2,988.8
10413,3/8/2025 21:00,0,0,0,0.0,0,0.0,85,91,-4.7,8.0,989.0
10414,3/8/2025 22:00,0,0,0,0.0,0,0.0,43,92,-6.9,5.4,988.8
10415,3/8/2025 23:00,0,0,0,0.0,0,0.0,40,93,-8.8,8.1,989.1
10416,3/9/2025 0:00,0,0,0,0.0,0,0.0,64,92,-10.1,7.6,988.9
10417,3/9/2025 1:00,0,0,0,0.0,0,0.0,93,93,-5.7,9.4,989.2
10418,3/9/2025 2:00,0,0,0,0.0,0,0.0,100,93,-7.3,8.1,988.7
10419,3/9/2025 3:00,0,0,0,0.0,0,0.0,100,92,-6.2,12.3,988.5
10420,3/9/2025 4:00,18,0,18,0.0,18,88.0,100,90,-5.4,16.3,987.9
10421,3/9/2025 5:00,65,0,65,0.0,65,286.9,100,91,-5.2,16.3,987.0
10422,3/9/2025 6:00,180,3,177,9.0,180,460.4,100,89,-4.6,22.5,986.0
10423,3/9/2025 7:00,332,89,243,207.1,332,596.7,99,87,-3.2,25.3,984.7
10424,3/9/2025 8:00,449,233,216,471.3,449,686.4,100,86,-2.0,27.1,983.6
10425,3/9/2025 9:00,397,87,310,166.9,397,723.5,100,86,-0.9,24.4,982.5
10426,3/9/2025 10:00,241,1,240,2.0,241,705.4,100,84,-0.1,22.9,982.0
10427,3/9/2025 11:00,219,8,211,17.5,219,633.5,100,83,0.4,19.7,980.9
10428,3/9/2025 12:00,210,20,190,54.2,210,512.7,84,77,1.8,26.8,980.4
10429,3/9/2025 13:00,189,84,105,332.1,189,351.1,42,77,2.1,25.4,980.3
10430,3/9/2025 14:00,73,28,45,214.5,73,159.9,20,80,1.9,24.7,980.0
10431,3/9/2025 15:00,3,0,3,0.0,3,18.9,9,83,1.4,22.7,980.4
10432,3/9/2025 16:00,0,0,0,0.0,0,0.0,20,85,1.3,22.6,980.8
10433,3/9/2025 17:00,0,0,0,0.0,0,0.0,17,87,1.2,21.6,981.2
10434,3/9/2025 18:00,0,0,0,0.0,0,0.0,2,88,0.9,19.6,981.8
10435,3/9/2025 19:00,0,0,0,0.0,0,0.0,0,91,-0.1,16.2,982.3
10436,3/9/2025 20:00,0,0,0,0.0,0,0.0,0,92,-0.9,15.2,982.6
10437,3/9/2025 21:00,0,0,0,0.0,0,0.0,12,93,-1.4,16.0,982.8
10438,3/9/2025 22:00,0,0,0,0.0,0,0.0,85,93,-1.9,15.7,982.9
10439,3/9/2025 23:00,0,0,0,0.0,0,0.0,44,93,-2.4,15.4,983.2
10440,3/10/2025 0:00,0,0,0,0.0,0,0.0,4,92,-2.9,14.9,983.3
10441,3/10/2025 1:00,0,0,0,0.0,0,0.0,100,92,-2.7,12.4,983.3
10442,3/10/2025 2:00,0,0,0,0.0,0,0.0,58,92,-2.8,13.1,983.6
10443,3/10/2025 3:00,0,0,0,0.0,0,0.0,45,92,-3.1,13.3,983.9
10444,3/10/2025 4:00,44,20,24,184.8,44,96.4,17,91,-2.8,12.8,984.3
10445,3/10/2025 5:00,179,112,67,526.3,179,295.3,9,87,-1.8,12.1,984.8
10446,3/10/2025 6:00,323,231,92,683.9,323,468.7,0,83,-0.5,10.7,985.3
10447,3/10/2025 7:00,445,336,109,770.9,445,604.7,2,80,0.6,11.0,986.0
10448,3/10/2025 8:00,526,406,120,811.4,526,694.3,0,76,1.4,10.8,986.4
10449,3/10/2025 9:00,561,437,124,829.3,561,731.1,0,73,1.8,10.9,986.6
10450,3/10/2025 10:00,544,423,121,823.3,544,712.9,18,73,1.9,13.3,987.1
10451,3/10/2025 11:00,464,333,131,721.1,464,640.7,92,73,1.5,16.6,987.8
10452,3/10/2025 12:00,264,62,202,165.5,264,519.7,93,77,0.9,17.9,988.6
10453,3/10/2025 13:00,216,119,97,461.2,216,358.0,89,75,0.9,14.6,989.3
10454,3/10/2025 14:00,66,13,53,97.7,66,166.7,94,79,0.3,11.9,989.9
10455,3/10/2025 15:00,3,0,3,0.0,3,22.3,18,84,-2.5,6.7,990.2
10456,3/10/2025 16:00,0,0,0,0.0,0,0.0,21,88,-4.8,6.6,990.5
10457,3/10/2025 17:00,0,0,0,0.0,0,0.0,38,90,-6.2,7.1,990.9
10458,3/10/2025 18:00,0,0,0,0.0,0,0.0,9,92,-7.3,4.8,991.2
10459,3/10/2025 19:00,0,0,0,0.0,0,0.0,54,94,-8.1,2.2,991.7
10460,3/10/2025 20:00,0,0,0,0.0,0,0.0,100,97,-8.8,1.3,992.0
10461,3/10/2025 21:00,0,0,0,0.0,0,0.0,50,97,-8.9,0.8,992.3
10462,3/10/2025 22:00,0,0,0,0.0,0,0.0,89,97,-9.9,1.4,992.4
10463,3/10/2025 23:00,0,0,0,0.0,0,0.0,100,96,-10.2,2.0,992.6
10464,3/11/2025 0:00,0,0,0,0.0,0,0.0,100,97,-10.9,4.6,992.7
10465,3/11/2025 1:00,0,0,0,0.0,0,0.0,100,97,-9.2,5.4,993.5
10466,3/11/2025 2:00,0,0,0,0.0,0,0.0,100,93,-8.9,8.1,993.8
10467,3/11/2025 3:00,0,0,0,0.0,0,0.0,100,91,-8.3,10.5,994.1
10468,3/11/2025 4:00,35,0,35,0.0,35,105.0,100,94,-6.8,12.9,994.4
10469,3/11/2025 5:00,133,15,118,68.5,133,303.8,100,96,-5.8,14.5,994.5
10470,3/11/2025 6:00,262,64,198,186.1,262,477.0,100,93,-4.2,13.6,994.9
10471,3/11/2025 7:00,410,231,179,522.7,410,612.9,100,86,-2.7,14.5,994.9
10472,3/11/2025 8:00,492,287,205,566.8,492,702.1,100,82,-1.2,15.9,994.7
10473,3/11/2025 9:00,522,306,216,574.4,522,738.8,100,76,0.1,16.6,994.0
10474,3/11/2025 10:00,512,317,195,610.3,512,720.3,100,76,0.9,19.1,993.6
10475,3/11/2025 11:00,451,291,160,622.8,451,647.9,100,79,1.1,19.4,993.1
10476,3/11/2025 12:00,330,171,159,450.2,330,526.7,100,83,1.1,18.7,992.8
10477,3/11/2025 13:00,186,50,136,190.0,186,364.9,100,86,1.0,20.1,993.0
10478,3/11/2025 14:00,70,9,61,66.4,70,173.5,100,88,0.4,20.4,992.5
10479,3/11/2025 15:00,4,0,4,0.0,4,25.7,100,90,0.2,21.3,992.1
10480,3/11/2025 16:00,0,0,0,0.0,0,0.0,100,91,-0.4,22.8,991.7
10481,3/11/2025 17:00,0,0,0,0.0,0,0.0,99,93,-0.9,23.7,991.4
10482,3/11/2025 18:00,0,0,0,0.0,0,0.0,99,94,-1.2,24.6,990.8
10483,3/11/2025 19:00,0,0,0,0.0,0,0.0,100,94,-1.3,25.5,990.4
10484,3/11/2025 20:00,0,0,0,0.0,0,0.0,100,94,-0.8,26.7,990.0
10485,3/11/2025 21:00,0,0,0,0.0,0,0.0,100,94,-0.5,27.6,989.0
10486,3/11/2025 22:00,0,0,0,0.0,0,0.0,100,94,-0.2,27.1,988.7
10487,3/11/2025 23:00,0,0,0,0.0,0,0.0,100,95,0.0,26.2,988.0
10488,3/12/2025 0:00,0,0,0,0.0,0,0.0,100,95,0.1,24.4,987.4
10489,3/12/2025 1:00,0,0,0,0.0,0,0.0,100,96,0.7,22.8,986.8
10490,3/12/2025 2:00,0,0,0,0.0,0,0.0,100,96,0.9,22.4,986.4
10491,3/12/2025 3:00,0,0,0,0.0,0,0.0,100,96,1.0,24.4,985.5
10492,3/12/2025 4:00,13,0,13,0.0,13,113.6,100,96,1.0,25.6,984.7
10493,3/12/2025 5:00,37,0,37,0.0,37,312.3,100,96,1.0,23.9,984.7
10494,3/12/2025 6:00,63,0,63,0.0,63,485.3,100,96,1.1,23.1,984.2
10495,3/12/2025 7:00,141,4,137,8.9,141,621.0,100,96,1.3,21.8,984.1
10496,3/12/2025 8:00,173,1,172,2.0,173,710.0,100,97,1.4,22.8,983.8
10497,3/12/2025 9:00,201,3,198,5.6,201,746.4,100,96,1.5,21.7,983.7
10498,3/12/2025 10:00,213,4,209,7.6,213,727.7,100,96,1.6,19.8,983.6
10499,3/12/2025 11:00,154,3,151,6.3,154,655.1,100,98,1.5,18.6,983.4
10500,3/12/2025 12:00,144,3,141,7.8,144,533.7,100,98,1.5,19.8,983.3
10501,3/12/2025 13:00,94,1,93,3.7,94,371.8,100,98,1.1,21.3,983.7
10502,3/12/2025 14:00,40,0,40,0.0,40,180.3,100,98,1.0,20.1,983.8
10503,3/12/2025 15:00,2,0,2,0.0,2,29.1,100,98,0.9,19.5,983.7
10504,3/12/2025 16:00,0,0,0,0.0,0,0.0,100,98,0.9,19.4,983.5
10505,3/12/2025 17:00,0,0,0,0.0,0,0.0,100,97,1.0,20.4,983.6
10506,3/12/2025 18:00,0,0,0,0.0,0,0.0,100,96,1.2,20.3,983.6
10507,3/12/2025 19:00,0,0,0,0.0,0,0.0,100,95,1.4,19.4,983.3
10508,3/12/2025 20:00,0,0,0,0.0,0,0.0,100,95,1.5,19.3,982.8
10509,3/12/2025 21:00,0,0,0,0.0,0,0.0,100,96,1.5,20.3,982.3
10510,3/12/2025 22:00,0,0,0,0.0,0,0.0,100,96,1.4,19.3,981.9
10511,3/12/2025 23:00,0,0,0,0.0,0,0.0,68,95,1.5,19.3,981.4
10512,3/13/2025 0:00,0,0,0,0.0,0,0.0,33,96,1.0,18.4,980.8
10513,3/13/2025 1:00,0,0,0,0.0,0,0.0,100,96,1.0,19.3,980.6
10514,3/13/2025 2:00,0,0,0,0.0,0,0.0,100,96,1.0,19.7,980.3
10515,3/13/2025 3:00,0,0,0,0.0,0,0.0,100,95,1.4,21.4,979.6
10516,3/13/2025 4:00,23,0,23,0.0,23,122.2,100,96,1.9,22.4,979.1
10517,3/13/2025 5:00,89,1,88,4.3,89,320.8,100,96,2.2,20.7,978.8
10518,3/13/2025 6:00,148,0,148,0.0,148,493.7,100,95,2.4,18.6,978.6
10519,3/13/2025 7:00,242,17,225,37.4,242,629.1,100,93,2.8,18.6,978.4
10520,3/13/2025 8:00,349,72,277,138.9,349,717.9,99,90,3.5,19.0,978.5
10521,3/13/2025 9:00,383,118,265,216.8,383,754.1,88,88,3.9,19.4,978.1
10522,3/13/2025 10:00,422,159,263,299.6,422,735.1,38,86,4.2,17.1,978.4
10523,3/13/2025 11:00,458,298,160,623.3,458,662.3,100,84,4.6,16.1,978.6
10524,3/13/2025 12:00,114,8,106,20.5,114,540.7,100,89,3.6,15.9,979.1
10525,3/13/2025 13:00,98,3,95,11.0,98,378.6,100,90,3.7,15.7,980.4
10526,3/13/2025 14:00,44,0,44,0.0,44,187.1,100,92,3.5,16.0,981.1
10527,3/13/2025 15:00,2,0,2,0.0,2,32.5,100,93,3.4,17.5,981.9
10528,3/13/2025 16:00,0,0,0,0.0,0,0.0,100,94,3.4,17.8,982.6
10529,3/13/2025 17:00,0,0,0,0.0,0,0.0,100,94,3.2,14.1,983.2
10530,3/13/2025 18:00,0,0,0,0.0,0,0.0,100,93,3.0,12.4,984.1
10531,3/13/2025 19:00,0,0,0,0.0,0,0.0,98,93,2.7,11.9,985.0
10532,3/13/2025 20:00,0,0,0,0.0,0,0.0,85,94,2.3,11.8,985.5
10533,3/13/2025 21:00,0,0,0,0.0,0,0.0,49,95,1.5,10.1,985.9
10534,3/13/2025 22:00,0,0,0,0.0,0,0.0,32,96,0.6,9.7,986.5
10535,3/13/2025 23:00,0,0,0,0.0,0,0.0,74,96,-0.3,7.2,986.9
10536,3/14/2025 0:00,0,0,0,0.0,0,0.0,5,97,-1.5,6.1,986.8
10537,3/14/2025 1:00,0,0,0,0.0,0,0.0,100,97,-0.8,5.3,988.0
10538,3/14/2025 2:00,0,0,0,0.0,0,0.0,93,99,-2.2,6.6,988.2
10539,3/14/2025 3:00,0,0,0,0.0,0,3.1,100,96,-2.2,10.4,988.4
10540,3/14/2025 4:00,47,3,44,24.8,47,130.9,100,99,-1.0,13.8,988.8
10541,3/14/2025 5:00,136,9,127,37.8,136,329.3,100,99,-0.2,16.2,989.0
10542,3/14/2025 6:00,218,13,205,35.9,218,502.1,100,99,0.9,15.3,989.4
10543,3/14/2025 7:00,336,60,276,130.4,336,637.3,100,95,2.0,15.3,989.1
10544,3/14/2025 8:00,292,38,254,72.5,292,725.8,100,92,2.7,17.1,989.1
10545,3/14/2025 9:00,413,93,320,169.0,413,761.7,100,86,4.0,21.4,988.6
10546,3/14/2025 10:00,325,26,299,48.5,325,742.5,100,84,4.3,21.4,987.9
10547,3/14/2025 11:00,418,200,218,413.6,418,669.5,100,84,4.5,21.0,987.4
10548,3/14/2025 12:00,315,140,175,353.9,315,547.7,100,86,4.2,21.9,987.0
10549,3/14/2025 13:00,167,29,138,104.2,167,385.4,100,89,4.0,25.3,987.0
10550,3/14/2025 14:00,65,6,59,41.9,65,193.8,100,91,3.8,25.6,986.2
10551,3/14/2025 15:00,5,0,5,0.0,5,35.9,100,92,3.8,28.9,985.8
10552,3/14/2025 16:00,0,0,0,0.0,0,0.0,100,93,3.7,29.4,985.0
10553,3/14/2025 17:00,0,0,0,0.0,0,0.0,100,92,3.9,29.3,984.3
10554,3/14/2025 18:00,0,0,0,0.0,0,0.0,100,91,4.1,30.4,983.8
10555,3/14/2025 19:00,0,0,0,0.0,0,0.0,100,89,4.1,30.6,983.2
10556,3/14/2025 20:00,0,0,0,0.0,0,0.0,100,86,4.3,30.3,982.9
10557,3/14/2025 21:00,0,0,0,0.0,0,0.0,100,86,4.7,28.1,982.7
10558,3/14/2025 22:00,0,0,0,0.0,0,0.0,100,85,4.8,26.8,982.7
10559,3/14/2025 23:00,0,0,0,0.0,0,0.0,100,87,4.5,26.5,982.1
10560,3/15/2025 0:00,0,0,0,0.0,0,0.0,100,90,4.1,22.5,982.2
10561,3/15/2025 1:00,0,0,0,0.0,0,0.0,100,90,4.2,21.0,982.2
10562,3/15/2025 2:00,0,0,0,0.0,0,0.0,34,93,3.3,16.2,982.7
10563,3/15/2025 3:00,1,0,1,0.0,1,7.5,1,94,3.1,16.7,982.8
10564,3/15/2025 4:00,62,29,33,233.7,62,139.6,0,94,3.0,14.7,983.2
10565,3/15/2025 5:00,200,130,70,532.4,200,337.9,0,92,3.5,13.5,983.6
10566,3/15/2025 6:00,343,249,94,675.1,343,510.4,1,89,4.1,10.7,984.1
10567,3/15/2025 7:00,462,353,109,756.9,462,645.4,7,85,4.8,8.1,984.4
10568,3/15/2025 8:00,541,422,119,795.9,541,733.7,0,82,5.6,7.1,984.5
10569,3/15/2025 9:00,574,455,119,818.4,574,769.3,0,79,6.0,5.2,984.4
10570,3/15/2025 10:00,557,439,118,810.2,557,749.8,48,77,6.3,4.3,984.6
10571,3/15/2025 11:00,491,379,112,775.1,491,676.6,100,74,6.6,2.2,984.4
10572,3/15/2025 12:00,372,251,121,626.2,372,554.6,100,75,5.9,4.5,984.7
10573,3/15/2025 13:00,210,77,133,271.6,210,392.2,100,78,5.3,7.5,984.2
10574,3/15/2025 14:00,88,20,68,137.1,88,200.6,100,85,3.5,6.5,983.4
10575,3/15/2025 15:00,8,0,8,0.0,8,39.2,100,89,2.3,2.6,983.0
10576,3/15/2025 16:00,0,0,0,0.0,0,0.0,100,90,1.6,3.8,983.5
10577,3/15/2025 17:00,0,0,0,0.0,0,0.0,100,91,0.6,5.6,983.0
10578,3/15/2025 18:00,0,0,0,0.0,0,0.0,100,90,-0.1,9.3,983.0
10579,3/15/2025 19:00,0,0,0,0.0,0,0.0,98,87,1.4,12.4,983.0
10580,3/15/2025 20:00,0,0,0,0.0,0,0.0,100,85,0.4,12.8,982.8
10581,3/15/2025 21:00,0,0,0,0.0,0,0.0,100,83,0.2,13.2,982.8
10582,3/15/2025 22:00,0,0,0,0.0,0,0.0,100,81,0.6,15.4,982.4
10583,3/15/2025 23:00,0,0,0,0.0,0,0.0,100,82,1.1,14.5,982.9
10584,3/16/2025 0:00,0,0,0,0.0,0,0.0,100,86,0.9,17.5,983.2
10585,3/16/2025 1:00,0,0,0,0.0,0,0.0,100,90,1.1,19.4,982.6
10586,3/16/2025 2:00,0,0,0,0.0,0,0.0,100,93,0.9,21.9,982.5
10587,3/16/2025 3:00,0,0,0,0.0,0,11.9,100,94,0.9,23.6,981.3
10588,3/16/2025 4:00,9,0,9,0.0,9,148.4,100,93,1.0,23.3,980.5
10589,3/16/2025 5:00,30,0,30,0.0,30,346.5,100,93,1.1,20.6,980.3
10590,3/16/2025 6:00,91,0,91,0.0,91,518.8,100,91,1.5,17.6,979.5
10591,3/16/2025 7:00,135,1,134,2.1,135,653.6,100,90,1.7,13.1,979.2
10592,3/16/2025 8:00,124,1,123,1.9,124,741.6,100,91,1.6,11.3,978.4
10593,3/16/2025 9:00,207,1,206,1.8,207,776.9,100,90,2.1,8.1,977.6
10594,3/16/2025 10:00,117,0,117,0.0,117,757.1,100,91,1.9,8.9,976.6
10595,3/16/2025 11:00,136,0,136,0.0,136,683.7,100,91,1.9,7.6,976.3
10596,3/16/2025 12:00,70,0,70,0.0,70,561.5,100,93,1.5,6.9,975.8
10597,3/16/2025 13:00,30,0,30,0.0,30,399.0,100,93,1.4,5.3,975.3
10598,3/16/2025 14:00,14,0,14,0.0,14,207.3,100,94,1.4,5.8,974.6
10599,3/16/2025 15:00,1,0,1,0.0,1,42.6,100,98,1.2,3.8,973.4
10600,3/16/2025 16:00,0,0,0,0.0,0,0.0,100,100,1.2,4.1,972.8
10601,3/16/2025 17:00,0,0,0,0.0,0,0.0,100,100,1.2,3.8,972.4
10602,3/16/2025 18:00,0,0,0,0.0,0,0.0,100,100,0.9,3.0,971.6
10603,3/16/2025 19:00,0,0,0,0.0,0,0.0,100,99,0.8,5.9,971.5
10604,3/16/2025 20:00,0,0,0,0.0,0,0.0,100,99,0.2,5.7,971.3
10605,3/16/2025 21:00,0,0,0,0.0,0,0.0,100,99,0.0,5.7,971.7
10606,3/16/2025 22:00,0,0,0,0.0,0,0.0,100,99,0.1,5.8,972.2
10607,3/16/2025 23:00,0,0,0,0.0,0,0.0,100,99,0.0,8.3,972.5
10608,3/17/2025 0:00,0,0,0,0.0,0,0.0,100,99,-0.1,7.7,972.7
10609,3/17/2025 1:00,0,0,0,0.0,0,0.0,100,100,0.0,8.3,973.7
10610,3/17/2025 2:00,0,0,0,0.0,0,0.0,100,100,-0.1,9.1,974.4
10611,3/17/2025 3:00,1,0,1,0.0,1,16.3,100,100,-0.2,8.3,974.6
10612,3/17/2025 4:00,31,0,31,0.0,31,157.1,100,99,-0.1,6.7,974.8
10613,3/17/2025 5:00,110,1,109,3.9,110,355.1,100,95,0.3,6.3,975.1
10614,3/17/2025 6:00,186,4,182,10.5,186,527.2,100,93,0.8,6.9,975.2
10615,3/17/2025 7:00,214,8,206,16.7,214,661.7,100,91,1.1,3.8,975.5
10616,3/17/2025 8:00,260,8,252,14.8,260,749.4,100,90,1.4,3.0,975.7
10617,3/17/2025 9:00,268,4,264,7.0,268,784.4,100,89,1.5,2.5,975.7
10618,3/17/2025 10:00,241,3,238,5.4,241,764.4,100,89,1.6,1.6,975.7
10619,3/17/2025 11:00,180,1,179,2.0,180,690.7,100,89,1.6,2.2,975.4
10620,3/17/2025 12:00,158,1,157,2.4,158,568.4,100,88,1.6,2.8,975.1
10621,3/17/2025 13:00,118,3,115,10.2,118,405.8,100,88,1.6,1.9,975.8
10622,3/17/2025 14:00,58,0,58,0.0,58,214.0,100,89,1.4,3.7,975.8
10623,3/17/2025 15:00,6,0,6,0.0,6,46.0,100,93,0.8,6.8,975.8
10624,3/17/2025 16:00,0,0,0,0.0,0,0.0,100,94,0.5,6.3,975.8
10625,3/17/2025 17:00,0,0,0,0.0,0,0.0,100,93,0.6,7.2,975.7
10626,3/17/2025 18:00,0,0,0,0.0,0,0.0,100,92,0.8,8.6,975.6
10627,3/17/2025 19:00,0,0,0,0.0,0,0.0,100,92,0.8,9.3,975.8
10628,3/17/2025 20:00,0,0,0,0.0,0,0.0,100,93,0.4,7.3,976.0
10629,3/17/2025 21:00,0,0,0,0.0,0,0.0,90,93,0.3,9.2,975.9
10630,3/17/2025 22:00,0,0,0,0.0,0,0.0,100,93,-1.1,10.1,976.0
10631,3/17/2025 23:00,0,0,0,0.0,0,0.0,100,91,-0.4,10.9,976.4
10632,3/18/2025 0:00,0,0,0,0.0,0,0.0,100,91,-0.4,11.0,976.7
10633,3/18/2025 1:00,0,0,0,0.0,0,0.0,100,88,0.1,10.8,977.3
10634,3/18/2025 2:00,0,0,0,0.0,0,0.0,100,87,-0.2,9.7,977.8
10635,3/18/2025 3:00,2,0,2,0.0,2,20.7,100,86,-0.3,8.7,978.3
10636,3/18/2025 4:00,59,9,50,67.3,59,165.9,100,85,-0.3,9.3,978.5
10637,3/18/2025 5:00,181,62,119,235.5,181,363.7,99,80,0.2,9.5,979.3
10638,3/18/2025 6:00,341,194,147,500.5,341,535.5,100,74,0.9,10.2,979.5
10639,3/18/2025 7:00,428,197,231,406.4,428,669.7,100,72,1.4,10.5,979.6
10640,3/18/2025 8:00,499,251,248,458.0,499,757.2,100,69,1.7,9.6,980.2
10641,3/18/2025 9:00,458,110,348,191.9,458,791.9,100,67,1.9,9.1,980.8
10642,3/18/2025 10:00,473,172,301,307.9,473,771.6,100,65,2.1,9.9,981.0
10643,3/18/2025 11:00,440,185,255,366.3,440,697.7,100,65,2.2,11.4,981.3
10644,3/18/2025 12:00,363,191,172,458.7,363,575.2,100,67,2.0,10.7,981.1
10645,3/18/2025 13:00,175,15,160,50.2,175,412.5,100,74,1.4,8.2,981.6
10646,3/18/2025 14:00,81,8,73,50.1,81,220.7,100,78,0.2,7.7,981.4
10647,3/18/2025 15:00,10,0,10,0.0,10,49.3,100,81,-1.1,7.5,981.8
10648,3/18/2025 16:00,0,0,0,0.0,0,0.0,100,80,-0.9,10.3,981.5
10649,3/18/2025 17:00,0,0,0,0.0,0,0.0,100,81,-1.8,9.0,981.9
10650,3/18/2025 18:00,0,0,0,0.0,0,0.0,100,81,-1.6,11.7,982.2
10651,3/18/2025 19:00,0,0,0,0.0,0,0.0,100,79,-1.6,11.9,982.0
10652,3/18/2025 20:00,0,0,0,0.0,0,0.0,100,80,-1.5,13.1,982.0
10653,3/18/2025 21:00,0,0,0,0.0,0,0.0,100,79,-1.5,14.5,981.3
10654,3/18/2025 22:00,0,0,0,0.0,0,0.0,100,81,-1.9,13.0,981.6
10655,3/18/2025 23:00,0,0,0,0.0,0,0.0,100,83,-2.0,13.4,981.8
10656,3/19/2025 0:00,0,0,0,0.0,0,0.0,100,84,-1.9,12.5,982.5
10657,3/19/2025 1:00,0,0,0,0.0,0,0.0,100,86,-0.9,15.0,982.1
10658,3/19/2025 2:00,0,0,0,0.0,0,0.0,100,86,-1.6,14.5,982.4
10659,3/19/2025 3:00,2,0,2,0.0,2,25.1,95,83,-1.5,15.8,982.5
10660,3/19/2025 4:00,76,22,54,160.5,76,174.6,99,82,-2.0,15.1,983.3
10661,3/19/2025 5:00,180,52,128,192.9,180,372.2,90,81,-1.1,14.7,983.4
10662,3/19/2025 6:00,361,233,128,591.6,361,543.8,76,77,-0.4,14.5,983.9
10663,3/19/2025 7:00,485,349,136,711.0,485,677.8,70,74,0.1,14.6,984.2
10664,3/19/2025 8:00,578,455,123,821.4,578,764.9,44,70,0.6,14.5,984.3
10665,3/19/2025 9:00,611,488,123,842.9,611,799.3,100,68,1.0,13.7,984.6
10666,3/19/2025 10:00,565,376,189,666.6,565,778.8,100,66,1.3,11.9,984.7
10667,3/19/2025 11:00,500,334,166,654.5,500,704.6,52,66,1.5,11.2,984.8
10668,3/19/2025 12:00,406,291,115,690.4,406,581.9,28,66,1.5,9.9,984.9
10669,3/19/2025 13:00,228,89,139,293.2,228,419.1,82,71,1.4,5.0,985.0
10670,3/19/2025 14:00,100,27,73,164.0,100,227.4,69,74,-0.3,3.2,984.8
10671,3/19/2025 15:00,14,4,10,49.0,14,52.7,52,77,-2.5,6.1,985.0
10672,3/19/2025 16:00,0,0,0,0.0,0,0.0,91,82,-3.5,7.3,985.2
10673,3/19/2025 17:00,0,0,0,0.0,0,0.0,93,85,-4.7,7.3,985.2
10674,3/19/2025 18:00,0,0,0,0.0,0,0.0,29,85,-5.0,7.4,985.3
10675,3/19/2025 19:00,0,0,0,0.0,0,0.0,3,86,-5.2,8.9,985.7
10676,3/19/2025 20:00,0,0,0,0.0,0,0.0,0,87,-5.9,7.4,985.8
10677,3/19/2025 21:00,0,0,0,0.0,0,0.0,0,91,-7.7,6.5,985.3
10678,3/19/2025 22:00,0,0,0,0.0,0,0.0,0,90,-7.9,7.7,985.1
10679,3/19/2025 23:00,0,0,0,0.0,0,0.0,0,81,-7.2,9.5,985.2
10680,3/20/2025 0:00,0,0,0,0.0,0,0.0,0,75,-7.0,10.8,985.3
10681,3/20/2025 1:00,0,0,0,0.0,0,0.0,0,77,-5.0,12.9,985.3
10682,3/20/2025 2:00,0,0,0,0.0,0,0.0,0,78,-5.4,13.1,985.3
10683,3/20/2025 3:00,5,1,4,15.4,5,29.6,0,79,-5.4,15.6,985.5
10684,3/20/2025 4:00,96,52,44,370.7,96,183.4,0,76,-4.2,16.4,985.6
10685,3/20/2025 5:00,244,167,77,605.3,244,380.8,92,75,-2.3,16.5,985.9
10686,3/20/2025 6:00,311,133,178,332.5,311,552.1,100,72,-0.8,17.7,986.0
10687,3/20/2025 7:00,327,55,272,110.7,327,685.7,100,74,-0.2,18.7,986.0
10688,3/20/2025 8:00,227,12,215,21.4,227,772.6,100,78,0.0,19.5,986.4
10689,3/20/2025 9:00,306,8,298,13.7,306,806.7,58,78,0.8,22.4,986.3
10690,3/20/2025 10:00,551,341,210,598.8,551,785.9,55,75,1.6,22.4,986.6
10691,3/20/2025 11:00,433,219,214,424.7,433,711.5,78,74,2.0,22.3,987.1
10692,3/20/2025 12:00,287,118,169,276.6,287,588.7,43,74,2.0,17.3,987.3
10693,3/20/2025 13:00,248,141,107,456.9,248,425.8,57,79,1.5,17.7,987.8
10694,3/20/2025 14:00,107,44,63,259.5,107,234.0,5,82,0.6,15.4,988.2
10695,3/20/2025 15:00,16,5,11,59.5,16,56.0,23,86,-0.8,13.4,988.8
10696,3/20/2025 16:00,0,0,0,0.0,0,0.0,12,88,-1.4,12.5,989.7
10697,3/20/2025 17:00,0,0,0,0.0,0,0.0,78,89,-2.1,10.0,990.4
10698,3/20/2025 18:00,0,0,0,0.0,0,0.0,30,88,-2.1,9.4,991.1
10699,3/20/2025 19:00,0,0,0,0.0,0,0.0,0,87,-3.3,9.1,991.6
10700,3/20/2025 20:00,0,0,0,0.0,0,0.0,0,83,-4.1,9.3,991.9
10701,3/20/2025 21:00,0,0,0,0.0,0,0.0,0,79,-5.0,8.9,992.4
10702,3/20/2025 22:00,0,0,0,0.0,0,0.0,0,79,-5.9,8.7,992.8
10703,3/20/2025 23:00,0,0,0,0.0,0,0.0,0,80,-6.8,8.0,993.1
10704,3/21/2025 0:00,0,0,0,0.0,0,0.0,8,84,-7.9,7.4,993.5
10705,3/21/2025 1:00,0,0,0,0.0,0,0.0,0,85,-6.6,8.3,994.0
10706,3/21/2025 2:00,0,0,0,0.0,0,0.0,13,87,-6.6,8.8,994.7
10707,3/21/2025 3:00,6,1,5,14.7,6,34.0,100,86,-6.4,9.2,995.1
10708,3/21/2025 4:00,88,30,58,209.0,88,192.1,59,80,-4.1,11.7,995.8
10709,3/21/2025 5:00,230,124,106,439.4,230,389.2,14,76,-2.0,13.6,996.5
10710,3/21/2025 6:00,392,288,104,708.9,392,560.3,4,70,-0.3,10.7,997.2
10711,3/21/2025 7:00,512,395,117,785.4,512,693.7,0,65,1.2,10.6,997.6
10712,3/21/2025 8:00,591,466,125,823.8,591,780.2,72,61,2.4,11.7,997.4
10713,3/21/2025 9:00,617,481,136,814.9,617,814.0,98,58,3.2,12.1,997.4
10714,3/21/2025 10:00,591,442,149,768.8,591,792.9,100,57,3.8,13.1,997.1
10715,3/21/2025 11:00,436,166,270,318.7,436,718.3,100,60,4.0,12.5,996.8
10716,3/21/2025 12:00,331,108,223,250.2,331,595.3,99,63,3.7,13.9,996.6
10717,3/21/2025 13:00,243,98,145,312.6,243,432.4,40,65,3.3,14.9,996.5
10718,3/21/2025 14:00,128,67,61,384.1,128,240.5,5,65,2.1,16.4,996.3
10719,3/21/2025 15:00,18,6,12,69.4,18,59.3,16,68,0.4,14.9,996.4
10720,3/21/2025 16:00,0,0,0,0.0,0,0.0,14,70,-0.2,13.6,996.3
10721,3/21/2025 17:00,0,0,0,0.0,0,0.0,18,72,-1.0,12.3,996.0
10722,3/21/2025 18:00,0,0,0,0.0,0,0.0,69,70,-1.2,16.1,996.0
10723,3/21/2025 19:00,0,0,0,0.0,0,0.0,80,69,-1.2,17.1,995.9
10724,3/21/2025 20:00,0,0,0,0.0,0,0.0,80,69,-1.7,17.3,995.6
10725,3/21/2025 21:00,0,0,0,0.0,0,0.0,98,70,-2.1,17.2,995.1
10726,3/21/2025 22:00,0,0,0,0.0,0,0.0,97,70,-2.0,17.8,994.9
10727,3/21/2025 23:00,0,0,0,0.0,0,0.0,84,71,-2.2,18.3,994.8
10728,3/22/2025 0:00,0,0,0,0.0,0,0.0,90,72,-2.6,17.3,994.4
10729,3/22/2025 1:00,0,0,0,0.0,0,0.0,93,76,-1.5,16.0,994.5
10730,3/22/2025 2:00,0,0,0,0.0,0,0.0,98,79,-2.0,15.2,994.2
10731,3/22/2025 3:00,6,0,6,0.0,6,38.3,96,81,-1.5,13.2,994.3
10732,3/22/2025 4:00,62,13,49,88.6,62,200.7,94,81,-0.4,13.2,994.7
10733,3/22/2025 5:00,179,43,136,149.1,179,397.7,85,81,0.6,9.4,995.1
10734,3/22/2025 6:00,347,167,180,405.0,347,568.5,100,79,1.5,9.8,995.5
10735,3/22/2025 7:00,362,90,272,176.9,362,701.5,99,78,2.0,6.9,996.1
10736,3/22/2025 8:00,478,212,266,371.0,478,787.7,99,74,2.4,9.3,996.6
10737,3/22/2025 9:00,477,170,307,285.3,477,821.3,100,84,1.5,15.3,997.1
10738,3/22/2025 10:00,286,8,278,13.8,286,799.9,100,88,0.9,17.6,997.9
10739,3/22/2025 11:00,124,0,124,0.0,124,725.1,100,89,0.2,20.3,998.8
10740,3/22/2025 12:00,140,2,138,4.6,140,601.9,100,85,0.2,20.7,999.5
10741,3/22/2025 13:00,132,12,120,37.7,132,438.9,100,85,0.4,19.2,999.5
10742,3/22/2025 14:00,67,4,63,22.3,67,247.1,94,80,0.1,18.6,999.9
10743,3/22/2025 15:00,13,1,12,11.2,13,62.6,9,78,-0.8,18.4,1000.6
10744,3/22/2025 16:00,0,0,0,0.0,0,0.0,0,77,-2.5,17.4,1001.4
10745,3/22/2025 17:00,0,0,0,0.0,0,0.0,0,77,-3.8,16.1,1002.2
10746,3/22/2025 18:00,0,0,0,0.0,0,0.0,0,77,-5.2,15.7,1002.9
10747,3/22/2025 19:00,0,0,0,0.0,0,0.0,0,76,-6.4,15.1,1003.3
10748,3/22/2025 20:00,0,0,0,0.0,0,0.0,0,76,-7.3,14.3,1003.5
10749,3/22/2025 21:00,0,0,0,0.0,0,0.0,0,75,-8.0,13.5,1003.7
10750,3/22/2025 22:00,0,0,0,0.0,0,0.0,0,75,-8.7,12.2,1003.7
10751,3/22/2025 23:00,0,0,0,0.0,0,0.0,0,76,-9.5,11.1,1003.7
10752,3/23/2025 0:00,0,0,0,0.0,0,0.0,0,77,-10.3,10.5,1003.7
10753,3/23/2025 1:00,0,0,0,0.0,0,0.0,0,77,-9.5,9.6,1003.6
10754,3/23/2025 2:00,0,0,0,0.0,0,0.0,0,77,-10.4,9.0,1003.9
10755,3/23/2025 3:00,10,3,7,40.2,10,42.7,0,77,-10.6,9.1,1004.4
10756,3/23/2025 4:00,116,65,51,427.8,116,209.4,0,75,-8.7,9.8,1004.7
10757,3/23/2025 5:00,273,191,82,648.1,273,406.1,0,73,-5.8,8.8,1005.2
10758,3/23/2025 6:00,424,321,103,767.0,424,576.6,0,71,-3.2,6.7,1005.5
10759,3/23/2025 7:00,545,430,115,835.2,545,709.3,0,64,-1.4,7.9,1005.7
10760,3/23/2025 8:00,624,500,124,866.2,624,795.2,0,54,-0.3,10.5,1005.5
10761,3/23/2025 9:00,656,529,127,879.7,656,828.5,0,53,0.0,10.5,1005.2
10762,3/23/2025 10:00,635,511,124,872.5,635,806.8,0,54,0.3,10.6,1004.8
10763,3/23/2025 11:00,565,447,118,841.5,565,731.8,0,56,0.5,11.4,1004.5
10764,3/23/2025 12:00,450,345,105,781.0,450,608.5,0,57,0.3,11.4,1004.2
10765,3/23/2025 13:00,304,218,86,674.3,304,445.4,0,64,0.1,9.3,1003.5
10766,3/23/2025 14:00,147,89,58,483.4,147,253.6,0,68,-1.8,7.7,1002.7
10767,3/23/2025 15:00,23,9,14,98.5,23,65.9,0,73,-4.4,8.4,1002.2
10768,3/23/2025 16:00,0,0,0,0.0,0,0.0,0,75,-4.9,9.8,1002.4
10769,3/23/2025 17:00,0,0,0,0.0,0,0.0,0,74,-5.2,11.1,1002.7
10770,3/23/2025 18:00,0,0,0,0.0,0,0.0,0,72,-5.4,11.0,1002.6
10771,3/23/2025 19:00,0,0,0,0.0,0,0.0,0,69,-5.6,10.9,1002.6
10772,3/23/2025 20:00,0,0,0,0.0,0,0.0,0,69,-5.8,11.0,1002.5
10773,3/23/2025 21:00,0,0,0,0.0,0,0.0,0,70,-6.1,10.5,1002.4
10774,3/23/2025 22:00,0,0,0,0.0,0,0.0,0,72,-6.4,10.2,1002.3
10775,3/23/2025 23:00,0,0,0,0.0,0,0.0,0,73,-6.6,10.4,1002.4
10776,3/24/2025 0:00,0,0,0,0.0,0,0.0,0,74,-6.8,10.3,1002.5
10777,3/24/2025 1:00,0,0,0,0.0,0,0.0,0,76,-6.7,10.0,1002.3
10778,3/24/2025 2:00,0,0,0,0.0,0,0.0,0,77,-7.2,9.0,1002.3
10779,3/24/2025 3:00,11,3,8,38.6,11,47.0,0,78,-7.4,8.9,1002.8
10780,3/24/2025 4:00,114,63,51,398.1,114,217.9,0,77,-5.7,8.8,1003.4
10781,3/24/2025 5:00,264,182,82,604.8,264,414.4,0,75,-3.5,7.5,1004.0
10782,3/24/2025 6:00,407,304,103,716.0,407,584.6,0,72,-1.6,6.4,1004.4
10783,3/24/2025 7:00,522,404,118,775.8,522,717.0,1,71,-0.2,8.0,1004.6
10784,3/24/2025 8:00,597,470,127,806.3,597,802.6,0,69,0.9,8.2,1004.5
10785,3/24/2025 9:00,626,497,129,819.0,626,835.5,0,69,1.8,7.3,1004.4
10786,3/24/2025 10:00,605,478,127,808.9,605,813.6,0,68,2.2,6.0,1004.5
10787,3/24/2025 11:00,537,417,120,777.5,537,738.4,0,69,2.4,5.8,1004.7
10788,3/24/2025 12:00,428,320,108,716.4,428,615.0,3,69,2.3,5.6,1004.7
10789,3/24/2025 13:00,287,197,90,600.3,287,451.8,7,73,2.3,4.5,1004.8
10790,3/24/2025 14:00,137,75,62,397.1,137,260.1,39,73,1.2,3.6,1004.5
10791,3/24/2025 15:00,23,7,16,74.7,23,69.1,75,76,-0.6,3.8,1004.4
10792,3/24/2025 16:00,0,0,0,0.0,0,0.0,34,79,-1.2,4.4,1004.5
10793,3/24/2025 17:00,0,0,0,0.0,0,0.0,65,81,-2.0,4.8,1004.5
10794,3/24/2025 18:00,0,0,0,0.0,0,0.0,89,82,-1.9,5.4,1004.4
10795,3/24/2025 19:00,0,0,0,0.0,0,0.0,40,84,-1.5,6.4,1004.5
10796,3/24/2025 20:00,0,0,0,0.0,0,0.0,6,83,-2.8,6.7,1004.4
10797,3/24/2025 21:00,0,0,0,0.0,0,0.0,5,83,-4.0,6.7,1004.2
10798,3/24/2025 22:00,0,0,0,0.0,0,0.0,0,83,-4.7,6.9,1003.9
10799,3/24/2025 23:00,0,0,0,0.0,0,0.0,0,82,-4.9,7.0,1003.9
10800,3/25/2025 0:00,0,0,0,0.0,0,0.0,0,82,-5.0,7.2,1003.9
10801,3/25/2025 1:00,0,0,0,0.0,0,0.0,32,84,-4.9,7.1,1004.1
10802,3/25/2025 2:00,0,0,0,0.0,0,0.0,55,85,-5.3,6.4,1004.1
10803,3/25/2025 3:00,12,2,10,24.7,12,51.3,59,84,-4.5,6.5,1004.3
10804,3/25/2025 4:00,104,41,63,249.2,104,226.4,58,84,-2.5,7.8,1004.4
10805,3/25/2025 5:00,242,132,110,429.9,242,422.6,69,81,-0.3,8.0,1004.3
10806,3/25/2025 6:00,350,189,161,439.0,350,592.5,57,78,1.0,7.8,1004.3
10807,3/25/2025 7:00,438,237,201,450.1,438,724.6,51,75,1.9,8.3,1004.4
10808,3/25/2025 8:00,492,269,223,457.1,492,809.9,72,74,2.5,9.2,1004.2
10809,3/25/2025 9:00,472,200,272,326.7,472,842.5,72,74,3.0,8.5,1003.6
10810,3/25/2025 10:00,460,181,279,303.6,460,820.4,52,74,3.3,8.9,1003.3
10811,3/25/2025 11:00,460,255,205,471.0,460,744.9,27,75,3.5,9.8,1002.8
10812,3/25/2025 12:00,402,252,150,558.0,402,621.4,2,77,3.5,9.8,1002.3
10813,3/25/2025 13:00,293,200,93,600.6,293,458.2,8,78,3.3,12.9,1002.4
10814,3/25/2025 14:00,144,82,62,423.4,144,266.5,1,79,2.8,13.3,1002.1
10815,3/25/2025 15:00,26,10,16,104.0,26,72.4,1,81,1.9,14.5,1001.6
10816,3/25/2025 16:00,0,0,0,0.0,0,0.0,1,81,1.6,15.3,1001.3
10817,3/25/2025 17:00,0,0,0,0.0,0,0.0,0,80,1.5,15.1,1001.1
10818,3/25/2025 18:00,0,0,0,0.0,0,0.0,15,80,1.2,15.2,1000.9
10819,3/25/2025 19:00,0,0,0,0.0,0,0.0,12,80,1.1,16.9,1001.1
10820,3/25/2025 20:00,0,0,0,0.0,0,0.0,14,81,0.8,16.9,1001.2
10821,3/25/2025 21:00,0,0,0,0.0,0,0.0,15,81,0.3,16.9,1001.0
10822,3/25/2025 22:00,0,0,0,0.0,0,0.0,39,79,-0.2,16.2,1000.8
10823,3/25/2025 23:00,0,0,0,0.0,0,0.0,77,77,-0.9,15.6,1000.8
10824,3/26/2025 0:00,0,0,0,0.0,0,0.0,91,76,-1.4,16.0,1000.8
10825,3/26/2025 1:00,0,0,0,0.0,0,0.0,98,78,-1.0,17.1,1001.0
10826,3/26/2025 2:00,0,0,0,0.0,0,0.0,100,81,-1.5,17.3,1001.0
10827,3/26/2025 3:00,15,3,12,35.7,15,55.6,100,82,-1.5,17.6,1000.8
10828,3/26/2025 4:00,112,42,70,246.0,112,234.8,60,80,-0.6,17.4,1000.8
10829,3/26/2025 5:00,270,180,90,574.8,270,430.8,56,78,0.4,14.3,1000.9
10830,3/26/2025 6:00,413,299,114,685.0,413,600.4,100,73,1.5,14.8,1000.8
10831,3/26/2025 7:00,528,393,135,738.3,528,732.2,99,70,2.5,14.7,1000.5
10832,3/26/2025 8:00,595,423,172,712.0,595,817.1,98,69,3.3,15.2,999.9
10833,3/26/2025 9:00,633,468,165,757.7,633,849.5,100,66,4.2,12.8,999.5
10834,3/26/2025 10:00,631,499,132,829.8,631,827.0,80,61,4.8,12.3,998.8
10835,3/26/2025 11:00,564,440,124,805.3,564,751.4,34,61,4.8,14.2,998.2
10836,3/26/2025 12:00,453,344,109,753.6,453,627.7,20,65,4.5,14.0,997.7
10837,3/26/2025 13:00,308,218,90,645.4,308,464.5,8,71,3.7,13.4,997.7
10838,3/26/2025 14:00,155,94,61,473.8,155,272.8,1,74,2.8,13.6,997.6
10839,3/26/2025 15:00,29,12,17,121.8,29,75.6,0,75,1.1,13.9,997.6
10840,3/26/2025 16:00,0,0,0,0.0,0,0.0,0,74,0.5,15.2,997.9
10841,3/26/2025 17:00,0,0,0,0.0,0,0.0,0,73,0.1,15.5,997.8
10842,3/26/2025 18:00,0,0,0,0.0,0,0.0,0,71,-0.2,16.2,997.5
10843,3/26/2025 19:00,0,0,0,0.0,0,0.0,0,71,-0.6,16.0,997.4
10844,3/26/2025 20:00,0,0,0,0.0,0,0.0,0,71,-1.4,14.2,997.4
10845,3/26/2025 21:00,0,0,0,0.0,0,0.0,2,73,-2.1,12.8,997.1
10846,3/26/2025 22:00,0,0,0,0.0,0,0.0,2,73,-2.5,13.4,996.9
10847,3/26/2025 23:00,0,0,0,0.0,0,0.0,1,73,-2.7,13.4,996.7
10848,3/27/2025 0:00,0,0,0,0.0,0,0.0,1,73,-2.9,13.7,996.7
10849,3/27/2025 1:00,0,0,0,0.0,0,0.0,31,75,-2.5,14.2,996.9
10850,3/27/2025 2:00,0,0,0,0.0,0,0.0,27,75,-2.8,14.1,997.1
10851,3/27/2025 3:00,18,6,12,68.9,18,59.8,3,77,-2.8,15.1,997.1
10852,3/27/2025 4:00,132,76,56,429.7,132,243.1,57,78,-1.2,15.7,997.7
10853,3/27/2025 5:00,271,163,108,510.6,271,438.8,44,80,0.3,14.2,997.6
10854,3/27/2025 6:00,419,291,128,657.8,419,608.1,65,77,1.5,12.7,997.8
10855,3/27/2025 7:00,536,403,133,749.0,536,739.6,16,74,2.5,10.5,997.8
10856,3/27/2025 8:00,624,496,128,827.2,624,824.2,3,71,3.5,9.5,997.6
10857,3/27/2025 9:00,656,528,128,847.6,656,856.3,15,70,4.1,9.8,997.2
10858,3/27/2025 10:00,637,511,126,842.6,637,833.6,79,71,4.2,10.9,996.7
10859,3/27/2025 11:00,564,437,127,792.6,564,757.8,8,74,4.0,12.1,996.5
10860,3/27/2025 12:00,452,340,112,737.0,452,634.0,6,75,3.8,12.4,996.1
10861,3/27/2025 13:00,309,214,95,624.8,309,470.8,3,76,3.7,14.2,996.5
10862,3/27/2025 14:00,155,89,66,438.2,155,279.1,1,80,2.6,14.5,996.2
10863,3/27/2025 15:00,31,12,19,119.0,31,78.7,0,83,1.5,14.2,996.0
10864,3/27/2025 16:00,0,0,0,0.0,0,0.0,1,84,0.9,13.6,995.9
10865,3/27/2025 17:00,0,0,0,0.0,0,0.0,8,84,0.4,12.4,995.9
10866,3/27/2025 18:00,0,0,0,0.0,0,0.0,6,83,0.1,12.0,995.8
10867,3/27/2025 19:00,0,0,0,0.0,0,0.0,14,82,-0.2,11.8,996.0
10868,3/27/2025 20:00,0,0,0,0.0,0,0.0,12,81,-0.6,11.5,995.9
10869,3/27/2025 21:00,0,0,0,0.0,0,0.0,3,80,-0.9,10.6,995.6
10870,3/27/2025 22:00,0,0,0,0.0,0,0.0,0,80,-1.5,10.2,995.3
10871,3/27/2025 23:00,0,0,0,0.0,0,0.0,0,80,-2.2,8.6,995.1
10872,3/28/2025 0:00,0,0,0,0.0,0,0.0,0,80,-2.9,8.6,994.9
10873,3/28/2025 1:00,0,0,0,0.0,0,0.0,0,81,-2.9,8.7,995.4
10874,3/28/2025 2:00,0,0,0,0.0,0,0.0,0,82,-3.7,8.1,995.5
10875,3/28/2025 3:00,20,7,13,77.6,20,64.0,0,82,-3.2,9.0,995.4
10876,3/28/2025 4:00,138,81,57,442.7,138,251.4,0,80,-1.2,9.3,995.7
10877,3/28/2025 5:00,292,207,85,636.6,292,446.8,0,79,0.7,8.5,995.9
10878,3/28/2025 6:00,439,335,104,747.4,439,615.8,0,75,2.1,6.4,996.0
10879,3/28/2025 7:00,557,441,116,811.2,557,746.9,0,71,3.2,6.0,995.8
10880,3/28/2025 8:00,634,511,123,844.6,634,831.2,0,68,4.1,5.7,995.7
10881,3/28/2025 9:00,663,537,126,854.8,663,863.0,0,66,4.7,5.1,995.4
10882,3/28/2025 10:00,641,518,123,847.0,641,840.1,0,65,5.0,5.1,994.8
10883,3/28/2025 11:00,571,454,117,816.2,571,764.1,0,63,5.1,6.2,994.6
10884,3/28/2025 12:00,459,354,105,759.5,459,640.2,0,63,4.8,6.5,994.1
10885,3/28/2025 13:00,316,229,87,659.5,316,477.0,0,69,4.2,7.0,994.4
10886,3/28/2025 14:00,162,100,62,481.3,162,285.4,1,72,3.2,8.5,994.3
10887,3/28/2025 15:00,33,14,19,135.7,33,81.9,8,77,1.0,9.9,994.0
10888,3/28/2025 16:00,0,0,0,0.0,0,0.0,18,79,0.2,10.1,993.9
10889,3/28/2025 17:00,0,0,0,0.0,0,0.0,4,81,-0.7,9.4,993.8
10890,3/28/2025 18:00,0,0,0,0.0,0,0.0,2,82,-1.5,7.6,993.2
10891,3/28/2025 19:00,0,0,0,0.0,0,0.0,10,83,-2.3,7.2,993.2
10892,3/28/2025 20:00,0,0,0,0.0,0,0.0,69,84,-2.7,7.4,993.1
10893,3/28/2025 21:00,0,0,0,0.0,0,0.0,100,84,-2.8,7.0,992.9
10894,3/28/2025 22:00,0,0,0,0.0,0,0.0,100,84,-3.0,7.6,992.6
10895,3/28/2025 23:00,0,0,0,0.0,0,0.0,100,83,-2.5,7.8,992.7
10896,3/29/2025 0:00,0,0,0,0.0,0,0.0,99,81,-2.3,7.9,992.6
10897,3/29/2025 1:00,0,0,0,0.0,0,0.0,2,82,-3.2,8.2,993.0
10898,3/29/2025 2:00,0,0,0,0.0,0,0.0,43,82,-4.0,7.9,993.1
10899,3/29/2025 3:00,22,7,15,75.1,22,68.2,100,82,-3.5,7.6,993.1
10900,3/29/2025 4:00,124,41,83,216.9,124,259.6,100,80,-0.9,7.1,993.6
10901,3/29/2025 5:00,259,119,140,359.4,259,454.7,100,78,1.5,4.7,993.9
10902,3/29/2025 6:00,404,230,174,506.6,404,623.4,64,75,2.9,4.3,994.1
10903,3/29/2025 7:00,555,427,128,777.4,555,754.2,32,70,4.2,3.9,994.3
10904,3/29/2025 8:00,634,507,127,830.5,634,838.2,36,65,5.1,4.2,994.4
10905,3/29/2025 9:00,658,520,138,821.0,658,869.7,49,62,5.6,4.1,994.1
10906,3/29/2025 10:00,630,478,152,775.2,630,846.5,83,60,5.8,4.6,993.9
10907,3/29/2025 11:00,552,397,155,707.5,552,770.4,98,59,5.8,5.4,994.1
10908,3/29/2025 12:00,433,280,153,594.7,433,646.4,100,61,5.3,4.7,993.7
10909,3/29/2025 13:00,288,155,133,440.4,288,483.1,100,59,5.5,3.0,994.0
10910,3/29/2025 14:00,157,82,75,386.0,157,291.7,11,61,4.7,1.8,993.8
10911,3/29/2025 15:00,36,15,21,142.1,36,85.1,36,66,2.0,1.5,993.5
10912,3/29/2025 16:00,0,0,0,0.0,0,0.0,70,72,0.4,2.3,993.7
10913,3/29/2025 17:00,0,0,0,0.0,0,0.0,77,79,-0.9,4.3,993.7
10914,3/29/2025 18:00,0,0,0,0.0,0,0.0,90,80,-1.7,4.0,993.5
10915,3/29/2025 19:00,0,0,0,0.0,0,0.0,82,81,-2.0,3.8,993.4
10916,3/29/2025 20:00,0,0,0,0.0,0,0.0,86,79,-2.1,4.6,993.2
10917,3/29/2025 21:00,0,0,0,0.0,0,0.0,100,79,-1.9,4.5,993.1
10918,3/29/2025 22:00,0,0,0,0.0,0,0.0,100,79,-2.0,5.1,992.9
10919,3/29/2025 23:00,0,0,0,0.0,0,0.0,100,82,-2.8,5.9,992.9
10920,3/30/2025 0:00,0,0,0,0.0,0,0.0,100,84,-3.0,5.8,992.8
10921,3/30/2025 1:00,0,0,0,0.0,0,0.0,100,86,-3.5,4.5,993.2
10922,3/30/2025 2:00,0,0,0,0.0,0,0.0,94,86,-3.8,4.7,993.3
10923,3/30/2025 3:00,25,7,18,72.7,25,72.3,77,85,-3.6,4.6,993.5
10924,3/30/2025 4:00,132,57,75,292.1,132,267.8,99,81,-0.2,4.1,993.7
10925,3/30/2025 5:00,251,101,150,299.6,251,462.6,99,76,2.2,2.1,994.2
10926,3/30/2025 6:00,413,247,166,537.2,413,631.0,25,70,3.7,2.3,994.4
10927,3/30/2025 7:00,561,443,118,798.4,561,761.4,0,66,4.9,3.3,994.4
10928,3/30/2025 8:00,638,517,121,839.5,638,845.1,62,62,5.8,3.8,994.2
10929,3/30/2025 9:00,650,496,154,776.7,650,876.3,34,59,6.4,4.0,993.8
10930,3/30/2025 10:00,642,516,126,830.1,642,852.9,39,55,6.8,3.9,993.4
10931,3/30/2025 11:00,571,448,123,791.6,571,776.6,100,52,7.1,3.8,993.2
10932,3/30/2025 12:00,422,251,171,527.8,422,652.5,100,49,7.3,2.9,992.7
10933,3/30/2025 13:00,309,205,104,574.9,309,489.3,100,46,7.9,2.2,992.8
10934,3/30/2025 14:00,143,54,89,248.7,143,297.9,100,50,6.8,1.1,992.4
10935,3/30/2025 15:00,33,7,26,64.9,33,91.5,100,66,3.0,8.3,992.0
10936,3/30/2025 16:00,0,0,0,0.0,0,0.0,77,72,2.2,8.0,992.1
10937,3/30/2025 17:00,0,0,0,0.0,0,0.0,7,74,0.8,7.2,992.2
10938,3/30/2025 18:00,0,0,0,0.0,0,0.0,16,76,0.3,6.5,992.3
10939,3/30/2025 19:00,0,0,0,0.0,0,0.0,3,73,0.8,3.4,992.5
10940,3/30/2025 20:00,0,0,0,0.0,0,0.0,44,75,1.0,3.3,992.6
10941,3/30/2025 21:00,0,0,0,0.0,0,0.0,68,81,0.8,5.6,992.6
10942,3/30/2025 22:00,0,0,0,0.0,0,0.0,71,83,1.3,4.4,992.4
10943,3/30/2025 23:00,0,0,0,0.0,0,0.0,1,82,1.5,1.6,992.3
10944,3/31/2025 0:00,0,0,0,0.0,0,0.0,0,84,0.3,1.3,992.3
10945,3/31/2025 1:00,0,0,0,0.0,0,0.0,0,90,-0.6,1.4,993.0
10946,3/31/2025 2:00,0,0,0,0.0,0,0.0,0,91,-0.9,0.9,993.1
10947,3/31/2025 3:00,28,11,17,110.7,28,76.5,0,91,-0.8,0.7,993.6
10948,3/31/2025 4:00,151,91,60,452.3,151,276.0,0,89,1.3,1.5,994.1
10949,3/31/2025 5:00,304,219,85,638.4,304,470.5,0,81,3.7,0.6,994.4
10950,3/31/2025 6:00,448,346,102,743.2,448,638.5,0,72,5.7,0.6,994.7
10951,3/31/2025 7:00,563,451,112,804.7,563,768.6,0,61,7.2,0.8,995.1
10952,3/31/2025 8:00,639,520,119,837.1,639,852.0,0,55,7.8,1.3,995.3
10953,3/31/2025 9:00,668,547,121,849.7,668,882.9,0,52,8.1,2.4,995.4
10954,3/31/2025 10:00,647,529,118,844.3,647,859.3,1,53,7.8,4.4,995.1
10955,3/31/2025 11:00,579,467,112,818.1,579,782.8,1,52,7.7,5.3,995.1
10956,3/31/2025 12:00,469,368,101,766.2,469,658.6,0,52,7.4,5.8,995.1
10957,3/31/2025 13:00,328,243,85,672.7,328,495.4,0,52,7.2,5.2,995.3
10958,3/31/2025 14:00,175,113,62,509.6,175,304.1,1,53,6.7,3.9,995.1
10959,3/31/2025 15:00,42,19,23,172.4,42,97.9,0,62,2.8,6.7,994.7
10960,3/31/2025 16:00,0,0,0,0.0,0,0.0,0,71,0.8,8.2,995.0
10961,3/31/2025 17:00,0,0,0,0.0,0,0.0,1,75,-0.2,8.2,995.2
10962,3/31/2025 18:00,0,0,0,0.0,0,0.0,3,77,-0.3,8.6,995.2
10963,3/31/2025 19:00,0,0,0,0.0,0,0.0,5,77,0.2,10.2,995.0
10964,3/31/2025 20:00,0,0,0,0.0,0,0.0,0,75,0.9,10.6,995.1
10965,3/31/2025 21:00,0,0,0,0.0,0,0.0,0,74,1.1,11.6,995.2
10966,3/31/2025 22:00,0,0,0,0.0,0,0.0,0,73,1.3,12.7,995.1
10967,3/31/2025 23:00,0,0,0,0.0,0,0.0,0,74,1.1,11.9,995.1
10968,4/1/2025 0:00,0,0,0,0.0,0,0.0,0,76,0.4,11.0,995.3
10969,4/1/2025 1:00,0,0,0,0.0,0,0.0,0,78,0.3,11.6,995.7
10970,4/1/2025 2:00,0,0,0,0.0,0,0.0,0,78,0.0,11.6,995.7
10971,4/1/2025 3:00,33,14,19,136.6,33,80.6,0,77,0.6,12.0,995.9
10972,4/1/2025 4:00,161,100,61,482.4,161,284.1,0,72,2.8,11.7,996.1
10973,4/1/2025 5:00,316,231,85,661.9,316,478.4,91,71,4.2,10.4,995.9
10974,4/1/2025 6:00,462,360,102,763.8,462,646.1,97,65,5.6,9.6,995.7
10975,4/1/2025 7:00,576,461,115,814.5,576,775.8,74,61,6.9,10.4,995.6
10976,4/1/2025 8:00,653,534,119,852.3,653,858.8,7,57,7.9,11.2,995.3
10977,4/1/2025 9:00,681,561,120,864.5,681,889.4,8,55,8.5,11.7,994.9
10978,4/1/2025 10:00,656,539,117,853.5,656,865.5,97,40,11.8,16.2,994.8
10979,4/1/2025 11:00,566,422,144,733.1,566,788.9,90,40,12.0,16.4,994.2
10980,4/1/2025 12:00,439,288,151,593.8,439,664.7,78,41,11.9,15.3,993.5
10981,4/1/2025 13:00,324,237,87,647.8,324,501.4,51,42,11.7,14.9,993.4
10982,4/1/2025 14:00,171,106,65,468.2,171,310.2,89,47,9.8,13.9,992.7
10983,4/1/2025 15:00,41,14,27,124.4,41,104.2,99,53,7.2,13.7,991.9
10984,4/1/2025 16:00,0,0,0,0.0,0,0.0,99,58,6.1,14.0,991.2
10985,4/1/2025 17:00,0,0,0,0.0,0,0.0,0,63,5.4,13.5,990.9
10986,4/1/2025 18:00,0,0,0,0.0,0,0.0,4,68,5.0,13.3,990.3
10987,4/1/2025 19:00,0,0,0,0.0,0,0.0,0,73,4.8,12.9,989.7
10988,4/1/2025 20:00,0,0,0,0.0,0,0.0,9,76,4.6,12.1,989.2
10989,4/1/2025 21:00,0,0,0,0.0,0,0.0,0,77,4.8,11.9,988.7
10990,4/1/2025 22:00,0,0,0,0.0,0,0.0,0,77,4.9,12.5,988.2
10991,4/1/2025 23:00,0,0,0,0.0,0,0.0,0,79,4.9,13.1,987.7
10992,4/2/2025 0:00,0,0,0,0.0,0,0.0,7,82,4.6,12.5,987.3
10993,4/2/2025 1:00,0,0,0,0.0,0,0.0,26,82,4.7,12.4,986.9
10994,4/2/2025 2:00,0,0,0,0.0,0,0.0,19,83,4.2,11.8,986.4
10995,4/2/2025 3:00,32,12,20,113.7,32,85.0,2,79,5.1,14.0,986.1
10996,4/2/2025 4:00,154,94,60,440.6,154,292.3,5,70,7.2,15.3,985.8
10997,4/2/2025 5:00,301,216,85,608.6,301,486.2,6,62,9.6,13.4,985.4
10998,4/2/2025 6:00,437,335,102,702.2,437,653.5,14,54,11.7,13.6,984.7
10999,4/2/2025 7:00,546,430,116,752.4,546,782.9,8,47,13.9,13.3,983.9
11000,4/2/2025 8:00,618,500,118,791.3,618,865.6,54,44,15.6,13.7,983.0
11001,4/2/2025 9:00,559,358,201,547.4,559,895.9,97,44,16.5,13.3,982.2
11002,4/2/2025 10:00,588,412,176,647.4,588,871.8,98,43,17.7,13.0,981.2
11003,4/2/2025 11:00,488,279,209,480.7,488,795.0,100,42,18.0,14.4,980.7
11004,4/2/2025 12:00,377,187,190,381.9,377,670.7,92,42,18.0,13.1,980.0
11005,4/2/2025 13:00,162,10,152,27.0,162,507.4,97,47,16.2,7.1,980.0
11006,4/2/2025 14:00,133,54,79,233.8,133,316.4,99,57,14.1,3.2,979.3
11007,4/2/2025 15:00,31,5,26,43.5,31,110.6,65,61,12.1,1.8,978.9
11008,4/2/2025 16:00,0,0,0,0.0,0,0.0,14,70,9.6,1.9,978.4
11009,4/2/2025 17:00,0,0,0,0.0,0,0.0,1,80,7.4,6.2,977.6
11010,4/2/2025 18:00,0,0,0,0.0,0,0.0,28,87,6.1,6.0,976.7
11011,4/2/2025 19:00,0,0,0,0.0,0,0.0,89,90,4.9,4.1,976.2
11012,4/2/2025 20:00,0,0,0,0.0,0,0.0,100,93,3.5,7.0,975.8
11013,4/2/2025 21:00,0,0,0,0.0,0,0.0,100,91,5.2,9.4,975.7
11014,4/2/2025 22:00,0,0,0,0.0,0,0.0,100,96,4.2,10.6,975.5
11015,4/2/2025 23:00,0,0,0,0.0,0,0.0,100,97,4.0,13.3,976.3
11016,4/3/2025 0:00,0,0,0,0.0,0,0.0,100,97,3.2,11.0,976.4
11017,4/3/2025 1:00,0,0,0,0.0,0,0.0,100,95,3.5,14.6,976.0
11018,4/3/2025 2:00,0,0,0,0.0,0,0.0,100,96,2.9,13.8,976.4
11019,4/3/2025 3:00,15,0,15,0.0,15,93.4,100,95,2.9,13.3,976.6
11020,4/3/2025 4:00,101,8,93,36.5,101,300.4,100,92,3.8,14.3,977.2
11021,4/3/2025 5:00,262,120,142,332.6,262,494.0,99,80,5.8,12.1,977.6
11022,4/3/2025 6:00,449,344,105,712.5,449,661.0,97,67,8.2,13.5,977.8
11023,4/3/2025 7:00,555,426,129,738.3,555,790.0,93,56,9.6,16.8,977.8
11024,4/3/2025 8:00,608,453,155,711.0,608,872.3,30,46,10.5,17.9,977.4
11025,4/3/2025 9:00,640,507,133,769.3,640,902.3,33,41,11.4,19.2,977.1
11026,4/3/2025 10:00,586,416,170,648.7,586,878.0,38,36,12.0,21.0,976.8
11027,4/3/2025 11:00,447,267,180,456.3,447,801.0,23,36,11.7,21.7,977.0
11028,4/3/2025 12:00,452,338,114,683.8,452,676.6,25,33,12.1,22.9,976.6
11029,4/3/2025 13:00,291,177,114,471.9,291,513.4,60,39,10.8,21.9,977.0
11030,4/3/2025 14:00,126,44,82,186.8,126,322.5,20,43,9.5,16.4,977.2
11031,4/3/2025 15:00,45,19,26,162.2,45,116.9,96,53,6.7,10.1,977.5
11032,4/3/2025 16:00,0,0,0,0.0,0,0.0,99,54,6.2,10.4,977.9
11033,4/3/2025 17:00,0,0,0,0.0,0,0.0,84,55,5.7,13.4,978.3
11034,4/3/2025 18:00,0,0,0,0.0,0,0.0,65,61,4.1,12.6,978.5
11035,4/3/2025 19:00,0,0,0,0.0,0,0.0,29,66,3.0,12.8,979.0
11036,4/3/2025 20:00,0,0,0,0.0,0,0.0,1,73,1.4,11.5,979.1
11037,4/3/2025 21:00,0,0,0,0.0,0,0.0,0,78,0.2,11.7,979.2
11038,4/3/2025 22:00,0,0,0,0.0,0,0.0,0,81,-0.4,12.5,979.6
11039,4/3/2025 23:00,0,0,0,0.0,0,0.0,0,86,-1.0,12.5,979.8
11040,4/4/2025 0:00,0,0,0,0.0,0,0.0,0,90,-1.6,11.6,980.0
11041,4/4/2025 1:00,0,0,0,0.0,0,0.0,21,90,-1.7,11.9,979.8
11042,4/4/2025 2:00,0,0,0,0.0,0,0.0,3,91,-2.0,11.9,980.0
11043,4/4/2025 3:00,42,19,23,170.1,42,101.8,1,89,-1.1,11.1,980.4
11044,4/4/2025 4:00,172,110,62,487.9,172,308.5,20,79,0.8,6.8,980.7
11045,4/4/2025 5:00,323,239,84,651.8,323,501.8,0,70,2.8,6.6,980.9
11046,4/4/2025 6:00,463,367,96,751.4,463,668.4,25,59,4.8,9.4,981.0
11047,4/4/2025 7:00,573,468,105,803.5,573,797.0,99,49,6.3,11.9,980.8
11048,4/4/2025 8:00,623,472,151,734.8,623,879.0,100,43,7.5,14.3,980.2
11049,4/4/2025 9:00,632,454,178,683.6,632,908.6,99,39,8.6,16.1,979.8
11050,4/4/2025 10:00,643,522,121,807.9,643,884.1,100,34,9.6,17.2,979.1
11051,4/4/2025 11:00,500,279,221,473.1,500,806.9,100,31,10.0,17.8,978.5
11052,4/4/2025 12:00,387,173,214,346.8,387,682.5,100,30,10.1,19.0,977.3
11053,4/4/2025 13:00,307,180,127,474.2,307,519.3,99,27,10.9,20.4,976.5
11054,4/4/2025 14:00,169,80,89,333.1,169,328.5,98,31,10.1,18.7,975.5
11055,4/4/2025 15:00,47,12,35,100.4,47,123.1,99,37,8.5,20.4,974.5
11056,4/4/2025 16:00,0,0,0,0.0,0,0.0,99,41,7.8,20.0,974.1
11057,4/4/2025 17:00,0,0,0,0.0,0,0.0,99,44,7.5,21.4,973.9
11058,4/4/2025 18:00,0,0,0,0.0,0,0.0,98,43,7.7,23.3,973.4
11059,4/4/2025 19:00,0,0,0,0.0,0,0.0,96,43,7.7,23.2,973.0
11060,4/4/2025 20:00,0,0,0,0.0,0,0.0,92,45,7.2,22.2,972.3
11061,4/4/2025 21:00,0,0,0,0.0,0,0.0,94,47,6.8,21.3,971.8
11062,4/4/2025 22:00,0,0,0,0.0,0,0.0,46,49,6.5,20.1,971.5
11063,4/4/2025 23:00,0,0,0,0.0,0,0.0,60,51,6.2,19.6,971.4
11064,4/5/2025 0:00,0,0,0,0.0,0,0.0,87,54,5.9,17.5,971.4
11065,4/5/2025 1:00,0,0,0,0.0,0,0.0,34,56,6.2,15.7,971.3
11066,4/5/2025 2:00,0,0,0,0.0,0,0.0,19,62,5.1,14.3,971.3
11067,4/5/2025 3:00,44,19,25,165.6,44,110.1,21,64,5.2,14.3,971.8
11068,4/5/2025 4:00,167,98,69,423.4,167,316.6,21,58,7.3,12.0,972.1
11069,4/5/2025 5:00,316,226,90,606.7,316,509.4,58,53,9.0,12.7,972.5
11070,4/5/2025 6:00,420,285,135,576.8,420,675.7,100,50,10.1,9.4,972.9
11071,4/5/2025 7:00,421,186,235,316.4,421,804.0,96,49,10.6,7.7,973.6
11072,4/5/2025 8:00,571,421,150,650.1,571,885.6,100,47,11.9,7.5,974.0
11073,4/5/2025 9:00,441,173,268,258.6,441,914.9,100,47,11.8,9.4,974.4
11074,4/5/2025 10:00,368,99,269,152.1,368,890.1,100,46,11.4,10.9,974.6
11075,4/5/2025 11:00,295,81,214,136.3,295,812.8,100,48,10.8,11.0,975.0
11076,4/5/2025 12:00,252,60,192,119.2,252,688.4,91,50,10.9,9.9,975.1
11077,4/5/2025 13:00,186,32,154,83.3,186,525.2,99,51,11.4,4.8,975.6
11078,4/5/2025 14:00,132,41,91,167.6,132,334.6,83,64,10.8,0.9,975.3
11079,4/5/2025 15:00,49,13,36,106.8,49,129.4,96,66,8.0,3.3,975.2
11080,4/5/2025 16:00,0,0,0,0.0,0,2.8,100,75,6.2,3.7,975.4
11081,4/5/2025 17:00,0,0,0,0.0,0,0.0,100,82,4.8,6.5,975.5
11082,4/5/2025 18:00,0,0,0,0.0,0,0.0,100,81,5.2,9.4,975.6
11083,4/5/2025 19:00,0,0,0,0.0,0,0.0,99,77,5.6,12.1,976.0
11084,4/5/2025 20:00,0,0,0,0.0,0,0.0,98,86,4.8,13.3,976.1
11085,4/5/2025 21:00,0,0,0,0.0,0,0.0,88,88,4.1,12.8,976.2
11086,4/5/2025 22:00,0,0,0,0.0,0,0.0,68,88,3.2,14.4,975.9
11087,4/5/2025 23:00,0,0,0,0.0,0,0.0,46,81,3.2,13.5,975.9
11088,4/6/2025 0:00,0,0,0,0.0,0,0.0,10,85,3.2,12.3,976.1
11089,4/6/2025 1:00,0,0,0,0.0,0,0.0,10,91,2.5,11.2,976.6
11090,4/6/2025 2:00,0,0,0,0.0,0,0.0,1,94,2.0,12.1,977.1
11091,4/6/2025 3:00,48,21,27,178.4,48,118.4,17,92,3.0,13.2,977.1
11092,4/6/2025 4:00,169,102,67,429.6,169,324.5,76,86,5.3,11.4,977.1
11093,4/6/2025 5:00,233,97,136,256.4,233,517.1,94,74,7.8,8.9,977.4
11094,4/6/2025 6:00,243,117,126,234.2,243,682.9,95,71,9.5,9.9,977.4
11095,4/6/2025 7:00,287,134,153,225.9,287,810.8,100,61,10.2,11.4,977.9
11096,4/6/2025 8:00,409,236,173,361.6,409,892.1,99,56,11.9,9.9,978.0
11097,4/6/2025 9:00,505,317,188,470.3,505,921.1,84,55,14.1,9.7,977.6
11098,4/6/2025 10:00,619,493,126,751.9,619,896.1,100,51,16.9,8.5,977.2
11099,4/6/2025 11:00,169,10,159,16.7,169,818.7,100,73,13.4,20.2,977.2
11100,4/6/2025 12:00,305,147,158,289.4,305,694.1,98,55,15.4,8.0,976.6
11101,4/6/2025 13:00,233,124,109,319.1,233,531.0,99,50,15.8,10.1,976.7
11102,4/6/2025 14:00,164,81,83,325.0,164,340.5,98,55,14.9,11.8,976.8
11103,4/6/2025 15:00,31,4,27,32.3,31,135.6,100,93,10.4,9.0,976.7
11104,4/6/2025 16:00,0,0,0,0.0,0,6.0,99,93,9.5,10.1,976.6
11105,4/6/2025 17:00,0,0,0,0.0,0,0.0,100,96,8.1,9.0,976.6
11106,4/6/2025 18:00,0,0,0,0.0,0,0.0,100,96,8.2,9.0,976.6
11107,4/6/2025 19:00,0,0,0,0.0,0,0.0,100,96,8.6,11.3,976.5
11108,4/6/2025 20:00,0,0,0,0.0,0,0.0,100,98,7.4,7.9,976.5
11109,4/6/2025 21:00,0,0,0,0.0,0,0.0,100,98,6.7,6.7,976.4
11110,4/6/2025 22:00,0,0,0,0.0,0,0.0,100,99,6.2,7.6,976.2
11111,4/6/2025 23:00,0,0,0,0.0,0,0.0,100,99,6.1,6.8,976.4
11112,4/7/2025 0:00,0,0,0,0.0,0,0.0,100,99,5.6,5.5,976.4
11113,4/7/2025 1:00,0,0,0,0.0,0,0.0,100,97,7.3,6.9,975.9
11114,4/7/2025 2:00,0,0,0,0.0,0,1.3,100,99,7.3,5.9,976.1
11115,4/7/2025 3:00,19,1,18,8.3,19,126.7,100,99,7.9,6.9,976.1
11116,4/7/2025 4:00,106,21,85,86.3,106,332.5,100,99,9.3,10.3,976.7
11117,4/7/2025 5:00,111,6,105,15.6,111,524.6,100,95,9.8,10.1,977.1
11118,4/7/2025 6:00,367,194,173,384.0,367,690.1,78,73,13.1,12.8,977.5
11119,4/7/2025 7:00,442,219,223,365.9,442,817.6,87,66,14.4,13.4,978.0
11120,4/7/2025 8:00,517,274,243,416.5,517,898.5,31,63,14.9,15.0,978.2
11121,4/7/2025 9:00,559,404,155,595.1,559,927.3,97,58,15.6,14.4,978.5
11122,4/7/2025 10:00,571,411,160,622.4,571,902.0,50,53,16.1,15.5,978.8
11123,4/7/2025 11:00,483,359,124,594.8,483,824.4,32,51,16.1,17.4,979.1
11124,4/7/2025 12:00,391,278,113,542.5,391,699.9,26,51,15.8,17.1,979.5
11125,4/7/2025 13:00,159,16,143,40.7,159,536.8,89,57,13.6,15.9,980.9
11126,4/7/2025 14:00,113,25,88,98.5,113,346.5,73,57,13.3,13.5,981.5
11127,4/7/2025 15:00,42,9,33,71.3,42,141.8,13,64,11.8,6.6,981.7
11128,4/7/2025 16:00,1,0,1,0.0,1,9.1,21,80,8.1,4.9,982.0
11129,4/7/2025 17:00,0,0,0,0.0,0,0.0,4,87,7.0,7.1,982.7
11130,4/7/2025 18:00,0,0,0,0.0,0,0.0,0,91,6.4,9.2,982.9
11131,4/7/2025 19:00,0,0,0,0.0,0,0.0,0,93,5.8,9.1,983.1
11132,4/7/2025 20:00,0,0,0,0.0,0,0.0,15,94,5.4,9.6,983.3
11133,4/7/2025 21:00,0,0,0,0.0,0,0.0,21,94,5.4,9.6,983.5
11134,4/7/2025 22:00,0,0,0,0.0,0,0.0,48,95,5.2,10.3,983.4
11135,4/7/2025 23:00,0,0,0,0.0,0,0.0,13,95,5.1,10.2,983.6
11136,4/8/2025 0:00,0,0,0,0.0,0,0.0,4,96,4.9,10.0,983.7
11137,4/8/2025 1:00,0,0,0,0.0,0,0.0,16,93,5.5,10.3,983.9
11138,4/8/2025 2:00,1,0,1,0.0,1,5.4,1,94,5.2,11.0,983.9
11139,4/8/2025 3:00,55,24,31,194.0,55,134.8,0,94,6.2,12.9,984.2
11140,4/8/2025 4:00,185,118,67,473.4,185,340.3,0,86,8.6,11.0,984.7
11141,4/8/2025 5:00,334,249,85,638.9,334,532.1,5,69,11.8,10.9,985.2
11142,4/8/2025 6:00,471,372,99,728.4,471,697.2,82,59,14.4,13.5,985.4
11143,4/8/2025 7:00,576,462,114,765.1,576,824.3,72,51,16.1,18.8,985.2
11144,4/8/2025 8:00,638,517,121,780.0,638,904.8,16,44,17.5,19.9,984.8
11145,4/8/2025 9:00,627,501,126,732.8,627,933.3,23,40,18.2,21.8,984.1
11146,4/8/2025 10:00,591,456,135,685.7,591,907.8,99,38,18.5,22.3,983.9
11147,4/8/2025 11:00,509,359,150,590.3,509,830.1,99,36,18.9,23.4,983.4
11148,4/8/2025 12:00,417,278,139,537.9,417,705.5,75,33,19.0,25.0,982.7
11149,4/8/2025 13:00,277,137,140,344.7,277,542.5,98,40,18.1,22.9,982.8
11150,4/8/2025 14:00,128,42,86,162.7,128,352.4,26,42,17.0,19.9,982.1
11151,4/8/2025 15:00,58,23,35,178.9,58,147.9,96,47,15.1,15.2,981.8
11152,4/8/2025 16:00,1,0,1,0.0,1,12.3,100,54,14.2,25.8,982.5
11153,4/8/2025 17:00,0,0,0,0.0,0,0.0,100,78,11.8,17.8,982.0
11154,4/8/2025 18:00,0,0,0,0.0,0,0.0,100,72,11.9,22.4,981.6
11155,4/8/2025 19:00,0,0,0,0.0,0,0.0,100,85,10.7,17.5,981.1
11156,4/8/2025 20:00,0,0,0,0.0,0,0.0,100,85,10.8,21.3,980.5
11157,4/8/2025 21:00,0,0,0,0.0,0,0.0,100,81,11.0,21.3,980.2
11158,4/8/2025 22:00,0,0,0,0.0,0,0.0,100,95,9.9,19.1,980.0
11159,4/8/2025 23:00,0,0,0,0.0,0,0.0,100,97,7.8,22.8,981.1
11160,4/9/2025 0:00,0,0,0,0.0,0,0.0,100,96,6.2,15.4,981.3
11161,4/9/2025 1:00,0,0,0,0.0,0,0.0,100,98,3.9,15.3,982.0
11162,4/9/2025 2:00,0,0,0,0.0,0,9.6,100,95,3.1,16.2,982.5
11163,4/9/2025 3:00,28,0,28,0.0,28,142.9,82,85,2.8,19.3,982.7
11164,4/9/2025 4:00,121,40,81,156.8,121,348.1,100,68,3.0,19.1,983.2
11165,4/9/2025 5:00,288,118,170,298.4,288,539.5,100,56,4.0,19.7,983.7
11166,4/9/2025 6:00,376,162,214,313.9,376,704.2,40,46,5.2,20.6,983.9
11167,4/9/2025 7:00,570,405,165,665.0,570,830.9,39,41,6.1,19.6,984.0
11168,4/9/2025 8:00,689,579,110,867.0,689,911.1,14,32,7.3,19.8,984.0
11169,4/9/2025 9:00,716,607,109,881.7,716,939.3,87,28,8.2,20.7,983.7
11170,4/9/2025 10:00,624,421,203,628.7,624,913.5,100,27,8.4,20.8,983.3
11171,4/9/2025 11:00,514,242,272,395.1,514,835.7,99,27,8.4,19.3,983.1
11172,4/9/2025 12:00,400,170,230,326.1,400,711.1,99,28,8.2,19.2,982.7
11173,4/9/2025 13:00,191,15,176,37.3,191,548.2,100,34,6.7,17.8,983.7
11174,4/9/2025 14:00,107,5,102,19.0,107,358.2,100,36,6.1,15.9,983.3
11175,4/9/2025 15:00,33,0,33,0.0,33,154.0,100,39,5.2,12.8,982.9
11176,4/9/2025 16:00,1,0,1,0.0,1,15.4,100,42,4.3,12.0,983.4
11177,4/9/2025 17:00,0,0,0,0.0,0,0.0,100,45,3.7,11.6,983.5
11178,4/9/2025 18:00,0,0,0,0.0,0,0.0,56,47,3.1,9.4,983.1
11179,4/9/2025 19:00,0,0,0,0.0,0,0.0,51,54,1.5,9.2,983.5
11180,4/9/2025 20:00,0,0,0,0.0,0,0.0,50,57,0.4,8.5,983.7
11181,4/9/2025 21:00,0,0,0,0.0,0,0.0,83,62,-0.9,6.1,983.3
11182,4/9/2025 22:00,0,0,0,0.0,0,0.0,12,63,-1.4,6.3,983.2
11183,4/9/2025 23:00,0,0,0,0.0,0,0.0,100,65,-2.2,5.9,982.6
11184,4/10/2025 0:00,0,0,0,0.0,0,0.0,67,65,-2.3,3.9,982.7
11185,4/10/2025 1:00,0,0,0,0.0,0,0.0,100,71,-2.2,4.2,982.2
11186,4/10/2025 2:00,1,0,1,0.0,1,13.6,100,64,-0.8,4.3,982.5
11187,4/10/2025 3:00,17,0,17,0.0,17,150.9,100,62,-0.1,4.7,981.9
11188,4/10/2025 4:00,63,0,63,0.0,63,355.7,100,58,1.0,3.9,981.7
11189,4/10/2025 5:00,108,1,107,2.5,108,546.8,100,49,2.4,3.8,982.0
11190,4/10/2025 6:00,127,1,126,1.9,127,711.1,100,42,2.7,6.2,981.2
11191,4/10/2025 7:00,239,5,234,8.1,239,837.4,100,40,3.5,8.9,980.5
11192,4/10/2025 8:00,341,30,311,44.6,341,917.2,100,37,4.2,10.5,980.3
11193,4/10/2025 9:00,250,7,243,10.1,250,945.1,100,36,4.2,11.2,979.8
11194,4/10/2025 10:00,471,138,333,204.7,471,919.2,100,31,5.6,12.9,978.8
11195,4/10/2025 11:00,505,255,250,413.3,505,841.2,20,28,6.5,12.7,978.6
11196,4/10/2025 12:00,505,400,105,761.1,505,716.6,3,26,7.0,12.8,978.2
11197,4/10/2025 13:00,369,281,88,691.8,369,553.8,0,28,6.3,13.1,978.2
11198,4/10/2025 14:00,215,146,69,546.9,215,364.0,93,30,5.6,11.3,978.3
11199,4/10/2025 15:00,67,22,45,165.4,67,160.1,100,41,3.5,2.7,978.7
11200,4/10/2025 16:00,2,0,2,0.0,2,18.5,40,42,2.0,1.1,979.4
11201,4/10/2025 17:00,0,0,0,0.0,0,0.0,89,46,0.8,3.9,979.4
11202,4/10/2025 18:00,0,0,0,0.0,0,0.0,84,48,0.5,3.8,979.3
11203,4/10/2025 19:00,0,0,0,0.0,0,0.0,100,52,-0.5,5.2,979.2
11204,4/10/2025 20:00,0,0,0,0.0,0,0.0,100,52,-0.1,2.8,979.3
11205,4/10/2025 21:00,0,0,0,0.0,0,0.0,100,55,0.1,0.5,979.3
11206,4/10/2025 22:00,0,0,0,0.0,0,0.0,100,52,0.2,3.7,979.6
11207,4/10/2025 23:00,0,0,0,0.0,0,0.0,100,57,-0.1,4.6,979.8
11208,4/11/2025 0:00,0,0,0,0.0,0,0.0,100,61,-0.3,3.1,980.4
11209,4/11/2025 1:00,0,0,0,0.0,0,0.0,100,67,0.2,1.5,980.2
11210,4/11/2025 2:00,1,0,1,0.0,1,17.6,100,72,-0.2,0.4,980.5
11211,4/11/2025 3:00,55,7,48,52.8,55,158.8,100,68,0.8,2.5,980.7
11212,4/11/2025 4:00,184,82,102,307.6,184,363.3,95,57,3.2,2.8,981.2
11213,4/11/2025 5:00,284,110,174,270.6,284,554.0,50,49,4.8,3.3,981.1
11214,4/11/2025 6:00,470,322,148,611.3,470,717.9,42,42,6.2,4.6,980.9
11215,4/11/2025 7:00,583,442,141,713.9,583,843.8,76,37,7.2,4.8,980.5
11216,4/11/2025 8:00,527,316,211,466.4,527,923.3,52,38,7.6,5.9,980.2
11217,4/11/2025 9:00,550,368,182,527.4,550,950.9,50,36,7.9,4.9,980.2
11218,4/11/2025 10:00,548,348,200,512.8,548,924.8,63,33,8.8,4.9,979.6
11219,4/11/2025 11:00,483,276,207,444.2,483,846.7,55,32,9.1,6.5,979.3
11220,4/11/2025 12:00,407,250,157,471.8,407,722.1,39,32,9.1,6.9,979.3
11221,4/11/2025 13:00,308,184,124,448.2,308,559.4,39,35,8.2,8.4,979.7
11222,4/11/2025 14:00,189,106,83,390.7,189,369.7,73,37,7.6,7.5,980.1
11223,4/11/2025 15:00,65,23,42,170.1,65,166.1,64,46,5.2,5.5,979.9
11224,4/11/2025 16:00,3,0,3,0.0,3,21.6,69,53,3.9,3.9,980.6
11225,4/11/2025 17:00,0,0,0,0.0,0,0.0,2,55,3.5,3.1,980.7
11226,4/11/2025 18:00,0,0,0,0.0,0,0.0,34,63,1.4,4.7,980.7
11227,4/11/2025 19:00,0,0,0,0.0,0,0.0,53,68,0.4,5.1,980.7
11228,4/11/2025 20:00,0,0,0,0.0,0,0.0,30,69,0.2,3.1,981.0
11229,4/11/2025 21:00,0,0,0,0.0,0,0.0,17,71,-0.3,3.7,981.2
11230,4/11/2025 22:00,0,0,0,0.0,0,0.0,1,72,-0.7,2.2,981.3
11231,4/11/2025 23:00,0,0,0,0.0,0,0.0,99,78,-2.0,3.1,981.8
11232,4/12/2025 0:00,0,0,0,0.0,0,0.0,81,82,-2.0,7.2,982.4
11233,4/12/2025 1:00,0,0,0,0.0,0,0.0,95,86,-2.1,5.8,982.6
11234,4/12/2025 2:00,2,0,2,0.0,2,21.6,97,80,-0.6,7.2,983.1
11235,4/12/2025 3:00,32,2,30,14.8,32,166.7,98,72,0.8,7.8,983.7
11236,4/12/2025 4:00,99,13,86,47.8,99,370.8,69,64,2.7,7.1,984.1
11237,4/12/2025 5:00,268,135,133,327.8,268,561.0,16,50,6.1,7.4,984.5
11238,4/12/2025 6:00,492,373,119,701.2,492,724.5,54,39,7.3,15.6,984.7
11239,4/12/2025 7:00,490,308,182,493.5,490,850.1,60,50,6.9,15.7,984.8
11240,4/12/2025 8:00,578,369,209,540.9,578,929.2,94,44,8.4,17.3,984.6
11241,4/12/2025 9:00,418,144,274,205.0,418,956.6,69,57,6.4,16.5,984.8
11242,4/12/2025 10:00,603,407,196,595.9,603,930.2,80,50,8.1,20.2,984.3
11243,4/12/2025 11:00,576,412,164,658.5,576,852.1,44,51,7.8,22.7,984.5
11244,4/12/2025 12:00,417,257,160,481.2,417,727.4,46,45,7.8,20.8,984.0
11245,4/12/2025 13:00,343,232,111,559.4,343,564.8,49,38,8.6,25.1,983.6
11246,4/12/2025 14:00,193,106,87,384.5,193,375.4,51,34,8.5,22.4,983.1
11247,4/12/2025 15:00,73,29,44,211.1,73,172.1,20,36,7.0,14.2,982.3
11248,4/12/2025 16:00,4,0,4,0.0,4,24.6,55,38,6.1,17.1,982.6
11249,4/12/2025 17:00,0,0,0,0.0,0,0.0,17,38,6.1,21.6,982.6
11250,4/12/2025 18:00,0,0,0,0.0,0,0.0,22,41,5.6,20.8,982.5
11251,4/12/2025 19:00,0,0,0,0.0,0,0.0,100,43,5.3,22.7,983.3
11252,4/12/2025 20:00,0,0,0,0.0,0,0.0,100,54,4.4,17.7,984.5
11253,4/12/2025 21:00,0,0,0,0.0,0,0.0,97,95,3.2,17.1,984.8
11254,4/12/2025 22:00,0,0,0,0.0,0,0.0,36,95,3.1,14.0,984.6
11255,4/12/2025 23:00,0,0,0,0.0,0,0.0,6,96,2.0,11.4,985.1
11256,4/13/2025 0:00,0,0,0,0.0,0,0.0,80,98,1.0,9.9,985.4
11257,4/13/2025 1:00,0,0,0,0.0,0,0.0,29,98,1.2,10.4,985.2
11258,4/13/2025 2:00,4,1,3,16.0,4,25.5,0,98,1.0,11.2,985.5
11259,4/13/2025 3:00,79,38,41,275.0,79,174.4,2,95,2.7,15.8,985.6
11260,4/13/2025 4:00,219,146,73,525.6,219,378.1,12,81,4.8,15.7,985.8
11261,4/13/2025 5:00,367,271,96,649.5,367,568.0,67,59,7.2,18.1,986.2
11262,4/13/2025 6:00,501,384,117,715.0,501,731.1,100,50,9.0,19.6,986.1
11263,4/13/2025 7:00,599,465,134,739.2,599,856.3,97,44,10.6,25.8,986.1
11264,4/13/2025 8:00,476,274,202,398.9,476,935.1,100,39,11.2,29.4,986.2
11265,4/13/2025 9:00,215,8,207,11.3,215,962.1,93,40,10.8,27.0,985.8
11266,4/13/2025 10:00,415,188,227,273.5,415,935.6,73,42,11.2,27.0,986.0
11267,4/13/2025 11:00,452,266,186,422.3,452,857.3,99,41,11.6,25.5,985.9
11268,4/13/2025 12:00,395,203,192,377.1,395,732.7,84,42,11.6,22.0,985.9
11269,4/13/2025 13:00,256,140,116,334.2,256,570.2,75,41,11.4,22.4,986.4
11270,4/13/2025 14:00,161,70,91,250.0,161,381.0,94,43,10.8,16.4,986.3
11271,4/13/2025 15:00,68,22,46,157.7,68,178.0,99,48,9.1,10.9,986.5
11272,4/13/2025 16:00,2,0,2,0.0,2,27.6,95,59,7.6,8.3,987.3
11273,4/13/2025 17:00,0,0,0,0.0,0,0.0,100,68,4.8,4.8,987.8
11274,4/13/2025 18:00,0,0,0,0.0,0,0.0,100,78,4.1,10.0,988.7
11275,4/13/2025 19:00,0,0,0,0.0,0,0.0,100,88,3.2,4.7,988.8
11276,4/13/2025 20:00,0,0,0,0.0,0,0.0,100,95,3.2,4.4,989.2
11277,4/13/2025 21:00,0,0,0,0.0,0,0.0,100,95,3.1,4.5,989.2
11278,4/13/2025 22:00,0,0,0,0.0,0,0.0,100,94,2.8,8.2,989.5
11279,4/13/2025 23:00,0,0,0,0.0,0,0.0,100,99,1.8,9.1,990.1
11280,4/14/2025 0:00,0,0,0,0.0,0,0.0,100,99,1.5,9.3,990.4
11281,4/14/2025 1:00,0,0,0,0.0,0,0.0,99,97,2.1,10.7,990.6
11282,4/14/2025 2:00,2,0,2,0.0,2,29.4,100,97,2.0,10.3,991.3
11283,4/14/2025 3:00,52,5,47,35.5,52,182.0,26,92,2.5,11.9,992.1
11284,4/14/2025 4:00,210,127,83,448.4,210,385.4,5,55,3.8,17.1,992.8
11285,4/14/2025 5:00,367,262,105,620.1,367,574.9,99,46,4.9,21.6,993.6
11286,4/14/2025 6:00,338,139,199,256.4,338,737.5,100,46,5.3,19.2,994.2
11287,4/14/2025 7:00,259,29,230,45.8,259,862.4,100,47,5.3,16.3,994.7
11288,4/14/2025 8:00,269,38,231,55.0,269,940.8,100,45,5.8,15.7,995.0
11289,4/14/2025 9:00,266,30,236,42.2,266,967.6,100,41,6.3,16.2,995.6
11290,4/14/2025 10:00,329,71,258,102.7,329,940.9,100,37,7.1,16.8,995.9
11291,4/14/2025 11:00,286,62,224,97.8,286,862.5,63,35,7.3,17.9,996.3
11292,4/14/2025 12:00,349,132,217,243.3,349,737.9,62,35,7.8,19.3,996.6
11293,4/14/2025 13:00,277,113,164,267.1,277,575.6,100,29,8.8,18.5,996.2
11294,4/14/2025 14:00,148,24,124,84.5,148,386.6,6,30,8.6,17.6,996.5
11295,4/14/2025 15:00,85,41,44,289.4,85,183.8,0,37,6.2,7.0,996.7
11296,4/14/2025 16:00,5,1,4,15.1,5,30.6,1,44,3.9,8.3,997.6
11297,4/14/2025 17:00,0,0,0,0.0,0,0.0,0,50,2.6,7.6,998.5
11298,4/14/2025 18:00,0,0,0,0.0,0,0.0,0,56,1.4,7.3,999.0
11299,4/14/2025 19:00,0,0,0,0.0,0,0.0,0,61,0.6,6.9,999.6
11300,4/14/2025 20:00,0,0,0,0.0,0,0.0,1,65,-0.1,5.5,999.9
11301,4/14/2025 21:00,0,0,0,0.0,0,0.0,5,67,-0.2,3.0,1000.3
11302,4/14/2025 22:00,0,0,0,0.0,0,0.0,1,71,-0.9,4.8,1000.5
11303,4/14/2025 23:00,0,0,0,0.0,0,0.0,1,72,-0.9,7.2,1000.7
11304,4/15/2025 0:00,0,0,0,0.0,0,0.0,1,70,-0.4,8.6,1001.0
11305,4/15/2025 1:00,0,0,0,0.0,0,0.0,0,79,-1.4,7.0,1001.4
11306,4/15/2025 2:00,6,1,5,14.7,6,33.1,0,77,-1.2,6.3,1002.0
11307,4/15/2025 3:00,87,44,43,306.2,87,189.4,16,65,1.5,8.6,1002.8
11308,4/15/2025 4:00,229,154,75,533.6,229,392.5,3,53,4.8,6.5,1003.1
11309,4/15/2025 5:00,382,288,94,673.4,382,581.6,8,43,7.8,8.9,1003.5
11310,4/15/2025 6:00,520,415,105,758.6,520,743.8,10,35,10.1,12.3,1003.3
11311,4/15/2025 7:00,629,516,113,808.1,629,868.3,15,30,11.4,17.0,1003.1
11312,4/15/2025 8:00,698,580,118,833.3,698,946.4,45,28,12.1,18.2,1002.6
11313,4/15/2025 9:00,720,598,122,835.7,720,972.9,15,28,12.9,18.0,1002.1
11314,4/15/2025 10:00,698,580,118,833.6,698,946.1,18,28,13.3,18.3,1001.5
11315,4/15/2025 11:00,629,516,113,808.6,629,867.6,16,28,13.6,18.5,1001.1
11316,4/15/2025 12:00,521,416,105,761.1,521,743.1,19,29,13.5,18.6,1000.5
11317,4/15/2025 13:00,380,284,96,664.7,380,580.9,36,28,14.1,18.5,999.5
11318,4/15/2025 14:00,230,154,76,534.0,230,392.1,6,30,13.3,16.8,998.9
11319,4/15/2025 15:00,89,45,44,313.0,89,189.6,7,36,11.1,13.9,998.5
11320,4/15/2025 16:00,6,1,5,14.6,6,33.6,8,43,8.7,13.3,998.3
11321,4/15/2025 17:00,0,0,0,0.0,0,0.0,13,46,7.7,13.5,998.5
11322,4/15/2025 18:00,0,0,0,0.0,0,0.0,13,49,6.9,13.6,998.3
11323,4/15/2025 19:00,0,0,0,0.0,0,0.0,12,50,6.4,13.8,998.2
11324,4/15/2025 20:00,0,0,0,0.0,0,0.0,9,52,5.9,13.8,997.8
11325,4/15/2025 21:00,0,0,0,0.0,0,0.0,12,55,5.5,13.8,997.1
11326,4/15/2025 22:00,0,0,0,0.0,0,0.0,9,57,5.2,14.3,997.0
11327,4/15/2025 23:00,0,0,0,0.0,0,0.0,4,60,5.0,14.0,996.6
11328,4/16/2025 0:00,0,0,0,0.0,0,0.0,3,63,4.7,14.1,996.2
11329,4/16/2025 1:00,0,0,0,0.0,0,0.0,0,66,5.1,15.0,995.6
11330,4/16/2025 2:00,7,1,6,14.1,7,36.8,0,68,5.0,14.8,995.4
11331,4/16/2025 3:00,90,46,44,314.2,90,196.8,0,63,6.7,15.3,995.4
11332,4/16/2025 4:00,232,157,75,534.2,232,399.4,23,56,9.2,14.8,995.3
11333,4/16/2025 5:00,377,278,99,642.4,377,588.1,63,48,11.9,16.8,995.1
11334,4/16/2025 6:00,500,363,137,657.7,500,750.0,98,42,14.2,18.5,995.2
11335,4/16/2025 7:00,553,339,214,527.1,553,874.1,99,39,15.7,19.4,995.1
11336,4/16/2025 8:00,476,187,289,267.0,476,951.9,100,38,16.2,21.3,995.2
11337,4/16/2025 9:00,261,22,239,30.6,261,978.2,2,45,15.4,19.8,995.3
11338,4/16/2025 10:00,682,559,123,798.6,682,951.1,11,41,17.3,23.6,995.2
11339,4/16/2025 11:00,605,474,131,738.1,605,872.7,4,34,18.0,22.1,995.1
11340,4/16/2025 12:00,514,405,109,735.6,514,748.1,42,27,18.0,24.0,995.3
11341,4/16/2025 13:00,386,293,93,679.3,386,586.1,100,26,18.0,23.7,995.4
11342,4/16/2025 14:00,193,69,124,235.8,193,397.5,27,28,16.8,18.7,995.4
11343,4/16/2025 15:00,91,44,47,301.6,91,195.4,0,35,14.5,15.4,995.8
11344,4/16/2025 16:00,7,2,5,28.3,7,36.5,0,40,11.8,13.0,996.4
11345,4/16/2025 17:00,0,0,0,0.0,0,0.0,0,40,10.2,13.4,996.8
11346,4/16/2025 18:00,0,0,0,0.0,0,0.0,0,42,9.4,13.4,997.0
11347,4/16/2025 19:00,0,0,0,0.0,0,0.0,0,46,8.4,13.6,997.2
11348,4/16/2025 20:00,0,0,0,0.0,0,0.0,0,53,7.2,12.7,997.6
11349,4/16/2025 21:00,0,0,0,0.0,0,0.0,1,56,6.2,12.4,998.3
11350,4/16/2025 22:00,0,0,0,0.0,0,0.0,12,59,5.0,11.7,998.7
11351,4/16/2025 23:00,0,0,0,0.0,0,0.0,65,64,3.8,10.2,999.2
11352,4/17/2025 0:00,0,0,0,0.0,0,0.0,84,68,2.7,8.4,999.7
11353,4/17/2025 1:00,0,0,0,0.0,0,0.0,84,70,2.2,8.0,999.4
11354,4/17/2025 2:00,8,2,6,27.2,8,40.5,80,71,1.9,8.2,999.8
11355,4/17/2025 3:00,96,48,48,319.7,96,204.0,38,65,3.7,8.2,999.9
11356,4/17/2025 4:00,242,165,77,551.7,242,406.3,49,55,6.2,4.4,1000.0
11357,4/17/2025 5:00,395,296,99,676.2,395,594.6,8,44,8.6,3.5,999.9
11358,4/17/2025 6:00,535,430,105,772.5,535,756.1,26,38,10.6,6.2,999.5
11359,4/17/2025 7:00,637,513,124,792.0,637,879.8,13,35,12.5,9.4,999.3
11360,4/17/2025 8:00,710,592,118,839.9,710,957.3,28,31,14.2,13.0,998.7
11361,4/17/2025 9:00,733,615,118,849.5,733,983.3,88,27,15.6,15.1,997.8
11362,4/17/2025 10:00,706,582,124,826.7,706,956.1,100,25,16.5,16.5,996.7
11363,4/17/2025 11:00,633,503,130,778.4,633,877.6,100,24,17.0,17.4,996.0
11364,4/17/2025 12:00,517,386,131,696.1,517,753.1,97,21,17.2,20.3,995.4
11365,4/17/2025 13:00,391,295,96,677.6,391,591.2,14,24,17.6,20.3,994.3
11366,4/17/2025 14:00,239,165,74,556.1,239,402.9,1,25,16.9,18.5,994.0
11367,4/17/2025 15:00,95,50,45,337.7,95,201.1,8,29,14.6,12.3,994.0
11368,4/17/2025 16:00,8,2,6,27.5,8,39.4,36,39,11.0,2.3,993.3
11369,4/17/2025 17:00,0,0,0,0.0,0,0.0,37,43,9.4,4.6,992.9
11370,4/17/2025 18:00,0,0,0,0.0,0,0.0,97,48,8.6,8.4,992.5
11371,4/17/2025 19:00,0,0,0,0.0,0,0.0,17,48,9.4,8.3,992.5
11372,4/17/2025 20:00,0,0,0,0.0,0,0.0,56,54,7.8,8.5,992.2
11373,4/17/2025 21:00,0,0,0,0.0,0,0.0,100,53,8.1,9.9,992.2
11374,4/17/2025 22:00,0,0,0,0.0,0,0.0,100,50,9.0,10.7,991.9
11375,4/17/2025 23:00,0,0,0,0.0,0,0.0,100,50,9.9,10.3,991.8
11376,4/18/2025 0:00,0,0,0,0.0,0,0.0,100,51,10.3,11.0,991.6
11377,4/18/2025 1:00,0,0,0,0.0,0,0.0,100,51,10.9,13.7,991.8
11378,4/18/2025 2:00,9,0,9,0.0,9,44.1,100,57,9.4,11.3,991.9
11379,4/18/2025 3:00,80,15,65,96.5,80,211.1,100,56,10.1,11.6,991.9
11380,4/18/2025 4:00,200,76,124,249.8,200,413.0,100,52,12.0,10.1,991.8
11381,4/18/2025 5:00,347,194,153,438.3,347,600.9,100,46,14.4,9.6,991.8
11382,4/18/2025 6:00,477,306,171,545.1,477,762.0,100,41,16.4,11.3,991.6
11383,4/18/2025 7:00,587,395,192,605.6,587,885.3,100,37,18.1,13.3,991.6
11384,4/18/2025 8:00,648,435,213,613.5,648,962.5,46,32,19.5,15.3,991.3
11385,4/18/2025 9:00,716,585,131,803.4,716,988.3,0,29,20.2,17.2,991.1
11386,4/18/2025 10:00,700,587,113,829.1,700,961.0,100,27,20.8,18.1,990.7
11387,4/18/2025 11:00,213,10,203,15.4,213,882.5,100,33,18.9,21.0,990.7
11388,4/18/2025 12:00,172,26,146,46.6,172,758.0,72,40,17.2,21.8,990.7
11389,4/18/2025 13:00,328,196,132,446.1,328,596.3,12,36,18.2,23.0,990.5
11390,4/18/2025 14:00,235,159,76,528.6,235,408.2,80,40,17.2,15.3,990.2
11391,4/18/2025 15:00,94,47,47,308.6,94,206.7,98,48,14.9,9.5,990.0
11392,4/18/2025 16:00,9,2,7,26.7,9,42.3,85,59,12.2,8.7,989.8
11393,4/18/2025 17:00,0,0,0,0.0,0,0.0,90,66,11.1,10.5,989.9
11394,4/18/2025 18:00,0,0,0,0.0,0,0.0,21,73,10.1,10.0,989.7
11395,4/18/2025 19:00,0,0,0,0.0,0,0.0,3,81,9.2,8.3,989.5
11396,4/18/2025 20:00,0,0,0,0.0,0,0.0,7,85,8.6,7.9,989.7
11397,4/18/2025 21:00,0,0,0,0.0,0,0.0,3,88,8.1,7.7,989.6
11398,4/18/2025 22:00,0,0,0,0.0,0,0.0,7,88,7.7,7.2,989.6
11399,4/18/2025 23:00,0,0,0,0.0,0,0.0,4,89,7.5,8.1,989.9
11400,4/19/2025 0:00,0,0,0,0.0,0,0.0,16,90,7.2,7.6,989.9
11401,4/19/2025 1:00,0,0,0,0.0,0,0.0,3,91,7.4,7.0,989.9
11402,4/19/2025 2:00,11,3,8,38.0,11,47.7,1,91,7.7,6.8,989.9
11403,4/19/2025 3:00,100,52,48,323.5,100,218.1,0,83,9.9,8.8,990.3
11404,4/19/2025 4:00,241,164,77,530.2,241,419.7,0,71,12.9,5.6,990.3
11405,4/19/2025 5:00,389,296,93,661.4,389,607.2,18,58,15.9,7.0,990.5
11406,4/19/2025 6:00,523,417,106,736.8,523,767.9,64,51,18.4,9.9,990.3
11407,4/19/2025 7:00,628,514,114,782.8,628,890.9,79,45,20.2,13.8,990.3
11408,4/19/2025 8:00,693,574,119,804.7,693,967.7,73,39,21.6,18.2,990.0
11409,4/19/2025 9:00,684,544,140,743.0,684,993.3,54,36,22.3,18.4,989.6
11410,4/19/2025 10:00,626,480,146,674.2,626,965.9,73,32,23.0,18.2,988.9
11411,4/19/2025 11:00,404,212,192,324.1,404,887.3,100,34,22.2,20.8,988.8
11412,4/19/2025 12:00,241,43,198,76.5,241,762.9,100,35,21.8,18.4,988.4
11413,4/19/2025 13:00,275,120,155,270.7,275,601.3,60,33,22.6,18.1,987.7
11414,4/19/2025 14:00,184,95,89,311.6,184,413.5,37,37,21.5,12.6,987.2
11415,4/19/2025 15:00,78,30,48,191.6,78,212.4,13,45,19.2,10.4,987.1
11416,4/19/2025 16:00,9,2,7,25.9,9,45.1,6,54,16.0,8.2,987.0
11417,4/19/2025 17:00,0,0,0,0.0,0,0.0,11,58,14.8,9.3,986.8
11418,4/19/2025 18:00,0,0,0,0.0,0,0.0,7,54,15.1,12.6,986.6
11419,4/19/2025 19:00,0,0,0,0.0,0,0.0,9,54,14.6,13.2,986.5
11420,4/19/2025 20:00,0,0,0,0.0,0,0.0,4,57,14.1,13.9,986.4
11421,4/19/2025 21:00,0,0,0,0.0,0,0.0,0,62,13.2,12.7,986.3
11422,4/19/2025 22:00,0,0,0,0.0,0,0.0,0,67,12.3,13.0,986.1
11423,4/19/2025 23:00,0,0,0,0.0,0,0.0,0,70,11.9,14.1,986.2
11424,4/20/2025 0:00,0,0,0,0.0,0,0.0,0,74,11.4,13.6,986.2
11425,4/20/2025 1:00,0,0,0,0.0,0,0.0,0,73,12.0,12.6,985.7
11426,4/20/2025 2:00,12,3,9,36.7,12,51.2,1,74,12.1,14.3,986.0
11427,4/20/2025 3:00,104,55,49,331.3,104,225.1,14,67,14.0,18.2,986.3
11428,4/20/2025 4:00,243,164,79,521.7,243,426.3,11,61,16.1,18.6,986.5
11429,4/20/2025 5:00,385,288,97,636.7,385,613.4,12,57,17.8,21.1,986.4
11430,4/20/2025 6:00,520,411,109,720.3,520,773.7,6,50,19.6,22.6,986.3
11431,4/20/2025 7:00,617,497,120,751.9,617,896.3,8,42,21.4,23.0,986.4
11432,4/20/2025 8:00,680,554,126,772.1,680,972.9,3,37,22.9,24.3,986.4
11433,4/20/2025 9:00,712,592,120,804.1,712,998.2,50,41,22.0,27.0,986.4
11434,4/20/2025 10:00,564,374,190,522.4,564,970.6,66,36,23.2,27.5,986.1
11435,4/20/2025 11:00,373,226,147,343.5,373,892.0,41,32,23.1,23.8,986.2
11436,4/20/2025 12:00,461,321,140,566.8,461,767.8,75,31,23.7,24.2,986.2
11437,4/20/2025 13:00,285,136,149,304.1,285,606.4,69,46,20.4,16.0,987.0
11438,4/20/2025 14:00,200,102,98,330.2,200,418.8,33,42,21.0,12.8,986.9
11439,4/20/2025 15:00,94,44,50,273.7,94,218.0,34,43,19.8,17.0,986.9
11440,4/20/2025 16:00,10,2,8,25.2,10,48.0,10,46,17.8,12.1,987.0
11441,4/20/2025 17:00,0,0,0,0.0,0,0.0,94,54,15.5,9.5,987.3
11442,4/20/2025 18:00,0,0,0,0.0,0,0.0,100,55,15.0,8.7,987.6
11443,4/20/2025 19:00,0,0,0,0.0,0,0.0,100,60,13.5,6.7,987.5
11444,4/20/2025 20:00,0,0,0,0.0,0,0.0,100,60,13.3,6.4,987.9
11445,4/20/2025 21:00,0,0,0,0.0,0,0.0,98,64,12.1,4.0,988.1
11446,4/20/2025 22:00,0,0,0,0.0,0,0.0,42,62,11.2,7.0,987.8
11447,4/20/2025 23:00,0,0,0,0.0,0,0.0,57,59,11.6,9.8,988.0
11448,4/21/2025 0:00,0,0,0,0.0,0,0.0,22,62,10.9,9.8,988.1
11449,4/21/2025 1:00,0,0,0,0.0,0,0.0,0,58,11.6,11.6,988.3
11450,4/21/2025 2:00,15,4,11,47.4,15,54.7,1,56,11.7,11.9,988.8
11451,4/21/2025 3:00,112,62,50,362.2,112,232.0,26,51,13.6,13.0,989.4
11452,4/21/2025 4:00,244,151,93,472.8,244,432.8,1,47,15.8,12.0,989.8
11453,4/21/2025 5:00,409,317,92,693.5,409,619.5,0,41,18.0,14.5,990.1
11454,4/21/2025 6:00,543,440,103,765.0,543,779.4,0,36,20.0,15.9,990.4
11455,4/21/2025 7:00,640,521,119,783.0,640,901.7,0,33,21.8,16.4,990.7
11456,4/21/2025 8:00,715,597,118,827.3,715,978.0,51,28,23.4,19.4,990.9
11457,4/21/2025 9:00,564,359,205,485.0,564,1003.1,40,23,23.5,22.2,990.8
11458,4/21/2025 10:00,584,392,192,544.6,584,975.4,13,22,23.6,25.2,990.8
11459,4/21/2025 11:00,596,455,141,687.6,596,896.7,28,21,24.0,22.7,991.0
11460,4/21/2025 12:00,481,346,135,606.9,481,772.5,69,20,23.9,22.7,991.0
11461,4/21/2025 13:00,330,219,111,485.4,330,611.3,55,21,23.5,18.0,991.0
11462,4/21/2025 14:00,201,105,96,335.5,201,424.1,9,25,22.1,13.2,990.8
11463,4/21/2025 15:00,106,56,50,339.4,106,223.5,18,34,19.0,7.4,990.4
11464,4/21/2025 16:00,12,3,9,36.8,12,50.8,12,39,16.8,11.0,990.6
11465,4/21/2025 17:00,0,0,0,0.0,0,0.0,58,36,16.5,14.4,991.1
11466,4/21/2025 18:00,0,0,0,0.0,0,0.0,97,35,15.5,13.8,991.1
11467,4/21/2025 19:00,0,0,0,0.0,0,0.0,33,36,14.9,13.7,991.4
11468,4/21/2025 20:00,0,0,0,0.0,0,0.0,75,40,13.6,11.5,991.3
11469,4/21/2025 21:00,0,0,0,0.0,0,0.0,44,41,12.9,9.9,991.2
11470,4/21/2025 22:00,0,0,0,0.0,0,0.0,95,44,12.2,10.3,991.3
11471,4/21/2025 23:00,0,0,0,0.0,0,0.0,98,48,11.8,11.0,991.3
11472,4/22/2025 0:00,0,0,0,0.0,0,0.0,96,51,11.4,9.9,991.4
11473,4/22/2025 1:00,0,0,0,0.0,0,0.0,60,53,11.0,10.9,991.5
11474,4/22/2025 2:00,16,5,11,57.5,16,58.1,30,55,11.0,12.4,991.8
11475,4/22/2025 3:00,116,62,54,351.6,116,238.9,12,50,12.9,13.1,992.2
11476,4/22/2025 4:00,264,186,78,573.6,264,439.3,3,46,15.6,11.6,992.1
11477,4/22/2025 5:00,416,324,92,701.5,416,625.6,7,42,18.0,12.3,992.1
11478,4/22/2025 6:00,551,447,104,771.2,551,785.1,10,37,20.1,16.5,992.1
11479,4/22/2025 7:00,656,545,111,813.9,656,907.0,28,32,22.0,20.9,992.0
11480,4/22/2025 8:00,678,551,127,759.2,678,982.9,21,26,22.8,26.3,991.7
11481,4/22/2025 9:00,667,520,147,698.8,667,1007.9,9,24,23.3,24.9,991.3
11482,4/22/2025 10:00,684,552,132,762.8,684,980.0,25,23,23.8,24.0,990.9
11483,4/22/2025 11:00,600,459,141,689.7,600,901.4,3,23,23.8,22.1,990.6
11484,4/22/2025 12:00,535,428,107,745.7,535,777.3,6,23,23.8,22.4,990.1
11485,4/22/2025 13:00,404,309,95,679.1,404,616.2,32,23,23.5,21.7,989.8
11486,4/22/2025 14:00,215,132,83,416.4,215,429.2,24,27,22.2,16.0,989.5
11487,4/22/2025 15:00,98,51,47,301.5,98,229.1,6,33,19.9,11.6,989.3
11488,4/22/2025 16:00,14,4,10,47.8,14,53.6,19,38,17.4,12.4,989.4
11489,4/22/2025 17:00,0,0,0,0.0,0,0.0,26,38,16.8,13.6,989.5
11490,4/22/2025 18:00,0,0,0,0.0,0,0.0,49,40,16.1,19.8,989.7
11491,4/22/2025 19:00,0,0,0,0.0,0,0.0,1,42,15.9,17.3,989.7
11492,4/22/2025 20:00,0,0,0,0.0,0,0.0,26,48,14.3,14.9,989.7
11493,4/22/2025 21:00,0,0,0,0.0,0,0.0,0,55,13.3,13.6,989.7
11494,4/22/2025 22:00,0,0,0,0.0,0,0.0,10,61,12.4,12.1,989.5
11495,4/22/2025 23:00,0,0,0,0.0,0,0.0,20,66,11.9,12.1,989.5
11496,4/23/2025 0:00,0,0,0,0.0,0,0.0,29,71,11.1,12.2,989.6
11497,4/23/2025 1:00,0,0,0,0.0,0,0.0,57,68,10.9,8.2,989.6
11498,4/23/2025 2:00,18,5,13,55.8,18,61.5,19,69,11.1,8.9,989.6
11499,4/23/2025 3:00,121,68,53,374.8,121,245.6,13,65,13.1,7.7,990.0
11500,4/23/2025 4:00,260,178,82,540.8,260,445.6,9,58,15.4,4.6,990.5
11501,4/23/2025 5:00,405,299,106,641.0,405,631.5,10,51,17.3,7.7,990.6
11502,4/23/2025 6:00,541,429,112,734.5,541,790.6,0,47,19.0,11.3,990.7
11503,4/23/2025 7:00,655,544,111,807.3,655,912.2,0,44,20.4,15.2,990.6
11504,4/23/2025 8:00,719,604,115,827.7,719,987.9,1,40,21.7,16.8,990.6
11505,4/23/2025 9:00,738,621,117,830.2,738,1012.6,10,38,22.4,16.8,990.2
11506,4/23/2025 10:00,703,575,128,790.5,703,984.6,14,37,22.9,15.6,990.1
11507,4/23/2025 11:00,630,509,121,760.5,630,905.9,65,45,21.2,14.8,990.0
11508,4/23/2025 12:00,423,271,152,469.1,423,781.9,33,38,21.8,3.3,989.5
11509,4/23/2025 13:00,370,248,122,540.4,370,621.1,36,36,21.4,7.6,989.5
11510,4/23/2025 14:00,229,153,76,476.7,229,434.4,29,40,20.8,4.9,989.3
11511,4/23/2025 15:00,107,56,51,323.1,107,234.6,5,56,18.5,3.0,989.1
11512,4/23/2025 16:00,15,4,11,46.7,15,56.4,10,62,15.4,7.2,988.8
11513,4/23/2025 17:00,0,0,0,0.0,0,0.0,2,62,14.7,8.3,988.6
11514,4/23/2025 18:00,0,0,0,0.0,0,0.0,12,63,13.6,7.8,988.4
11515,4/23/2025 19:00,0,0,0,0.0,0,0.0,7,63,13.6,8.3,988.0
11516,4/23/2025 20:00,0,0,0,0.0,0,0.0,1,65,13.1,9.2,987.6
11517,4/23/2025 21:00,0,0,0,0.0,0,0.0,1,68,12.6,8.9,987.4
11518,4/23/2025 22:00,0,0,0,0.0,0,0.0,0,69,12.3,9.6,987.0
11519,4/23/2025 23:00,0,0,0,0.0,0,0.0,2,70,11.8,9.2,986.8
11520,4/24/2025 0:00,0,0,0,0.0,0,0.0,2,71,11.4,9.0,986.6
11521,4/24/2025 1:00,0,0,0,0.0,0,0.0,11,72,10.9,8.6,986.5
11522,4/24/2025 2:00,20,6,14,65.1,20,64.9,7,69,11.6,10.2,986.5
11523,4/24/2025 3:00,124,70,54,375.4,124,252.3,1,64,13.5,11.2,986.4
11524,4/24/2025 4:00,269,189,80,565.9,269,451.9,2,57,15.6,9.5,986.3
11525,4/24/2025 5:00,417,322,95,683.5,417,637.4,10,51,17.9,8.5,985.7
11526,4/24/2025 6:00,549,441,108,749.5,549,796.1,1,45,20.1,10.4,985.5
11527,4/24/2025 7:00,643,524,119,772.9,643,917.3,13,40,22.0,11.6,984.9
11528,4/24/2025 8:00,718,598,120,815.0,718,992.7,17,34,23.2,11.7,984.3
11529,4/24/2025 9:00,707,559,148,743.5,707,1017.2,78,44,21.2,11.5,984.4
11530,4/24/2025 10:00,497,260,237,355.6,497,989.1,19,37,21.8,12.1,983.4
11531,4/24/2025 11:00,625,497,128,738.5,625,910.4,100,53,19.2,24.1,983.3
11532,4/24/2025 12:00,297,91,206,156.5,297,786.6,58,50,19.7,3.5,982.4
11533,4/24/2025 13:00,327,177,150,382.5,327,625.9,100,37,20.8,25.3,982.0
11534,4/24/2025 14:00,129,18,111,55.4,129,439.5,100,58,17.8,8.0,981.2
11535,4/24/2025 15:00,91,18,73,101.4,91,240.0,99,65,16.8,4.9,981.0
11536,4/24/2025 16:00,14,0,14,0.0,14,59.2,69,73,14.6,5.4,980.6
11537,4/24/2025 17:00,0,0,0,0.0,0,0.0,63,81,13.0,5.6,980.3
11538,4/24/2025 18:00,0,0,0,0.0,0,0.0,54,86,11.9,5.9,979.7
11539,4/24/2025 19:00,0,0,0,0.0,0,0.0,100,84,11.9,7.8,979.2
11540,4/24/2025 20:00,0,0,0,0.0,0,0.0,100,77,12.3,9.5,978.8
11541,4/24/2025 21:00,0,0,0,0.0,0,0.0,97,70,12.6,11.8,978.6
11542,4/24/2025 22:00,0,0,0,0.0,0,0.0,100,71,12.1,8.2,978.2
11543,4/24/2025 23:00,0,0,0,0.0,0,0.0,100,77,10.9,5.5,977.5
11544,4/25/2025 0:00,0,0,0,0.0,0,0.0,100,75,11.2,7.7,977.5
11545,4/25/2025 1:00,0,0,0,0.0,0,0.0,100,80,12.9,8.5,978.0
11546,4/25/2025 2:00,9,0,9,0.0,9,68.2,100,84,12.8,6.1,977.9
11547,4/25/2025 3:00,34,0,34,0.0,34,258.9,100,88,13.1,7.6,978.3
11548,4/25/2025 4:00,122,9,113,26.6,122,458.1,100,91,13.6,2.9,977.9
11549,4/25/2025 5:00,121,29,92,61.0,121,643.2,100,90,13.8,0.8,978.0
11550,4/25/2025 6:00,194,50,144,84.4,194,801.5,100,87,14.3,1.6,977.9
11551,4/25/2025 7:00,166,11,155,16.1,166,922.3,100,85,14.4,4.8,977.8
11552,4/25/2025 8:00,256,53,203,71.9,256,997.4,100,79,15.5,5.0,977.3
11553,4/25/2025 9:00,207,0,207,0.0,207,1021.7,100,75,16.1,5.2,976.8
11554,4/25/2025 10:00,437,121,316,164.7,437,993.5,100,68,17.6,5.2,976.0
11555,4/25/2025 11:00,424,129,295,190.7,424,914.9,100,61,18.4,10.4,975.8
11556,4/25/2025 12:00,241,18,223,30.8,241,791.1,100,63,17.4,10.6,975.4
11557,4/25/2025 13:00,141,15,126,32.2,141,630.7,100,86,14.4,4.3,975.5
11558,4/25/2025 14:00,75,2,73,6.1,75,444.5,100,82,14.6,3.2,975.2
11559,4/25/2025 15:00,53,2,51,11.0,53,245.4,100,89,14.4,0.6,975.0
11560,4/25/2025 16:00,11,0,11,0.0,11,61.9,100,91,13.1,1.2,974.6
11561,4/25/2025 17:00,0,0,0,0.0,0,0.0,100,97,11.6,1.9,974.5
11562,4/25/2025 18:00,0,0,0,0.0,0,0.0,91,100,10.9,0.8,974.4
11563,4/25/2025 19:00,0,0,0,0.0,0,0.0,99,100,10.4,0.3,974.2
11564,4/25/2025 20:00,0,0,0,0.0,0,0.0,100,100,9.7,0.4,974.1
11565,4/25/2025 21:00,0,0,0,0.0,0,0.0,100,100,9.3,3.9,973.9
11566,4/25/2025 22:00,0,0,0,0.0,0,0.0,100,100,9.0,4.6,973.9
11567,4/25/2025 23:00,0,0,0,0.0,0,0.0,100,100,9.0,3.9,974.0
11568,4/26/2025 0:00,0,0,0,0.0,0,0.0,100,99,8.8,2.3,974.2
11569,4/26/2025 1:00,0,0,0,0.0,0,0.0,100,98,9.2,3.1,974.4
11570,4/26/2025 2:00,13,1,12,10.3,13,71.5,100,99,9.1,0.9,974.5
11571,4/26/2025 3:00,75,6,69,30.6,75,265.4,100,98,9.6,1.5,974.8
11572,4/26/2025 4:00,176,29,147,84.4,176,464.2,100,97,10.9,2.0,975.0
11573,4/26/2025 5:00,302,93,209,193.7,302,648.8,55,85,13.4,3.6,975.3
11574,4/26/2025 6:00,525,364,161,609.8,525,806.8,38,70,16.4,5.6,975.3
11575,4/26/2025 7:00,627,469,158,683.6,627,927.2,23,61,18.1,7.1,975.4
11576,4/26/2025 8:00,646,504,142,679.7,646,1002.1,40,55,19.0,12.0,975.4
11577,4/26/2025 9:00,611,422,189,555.8,611,1026.1,39,54,19.7,13.0,975.3
11578,4/26/2025 10:00,625,447,178,605.4,625,997.9,34,50,20.5,12.9,975.2
11579,4/26/2025 11:00,560,420,140,617.4,560,919.2,15,47,20.8,12.1,975.0
11580,4/26/2025 12:00,513,395,118,670.9,513,795.6,7,44,21.0,11.2,974.7
11581,4/26/2025 13:00,358,264,94,561.5,358,635.4,18,47,20.3,8.6,974.6
11582,4/26/2025 14:00,238,157,81,471.9,238,449.5,30,49,19.7,7.0,974.1
11583,4/26/2025 15:00,112,58,54,312.5,112,250.8,51,62,17.4,6.9,974.3
11584,4/26/2025 16:00,16,4,12,43.5,16,64.6,75,74,15.0,12.2,974.9
11585,4/26/2025 17:00,0,0,0,0.0,0,0.0,48,87,13.2,5.7,974.6
11586,4/26/2025 18:00,0,0,0,0.0,0,0.0,47,91,11.9,3.9,974.1
11587,4/26/2025 19:00,0,0,0,0.0,0,0.0,83,93,12.0,9.3,974.5
11588,4/26/2025 20:00,0,0,0,0.0,0,0.0,41,93,11.8,10.8,973.9
11589,4/26/2025 21:00,0,0,0,0.0,0,0.0,20,93,11.2,8.1,973.1
11590,4/26/2025 22:00,0,0,0,0.0,0,0.0,15,95,10.1,6.1,972.7
11591,4/26/2025 23:00,0,0,0,0.0,0,0.0,25,97,9.4,6.0,972.9
11592,4/27/2025 0:00,0,0,0,0.0,0,0.0,85,99,8.4,5.2,973.0
11593,4/27/2025 1:00,0,0,0,0.0,0,0.0,100,85,8.1,12.5,973.5
11594,4/27/2025 2:00,11,0,11,0.0,11,74.7,100,80,7.7,12.6,973.8
11595,4/27/2025 3:00,63,1,62,5.0,63,271.7,100,75,7.8,11.5,973.8
11596,4/27/2025 4:00,112,3,109,8.6,112,470.1,100,77,8.0,9.2,974.0
11597,4/27/2025 5:00,81,1,80,2.1,81,654.4,80,72,7.9,11.8,974.0
11598,4/27/2025 6:00,468,300,168,499.1,468,811.9,100,59,10.8,11.2,974.4
11599,4/27/2025 7:00,352,65,287,94.2,352,932.1,100,58,10.9,12.6,974.9
11600,4/27/2025 8:00,534,261,273,350.2,534,1006.6,100,58,11.4,14.8,975.2
11601,4/27/2025 9:00,486,175,311,229.4,486,1030.5,100,65,10.5,16.7,975.8
11602,4/27/2025 10:00,384,61,323,82.2,384,1002.2,100,70,9.6,18.2,975.9
11603,4/27/2025 11:00,288,27,261,39.5,288,923.5,100,71,8.7,19.2,976.4
11604,4/27/2025 12:00,155,0,155,0.0,155,800.0,100,72,7.3,20.1,976.6
11605,4/27/2025 13:00,138,2,136,4.2,138,640.0,100,69,6.6,17.3,977.2
11606,4/27/2025 14:00,81,0,81,0.0,81,454.5,100,70,6.2,16.8,977.6
11607,4/27/2025 15:00,28,0,28,0.0,28,256.1,100,71,5.7,17.3,977.2
11608,4/27/2025 16:00,6,0,6,0.0,6,67.3,100,70,5.4,16.6,977.7
11609,4/27/2025 17:00,0,0,0,0.0,0,0.0,100,70,5.2,17.3,977.8
11610,4/27/2025 18:00,0,0,0,0.0,0,0.0,100,77,4.5,17.4,977.5
11611,4/27/2025 19:00,0,0,0,0.0,0,0.0,100,94,3.0,15.5,977.1
11612,4/27/2025 20:00,0,0,0,0.0,0,0.0,100,100,2.0,14.9,976.9
11613,4/27/2025 21:00,0,0,0,0.0,0,0.0,100,100,1.7,17.0,976.6
11614,4/27/2025 22:00,0,0,0,0.0,0,0.0,100,98,1.3,20.9,975.9
11615,4/27/2025 23:00,0,0,0,0.0,0,0.0,100,98,1.0,20.2,975.8
11616,4/28/2025 0:00,0,0,0,0.0,0,0.0,100,95,0.8,22.2,976.0
11617,4/28/2025 1:00,0,0,0,0.0,0,0.0,100,94,0.3,21.6,975.0
11618,4/28/2025 2:00,5,0,5,0.0,5,79.3,100,94,0.0,19.7,975.0
11619,4/28/2025 3:00,22,0,22,0.0,22,278.0,100,93,-0.2,20.6,975.3
11620,4/28/2025 4:00,42,0,42,0.0,42,476.0,100,91,-0.3,18.5,975.5
11621,4/28/2025 5:00,91,0,91,0.0,91,659.8,100,89,-0.2,20.2,975.9
11622,4/28/2025 6:00,91,0,91,0.0,91,817.0,100,88,-0.2,19.1,976.6
11623,4/28/2025 7:00,136,0,136,0.0,136,936.8,100,88,-0.2,18.0,977.2
11624,4/28/2025 8:00,283,2,281,2.7,283,1011.0,100,79,0.3,18.1,977.9
11625,4/28/2025 9:00,398,11,387,14.4,398,1034.8,100,74,0.8,17.8,978.3
11626,4/28/2025 10:00,524,124,400,166.3,524,1006.3,100,68,1.5,16.9,978.7
11627,4/28/2025 11:00,364,48,316,69.8,364,927.7,96,77,0.6,18.8,979.0
11628,4/28/2025 12:00,433,126,307,211.5,433,804.3,100,76,0.2,19.0,979.7
11629,4/28/2025 13:00,185,7,178,14.7,185,644.6,100,78,-0.2,20.5,979.4
11630,4/28/2025 14:00,210,46,164,135.2,210,459.4,100,77,-0.2,24.2,979.9
11631,4/28/2025 15:00,73,0,73,0.0,73,261.3,100,80,-0.7,22.0,980.7
11632,4/28/2025 16:00,14,0,14,0.0,14,69.9,100,81,-1.6,18.2,981.7
11633,4/28/2025 17:00,0,0,0,0.0,0,0.0,100,79,-2.0,22.9,982.2
11634,4/28/2025 18:00,0,0,0,0.0,0,0.0,100,71,-2.1,21.8,982.5
11635,4/28/2025 19:00,0,0,0,0.0,0,0.0,100,84,-1.2,23.8,982.9
11636,4/28/2025 20:00,0,0,0,0.0,0,0.0,100,80,-1.0,23.4,983.5
11637,4/28/2025 21:00,0,0,0,0.0,0,0.0,100,76,-0.8,22.4,983.8
11638,4/28/2025 22:00,0,0,0,0.0,0,0.0,100,74,-0.6,22.2,984.1
11639,4/28/2025 23:00,0,0,0,0.0,0,0.0,100,74,-0.8,20.6,984.7
11640,4/29/2025 0:00,0,0,0,0.0,0,0.0,100,73,-1.1,20.3,985.5
11641,4/29/2025 1:00,0,0,0,0.0,0,0.0,100,71,-0.5,20.4,985.9
11642,4/29/2025 2:00,25,0,25,0.0,25,85.8,100,69,-0.1,19.6,987.1
11643,4/29/2025 3:00,113,17,96,80.7,113,284.1,100,67,0.6,19.3,988.3
11644,4/29/2025 4:00,216,39,177,109.2,216,481.7,100,66,1.5,16.3,989.5
11645,4/29/2025 5:00,405,178,227,361.1,405,665.2,100,51,4.2,19.7,990.7
11646,4/29/2025 6:00,557,311,246,510.6,557,821.9,100,43,5.9,19.8,991.5
11647,4/29/2025 7:00,685,448,237,642.2,685,941.4,34,35,7.1,19.9,992.2
11648,4/29/2025 8:00,797,659,138,875.7,797,1015.4,0,31,8.2,18.5,992.4
11649,4/29/2025 9:00,817,685,132,889.6,817,1038.9,0,30,9.1,19.1,992.3
11650,4/29/2025 10:00,787,661,126,882.7,787,1010.4,0,28,9.7,19.2,992.2
11651,4/29/2025 11:00,713,595,118,861.5,713,931.9,0,27,10.1,20.1,992.2
11652,4/29/2025 12:00,599,491,108,819.3,599,808.6,0,28,10.3,21.0,991.9
11653,4/29/2025 13:00,455,359,96,746.2,455,649.1,0,28,10.4,20.9,991.7
11654,4/29/2025 14:00,296,216,80,627.8,296,464.2,0,29,9.9,19.9,991.5
11655,4/29/2025 15:00,142,86,56,435.4,142,266.5,1,34,8.6,15.4,991.0
11656,4/29/2025 16:00,27,10,17,101.9,27,72.5,0,39,6.6,14.9,990.7
11657,4/29/2025 17:00,0,0,0,0.0,0,0.0,0,39,6.0,17.7,991.2
11658,4/29/2025 18:00,0,0,0,0.0,0,0.0,8,40,5.6,17.5,991.1
11659,4/29/2025 19:00,0,0,0,0.0,0,0.0,100,42,5.2,19.7,991.0
11660,4/29/2025 20:00,0,0,0,0.0,0,0.0,100,42,5.1,19.6,991.1
11661,4/29/2025 21:00,0,0,0,0.0,0,0.0,100,41,5.0,20.4,990.7
11662,4/29/2025 22:00,0,0,0,0.0,0,0.0,100,42,4.7,20.4,990.3
11663,4/29/2025 23:00,0,0,0,0.0,0,0.0,100,43,4.6,21.4,989.8
11664,4/30/2025 0:00,0,0,0,0.0,0,0.0,100,44,4.6,22.5,989.7
11665,4/30/2025 1:00,0,0,0,0.0,0,0.0,100,47,5.1,23.2,989.5
11666,4/30/2025 2:00,15,0,15,0.0,15,92.2,99,48,5.7,24.0,989.1
11667,4/30/2025 3:00,103,22,81,102.3,103,290.2,100,49,6.5,20.8,988.9
11668,4/30/2025 4:00,268,143,125,395.7,268,487.4,100,46,7.8,26.3,988.7
11669,4/30/2025 5:00,363,164,199,329.9,363,670.4,100,42,9.0,29.8,988.7
11670,4/30/2025 6:00,255,15,240,24.5,255,826.8,100,42,8.9,29.1,988.5
11671,4/30/2025 7:00,328,45,283,64.2,328,945.9,100,41,9.9,30.7,988.3
11672,4/30/2025 8:00,563,201,362,265.9,563,1019.6,100,38,11.4,32.9,987.6
11673,4/30/2025 9:00,389,61,328,78.9,389,1043.0,100,39,11.4,35.3,987.3
11674,4/30/2025 10:00,163,1,162,1.3,163,1014.5,100,39,11.1,34.9,987.1
11675,4/30/2025 11:00,166,1,165,1.4,166,935.9,100,43,11.4,41.6,986.9
11676,4/30/2025 12:00,95,0,95,0.0,95,812.8,100,54,10.1,32.5,987.2
11677,4/30/2025 13:00,62,0,62,0.0,62,653.5,100,56,9.4,26.1,987.7
11678,4/30/2025 14:00,34,0,34,0.0,34,468.9,100,57,8.9,25.0,987.6
11679,4/30/2025 15:00,19,0,19,0.0,19,271.6,100,55,9.1,25.2,987.3
11680,4/30/2025 16:00,5,0,5,0.0,5,75.1,100,54,9.1,25.2,987.0
11681,4/30/2025 17:00,0,0,0,0.0,0,0.0,100,52,9.3,24.5,986.7
11682,4/30/2025 18:00,0,0,0,0.0,0,0.0,95,49,9.6,24.2,986.4
11683,4/30/2025 19:00,0,0,0,0.0,0,0.0,100,49,9.1,22.5,986.0
11684,4/30/2025 20:00,0,0,0,0.0,0,0.0,100,48,9.4,22.6,985.7
11685,4/30/2025 21:00,0,0,0,0.0,0,0.0,57,49,9.3,23.3,985.3
11686,4/30/2025 22:00,0,0,0,0.0,0,0.0,97,54,8.4,20.8,985.4
11687,4/30/2025 23:00,0,0,0,0.0,0,0.0,98,81,6.1,18.1,985.4
11688,5/1/2025 0:00,0,0,0,0.0,0,0.0,38,86,5.3,16.8,985.3
11689,5/1/2025 1:00,0,0,0,0.0,0,0.0,100,87,6.4,15.5,985.9
11690,5/1/2025 2:00,19,2,17,18.4,19,98.5,35,86,6.8,13.3,986.3
11691,5/1/2025 3:00,135,63,72,286.9,135,296.1,52,83,7.8,13.3,986.7
11692,5/1/2025 4:00,250,124,126,339.2,250,492.9,99,78,9.1,13.5,986.9
11693,5/1/2025 5:00,346,150,196,299.4,346,675.5,42,73,10.4,10.9,987.2
11694,5/1/2025 6:00,538,374,164,606.3,538,831.5,100,63,11.9,11.9,987.5
11695,5/1/2025 7:00,338,69,269,97.9,338,950.3,100,56,12.2,13.1,987.4
11696,5/1/2025 8:00,190,12,178,15.8,190,1023.8,100,53,12.1,14.3,987.8
11697,5/1/2025 9:00,300,31,269,39.9,300,1047.0,100,49,13.1,15.5,987.8
11698,5/1/2025 10:00,295,49,246,64.9,295,1018.4,36,49,13.1,15.0,987.7
11699,5/1/2025 11:00,587,428,159,613.8,587,939.9,35,43,14.3,18.6,987.7
11700,5/1/2025 12:00,465,330,135,544.5,465,816.9,50,43,14.1,19.5,987.9
11701,5/1/2025 13:00,396,281,115,575.7,396,657.9,100,42,13.9,17.6,988.5
11702,5/1/2025 14:00,245,147,98,418.3,245,473.6,100,48,12.6,15.4,988.8
11703,5/1/2025 15:00,120,42,78,204.6,120,276.7,3,56,11.4,8.2,989.1
11704,5/1/2025 16:00,30,12,18,117.6,30,80.5,100,68,8.6,7.3,989.2
11705,5/1/2025 17:00,0,0,0,0.0,0,0.0,93,68,7.8,10.6,989.7
11706,5/1/2025 18:00,0,0,0,0.0,0,0.0,21,68,7.2,10.7,989.9
11707,5/1/2025 19:00,0,0,0,0.0,0,0.0,100,71,6.2,12.6,990.0
11708,5/1/2025 20:00,0,0,0,0.0,0,0.0,100,74,5.7,14.5,990.4
11709,5/1/2025 21:00,0,0,0,0.0,0,0.0,99,74,5.4,15.2,990.4
11710,5/1/2025 22:00,0,0,0,0.0,0,0.0,100,74,5.2,16.6,990.2
11711,5/1/2025 23:00,0,0,0,0.0,0,0.0,45,78,4.9,16.5,990.0
11712,5/2/2025 0:00,0,0,0,0.0,0,0.0,59,82,4.6,17.0,990.0
11713,5/2/2025 1:00,0,0,0,0.0,0,0.0,100,82,5.8,16.7,990.1
11714,5/2/2025 2:00,28,0,28,0.0,28,104.6,100,80,6.8,15.3,990.3
11715,5/2/2025 3:00,54,0,54,0.0,54,301.8,100,87,7.3,14.7,989.6
11716,5/2/2025 4:00,78,0,78,0.0,78,498.2,100,90,8.1,15.8,989.8
11717,5/2/2025 5:00,180,16,164,31.7,180,680.4,100,83,10.2,15.0,989.8
11718,5/2/2025 6:00,290,35,255,56.4,290,836.1,100,66,13.1,19.8,989.5
11719,5/2/2025 7:00,627,407,220,574.5,627,954.5,100,49,15.9,26.0,989.2
11720,5/2/2025 8:00,594,339,255,444.4,594,1027.8,100,40,16.9,30.0,988.6
11721,5/2/2025 9:00,556,250,306,320.5,556,1050.9,100,39,16.9,33.3,988.3
11722,5/2/2025 10:00,235,10,225,13.2,235,1022.2,100,40,16.2,31.2,987.7
11723,5/2/2025 11:00,298,19,279,27.1,298,943.8,100,39,16.5,31.1,987.4
11724,5/2/2025 12:00,227,17,210,27.9,227,821.0,100,39,16.6,28.6,986.7
11725,5/2/2025 13:00,185,16,169,32.6,185,662.2,100,42,15.9,28.8,987.2
11726,5/2/2025 14:00,112,2,110,5.6,112,478.2,100,46,15.1,23.5,986.7
11727,5/2/2025 15:00,44,0,44,0.0,44,281.6,100,55,13.6,18.2,986.4
11728,5/2/2025 16:00,6,0,6,0.0,6,85.9,100,64,12.4,13.0,985.7
11729,5/2/2025 17:00,0,0,0,0.0,0,0.0,100,58,12.8,16.7,984.9
11730,5/2/2025 18:00,0,0,0,0.0,0,0.0,100,57,12.8,20.6,984.6
11731,5/2/2025 19:00,0,0,0,0.0,0,0.0,100,61,12.4,20.6,983.7
11732,5/2/2025 20:00,0,0,0,0.0,0,0.0,100,74,10.9,17.1,983.2
11733,5/2/2025 21:00,0,0,0,0.0,0,0.0,100,96,9.3,8.3,982.4
11734,5/2/2025 22:00,0,0,0,0.0,0,0.0,100,94,9.6,16.8,981.4
11735,5/2/2025 23:00,0,0,0,0.0,0,0.0,100,96,9.4,13.7,980.3
11736,5/3/2025 0:00,0,0,0,0.0,0,0.0,100,97,9.4,13.3,979.3
11737,5/3/2025 1:00,0,0,0,0.0,0,0.0,100,97,9.2,10.2,978.5
11738,5/3/2025 2:00,6,0,6,0.0,6,110.6,100,98,9.2,8.3,977.4
11739,5/3/2025 3:00,30,0,30,0.0,30,307.4,100,96,9.6,11.5,976.4
11740,5/3/2025 4:00,98,4,94,10.7,98,503.4,100,93,10.3,15.1,975.8
11741,5/3/2025 5:00,240,46,194,90.4,240,685.2,100,85,11.1,20.4,975.5
11742,5/3/2025 6:00,72,0,72,0.0,72,840.5,89,89,9.4,15.5,975.4
11743,5/3/2025 7:00,406,172,234,241.6,406,958.7,70,67,11.4,22.1,975.4
11744,5/3/2025 8:00,530,261,269,340.7,530,1031.7,94,54,12.6,23.9,975.7
11745,5/3/2025 9:00,535,249,286,317.9,535,1054.6,99,51,11.8,23.3,976.4
11746,5/3/2025 10:00,619,306,313,401.6,619,1025.9,42,46,12.3,23.6,977.0
11747,5/3/2025 11:00,573,385,188,547.1,573,947.6,75,46,12.1,24.4,977.8
11748,5/3/2025 12:00,451,221,230,360.7,451,824.9,100,47,11.4,23.8,978.5
11749,5/3/2025 13:00,349,168,181,339.5,349,666.4,98,47,10.9,21.9,979.3
11750,5/3/2025 14:00,171,32,139,89.3,171,482.7,100,49,10.1,21.9,979.8
11751,5/3/2025 15:00,63,0,63,0.0,63,286.5,100,52,9.1,19.9,980.2
11752,5/3/2025 16:00,14,1,13,9.4,14,91.2,100,56,8.4,16.8,980.8
11753,5/3/2025 17:00,0,0,0,0.0,0,0.0,95,58,7.9,16.2,981.3
11754,5/3/2025 18:00,0,0,0,0.0,0,0.0,4,58,7.3,15.3,981.5
11755,5/3/2025 19:00,0,0,0,0.0,0,0.0,0,65,5.6,10.3,981.7
11756,5/3/2025 20:00,0,0,0,0.0,0,0.0,0,73,4.2,8.7,982.0
11757,5/3/2025 21:00,0,0,0,0.0,0,0.0,0,77,3.5,8.3,982.6
11758,5/3/2025 22:00,0,0,0,0.0,0,0.0,9,79,3.2,9.2,982.8
11759,5/3/2025 23:00,0,0,0,0.0,0,0.0,100,78,3.0,10.1,982.7
11760,5/4/2025 0:00,0,0,0,0.0,0,0.0,100,76,3.6,11.3,982.7
11761,5/4/2025 1:00,0,0,0,0.0,0,0.7,0,80,3.4,12.8,982.6
11762,5/4/2025 2:00,48,21,27,181.9,48,116.5,0,79,4.0,14.6,982.8
11763,5/4/2025 3:00,171,109,62,468.9,171,312.9,0,72,6.1,14.3,982.7
11764,5/4/2025 4:00,321,237,84,627.3,321,508.5,36,63,8.4,16.7,982.9
11765,5/4/2025 5:00,474,372,102,725.7,474,689.9,100,55,11.0,19.4,982.8
11766,5/4/2025 6:00,377,104,273,165.7,377,844.8,6,52,12.2,21.0,982.5
11767,5/4/2025 7:00,672,535,137,748.0,672,962.7,86,45,14.8,23.4,982.7
11768,5/4/2025 8:00,611,345,266,448.4,611,1035.5,93,41,16.2,25.5,982.6
11769,5/4/2025 9:00,491,163,328,207.3,491,1058.3,83,37,17.0,25.7,982.3
11770,5/4/2025 10:00,613,402,211,525.5,613,1029.6,99,36,18.1,27.7,982.3
11771,5/4/2025 11:00,435,180,255,254.7,435,951.3,100,37,17.8,28.8,982.2
11772,5/4/2025 12:00,160,6,154,9.7,160,828.8,100,40,16.0,24.2,982.1
11773,5/4/2025 13:00,147,9,138,18.1,147,670.5,100,40,17.2,23.7,981.3
11774,5/4/2025 14:00,115,0,115,0.0,115,487.2,37,35,17.2,24.8,980.9
11775,5/4/2025 15:00,142,72,70,332.5,142,291.4,37,37,16.5,22.3,981.3
11776,5/4/2025 16:00,30,10,20,92.8,30,96.4,100,42,15.5,18.3,982.1
11777,5/4/2025 17:00,0,0,0,0.0,0,0.0,100,45,14.9,11.1,982.3
11778,5/4/2025 18:00,0,0,0,0.0,0,0.0,100,47,13.9,10.5,982.3
11779,5/4/2025 19:00,0,0,0,0.0,0,0.0,67,45,14.2,15.1,982.6
11780,5/4/2025 20:00,0,0,0,0.0,0,0.0,15,47,13.4,15.6,982.7
11781,5/4/2025 21:00,0,0,0,0.0,0,0.0,30,51,12.4,15.9,982.8
11782,5/4/2025 22:00,0,0,0,0.0,0,0.0,25,53,11.8,16.8,982.9
11783,5/4/2025 23:00,0,0,0,0.0,0,0.0,40,55,11.4,16.5,983.3
11784,5/5/2025 0:00,0,0,0,0.0,0,0.0,20,56,10.7,14.8,983.2
11785,5/5/2025 1:00,1,0,1,0.0,1,3.7,33,57,10.4,13.4,983.4
11786,5/5/2025 2:00,48,20,28,170.2,48,122.2,24,57,10.9,15.4,983.6
11787,5/5/2025 3:00,171,109,62,460.8,171,318.2,1,57,12.6,15.4,983.6
11788,5/5/2025 4:00,315,227,88,594.8,315,513.4,6,53,14.3,16.8,983.4
11789,5/5/2025 5:00,468,372,96,720.6,468,694.5,14,49,16.1,19.3,983.5
11790,5/5/2025 6:00,602,498,104,789.1,602,849.0,7,46,18.0,20.9,983.8
11791,5/5/2025 7:00,705,595,110,828.1,705,966.6,0,43,19.5,22.5,984.0
11792,5/5/2025 8:00,769,656,113,849.2,769,1039.2,0,39,20.9,24.2,984.0
11793,5/5/2025 9:00,790,676,114,856.4,790,1061.9,0,35,21.9,25.5,983.9
11794,5/5/2025 10:00,765,654,111,851.6,765,1033.1,0,33,22.3,26.4,983.9
11795,5/5/2025 11:00,694,586,108,825.5,694,954.9,0,33,22.3,25.2,983.5
11796,5/5/2025 12:00,587,485,102,783.5,587,832.6,0,33,22.0,25.5,983.2
11797,5/5/2025 13:00,455,363,92,723.8,455,674.6,89,30,22.4,24.3,982.6
11798,5/5/2025 14:00,305,220,85,602.0,305,491.6,64,35,21.2,19.2,982.2
11799,5/5/2025 15:00,158,97,61,440.6,158,296.1,91,40,19.4,16.3,981.9
11800,5/5/2025 16:00,38,10,28,91.2,38,101.5,26,46,17.1,15.7,981.7
11801,5/5/2025 17:00,0,0,0,0.0,0,0.0,20,46,16.1,18.4,981.6
11802,5/5/2025 18:00,0,0,0,0.0,0,0.0,99,45,15.6,18.7,981.7
11803,5/5/2025 19:00,0,0,0,0.0,0,0.0,97,47,14.7,18.6,981.5
11804,5/5/2025 20:00,0,0,0,0.0,0,0.0,94,50,14.1,17.0,981.4
11805,5/5/2025 21:00,0,0,0,0.0,0,0.0,100,54,13.1,16.3,981.1
11806,5/5/2025 22:00,0,0,0,0.0,0,0.0,100,55,12.8,16.7,980.8
11807,5/5/2025 23:00,0,0,0,0.0,0,0.0,100,54,12.9,17.5,980.5
11808,5/6/2025 0:00,0,0,0,0.0,0,0.0,100,53,12.9,19.3,980.4
11809,5/6/2025 1:00,1,0,1,0.0,1,6.5,100,51,13.4,20.7,980.4
11810,5/6/2025 2:00,29,1,28,8.4,29,127.7,100,56,13.4,21.6,980.6
11811,5/6/2025 3:00,114,23,91,95.6,114,323.4,100,63,13.4,19.6,980.8
11812,5/6/2025 4:00,195,65,130,168.7,195,518.2,36,60,14.4,20.4,980.3
11813,5/6/2025 5:00,413,274,139,527.2,413,698.9,13,54,15.9,22.9,980.2
11814,5/6/2025 6:00,579,456,123,718.8,579,853.1,15,50,17.5,23.4,980.0
11815,5/6/2025 7:00,688,557,131,771.8,688,970.4,2,47,18.9,22.5,979.8
11816,5/6/2025 8:00,762,642,120,827.8,762,1042.7,6,45,20.0,22.3,979.5
11817,5/6/2025 9:00,771,643,128,811.5,771,1065.3,10,44,21.0,21.8,979.3
11818,5/6/2025 10:00,726,590,136,765.3,726,1036.5,43,45,21.2,23.3,979.1
11819,5/6/2025 11:00,568,402,166,563.9,568,958.4,85,46,20.3,25.1,979.3
11820,5/6/2025 12:00,272,101,171,162.4,272,836.3,72,67,16.9,17.7,980.2
11821,5/6/2025 13:00,280,102,178,202.1,280,678.5,92,64,15.6,18.1,980.8
11822,5/6/2025 14:00,147,21,126,56.9,147,495.9,86,63,14.2,16.4,981.1
11823,5/6/2025 15:00,107,28,79,125.2,107,300.8,10,62,13.6,13.8,981.6
11824,5/6/2025 16:00,42,16,26,143.6,42,106.6,2,70,11.6,5.5,981.7
11825,5/6/2025 17:00,0,0,0,0.0,0,0.0,0,74,10.4,8.1,982.1
11826,5/6/2025 18:00,0,0,0,0.0,0,0.0,0,73,10.1,12.2,982.7
11827,5/6/2025 19:00,0,0,0,0.0,0,0.0,0,74,9.2,13.3,983.4
11828,5/6/2025 20:00,0,0,0,0.0,0,0.0,0,70,8.4,12.0,984.1
11829,5/6/2025 21:00,0,0,0,0.0,0,0.0,0,69,7.4,13.6,984.6
11830,5/6/2025 22:00,0,0,0,0.0,0,0.0,0,74,6.6,14.1,985.0
11831,5/6/2025 23:00,0,0,0,0.0,0,0.0,0,76,5.8,13.1,985.3
11832,5/7/2025 0:00,0,0,0,0.0,0,0.0,0,77,4.9,11.3,985.6
11833,5/7/2025 1:00,1,0,1,0.0,1,9.2,0,79,3.8,12.0,985.7
11834,5/7/2025 2:00,58,27,31,222.3,58,133.1,0,74,4.7,12.8,986.2
11835,5/7/2025 3:00,190,126,64,515.7,190,328.4,0,69,6.5,11.1,986.5
11836,5/7/2025 4:00,345,262,83,673.5,345,522.8,0,61,8.4,12.5,986.6
11837,5/7/2025 5:00,498,402,96,768.4,498,703.1,0,51,10.1,12.4,986.2
11838,5/7/2025 6:00,633,528,105,828.0,633,857.0,0,43,11.8,11.8,985.9
11839,5/7/2025 7:00,736,626,110,863.8,736,974.0,0,38,13.1,11.3,985.7
11840,5/7/2025 8:00,800,686,114,881.2,800,1046.2,0,36,14.1,11.1,985.2
11841,5/7/2025 9:00,818,702,116,882.8,818,1068.6,0,35,15.0,9.9,984.9
11842,5/7/2025 10:00,789,675,114,872.3,789,1039.9,0,35,15.6,9.0,984.3
11843,5/7/2025 11:00,718,608,110,849.4,718,961.9,2,35,15.9,8.8,983.8
11844,5/7/2025 12:00,608,505,103,807.9,608,839.9,7,36,15.9,8.9,983.4
11845,5/7/2025 13:00,473,380,93,748.3,473,682.4,2,34,16.5,8.5,982.9
11846,5/7/2025 14:00,320,239,81,642.2,320,500.1,4,36,15.9,8.3,982.3
11847,5/7/2025 15:00,168,108,60,475.3,168,305.4,1,49,14.4,5.4,982.0
11848,5/7/2025 16:00,46,20,26,176.6,46,111.5,2,55,11.8,7.3,981.8
11849,5/7/2025 17:00,0,0,0,0.0,0,0.0,1,57,10.6,8.6,981.6
11850,5/7/2025 18:00,0,0,0,0.0,0,0.0,4,60,9.7,8.5,981.3
11851,5/7/2025 19:00,0,0,0,0.0,0,0.0,15,64,8.8,8.4,981.3
11852,5/7/2025 20:00,0,0,0,0.0,0,0.0,1,67,8.4,9.3,981.0
11853,5/7/2025 21:00,0,0,0,0.0,0,0.0,1,69,7.7,8.9,980.7
11854,5/7/2025 22:00,0,0,0,0.0,0,0.0,0,72,7.2,8.9,980.3
11855,5/7/2025 23:00,0,0,0,0.0,0,0.0,0,74,6.7,8.4,980.0
11856,5/8/2025 0:00,0,0,0,0.0,0,0.0,3,75,6.3,8.0,979.6
11857,5/8/2025 1:00,1,0,1,0.0,1,11.9,23,73,6.4,8.7,979.4
11858,5/8/2025 2:00,56,23,33,186.4,56,138.4,3,68,8.1,9.0,979.3
11859,5/8/2025 3:00,184,119,65,479.6,184,333.3,1,65,10.6,6.9,979.5
11860,5/8/2025 4:00,329,240,89,611.4,329,527.3,12,55,13.1,5.1,979.8
11861,5/8/2025 5:00,475,371,104,704.7,475,707.2,12,45,14.9,8.1,979.2
11862,5/8/2025 6:00,585,457,128,713.2,585,860.8,35,40,16.2,7.6,979.1
11863,5/8/2025 7:00,678,512,166,703.6,678,977.5,32,38,17.2,5.0,978.9
11864,5/8/2025 8:00,647,444,203,568.3,647,1049.5,42,37,18.0,5.0,978.6
11865,5/8/2025 9:00,713,519,194,650.4,713,1071.9,45,37,18.8,5.3,978.2
11866,5/8/2025 10:00,715,549,166,706.9,715,1043.1,67,37,19.5,4.1,977.8
11867,5/8/2025 11:00,624,419,205,583.1,624,965.2,12,39,19.8,4.9,977.4
11868,5/8/2025 12:00,590,482,108,767.5,590,843.5,12,40,20.0,6.2,977.0
11869,5/8/2025 13:00,429,323,106,632.2,429,686.3,82,41,20.5,10.6,976.4
11870,5/8/2025 14:00,214,87,127,231.7,214,504.3,100,46,20.0,5.0,975.9
11871,5/8/2025 15:00,89,11,78,47.7,89,309.9,100,61,18.8,3.5,975.5
11872,5/8/2025 16:00,19,1,18,8.7,19,116.5,100,66,16.8,7.4,975.6
11873,5/8/2025 17:00,0,0,0,0.0,0,1.9,100,91,14.2,6.8,975.9
11874,5/8/2025 18:00,0,0,0,0.0,0,0.0,100,96,13.6,6.5,975.5
11875,5/8/2025 19:00,0,0,0,0.0,0,0.0,100,96,13.1,9.2,975.4
11876,5/8/2025 20:00,0,0,0,0.0,0,0.0,100,97,12.7,11.2,975.2
11877,5/8/2025 21:00,0,0,0,0.0,0,0.0,96,97,12.5,10.2,975.1
11878,5/8/2025 22:00,0,0,0,0.0,0,0.0,73,99,12.1,9.0,975.1
11879,5/8/2025 23:00,0,0,0,0.0,0,0.0,100,100,11.4,7.9,975.2
11880,5/9/2025 0:00,0,0,0,0.0,0,0.0,100,99,11.4,11.8,975.6
11881,5/9/2025 1:00,1,0,1,0.0,1,14.5,72,97,9.4,12.9,976.2
11882,5/9/2025 2:00,48,12,36,95.8,48,143.5,98,96,9.4,11.9,976.6
11883,5/9/2025 3:00,138,44,94,174.8,138,338.1,90,91,10.0,12.6,977.0
11884,5/9/2025 4:00,286,161,125,406.6,286,531.7,33,80,11.4,13.2,977.5
11885,5/9/2025 5:00,429,285,144,538.0,429,711.3,98,69,13.1,12.7,978.0
11886,5/9/2025 6:00,486,241,245,374.3,486,864.5,100,63,14.3,11.5,978.4
11887,5/9/2025 7:00,497,197,300,269.6,497,981.0,100,59,15.1,11.5,978.8
11888,5/9/2025 8:00,348,37,311,47.2,348,1052.8,100,59,15.0,11.8,978.9
11889,5/9/2025 9:00,562,222,340,277.2,562,1075.1,100,55,16.0,14.2,979.1
11890,5/9/2025 10:00,411,97,314,124.5,411,1046.4,100,55,15.9,14.6,979.4
11891,5/9/2025 11:00,450,210,240,291.1,450,968.6,100,54,15.9,15.9,979.7
11892,5/9/2025 12:00,158,7,151,11.1,158,847.0,100,56,14.9,15.5,980.4
11893,5/9/2025 13:00,139,8,131,15.6,139,690.1,100,61,13.1,16.1,981.9
11894,5/9/2025 14:00,58,3,55,7.9,58,508.4,100,62,12.6,14.3,982.2
11895,5/9/2025 15:00,48,3,45,12.8,48,314.4,95,64,12.2,13.6,982.7
11896,5/9/2025 16:00,26,1,25,8.6,26,121.3,100,67,11.6,12.2,983.2
11897,5/9/2025 17:00,0,0,0,0.0,0,4.4,100,70,11.1,10.2,983.6
11898,5/9/2025 18:00,0,0,0,0.0,0,0.0,100,71,10.8,9.9,984.0
11899,5/9/2025 19:00,0,0,0,0.0,0,0.0,100,73,10.4,8.1,984.2
11900,5/9/2025 20:00,0,0,0,0.0,0,0.0,97,75,10.1,6.8,984.3
11901,5/9/2025 21:00,0,0,0,0.0,0,0.0,100,79,9.4,5.0,984.3
11902,5/9/2025 22:00,0,0,0,0.0,0,0.0,99,81,9.1,5.0,984.7
11903,5/9/2025 23:00,0,0,0,0.0,0,0.0,100,83,8.6,4.6,984.7
11904,5/10/2025 0:00,0,0,0,0.0,0,0.0,100,82,8.9,4.3,984.9
11905,5/10/2025 1:00,2,0,2,0.0,2,17.1,98,93,6.4,5.8,984.9
11906,5/10/2025 2:00,60,23,37,181.0,60,148.5,100,89,7.1,6.6,985.3
11907,5/10/2025 3:00,136,25,111,97.9,136,342.7,100,81,9.1,4.5,985.7
11908,5/10/2025 4:00,284,125,159,313.0,284,536.0,100,69,11.2,7.2,985.8
11909,5/10/2025 5:00,447,264,183,495.4,447,715.2,100,54,12.3,3.9,985.9
11910,5/10/2025 6:00,339,62,277,95.8,339,868.1,100,53,12.5,2.0,985.7
11911,5/10/2025 7:00,429,94,335,128.2,429,984.3,100,50,13.4,5.5,985.3
11912,5/10/2025 8:00,390,88,302,111.8,390,1056.0,100,50,13.8,8.2,984.9
11913,5/10/2025 9:00,385,107,278,133.2,385,1078.2,100,53,13.9,10.4,984.9
11914,5/10/2025 10:00,312,36,276,46.0,312,1049.5,100,56,13.6,12.8,984.6
11915,5/10/2025 11:00,254,10,244,13.8,254,971.8,100,51,14.2,10.7,984.7
11916,5/10/2025 12:00,208,12,196,18.9,208,850.5,100,47,14.5,12.1,983.9
11917,5/10/2025 13:00,188,12,176,23.2,188,693.8,100,49,14.4,11.2,984.0
11918,5/10/2025 14:00,122,3,119,7.9,122,512.5,27,51,14.2,8.9,983.5
11919,5/10/2025 15:00,164,96,68,404.0,164,318.9,47,58,13.8,4.8,982.9
11920,5/10/2025 16:00,46,16,30,135.0,46,126.2,100,65,11.9,8.4,982.5
11921,5/10/2025 17:00,0,0,0,0.0,0,6.8,62,61,12.4,10.9,982.7
11922,5/10/2025 18:00,0,0,0,0.0,0,0.0,97,67,10.8,9.6,982.0
11923,5/10/2025 19:00,0,0,0,0.0,0,0.0,100,64,11.1,12.6,981.6
11924,5/10/2025 20:00,0,0,0,0.0,0,0.0,100,60,11.8,16.0,981.0
11925,5/10/2025 21:00,0,0,0,0.0,0,0.0,100,60,11.9,20.1,980.3
11926,5/10/2025 22:00,0,0,0,0.0,0,0.0,100,64,12.1,21.7,980.2
11927,5/10/2025 23:00,0,0,0,0.0,0,0.0,100,69,11.9,20.4,979.8
11928,5/11/2025 0:00,0,0,0,0.0,0,0.0,100,73,11.4,18.2,979.9
11929,5/11/2025 1:00,2,0,2,0.0,2,19.6,100,87,11.2,17.5,979.3
11930,5/11/2025 2:00,19,0,19,0.0,19,153.5,100,90,11.7,18.8,980.0
11931,5/11/2025 3:00,66,0,66,0.0,66,347.3,76,82,11.2,20.0,980.8
11932,5/11/2025 4:00,229,84,145,208.6,229,540.2,100,74,11.0,18.9,981.8
11933,5/11/2025 5:00,264,67,197,125.0,264,719.0,100,71,10.8,22.3,982.3
11934,5/11/2025 6:00,141,2,139,3.1,141,871.6,100,70,9.8,20.9,983.4
11935,5/11/2025 7:00,328,48,280,65.2,328,987.6,89,60,10.7,19.5,984.1
11936,5/11/2025 8:00,637,311,326,393.9,637,1059.1,100,49,12.6,20.2,984.4
11937,5/11/2025 9:00,751,562,189,697.2,751,1081.3,36,42,13.9,18.4,984.9
11938,5/11/2025 10:00,763,591,172,753.1,763,1052.6,26,36,14.8,18.0,985.0
11939,5/11/2025 11:00,702,558,144,767.6,702,975.0,1,32,15.2,17.6,985.1
11940,5/11/2025 12:00,626,521,105,818.3,626,853.9,8,33,15.1,16.6,985.0
11941,5/11/2025 13:00,490,394,96,757.6,490,697.5,17,34,14.9,11.7,986.1
11942,5/11/2025 14:00,337,254,83,659.5,337,516.5,4,35,14.4,11.0,986.2
11943,5/11/2025 15:00,183,120,63,497.8,183,323.3,92,45,13.1,5.6,986.2
11944,5/11/2025 16:00,55,22,33,183.0,55,130.9,100,54,10.5,6.1,986.2
11945,5/11/2025 17:00,1,0,1,0.0,1,9.3,100,57,9.4,4.5,986.5
11946,5/11/2025 18:00,0,0,0,0.0,0,0.0,100,65,8.5,4.0,986.8
11947,5/11/2025 19:00,0,0,0,0.0,0,0.0,100,69,7.6,4.6,986.8
11948,5/11/2025 20:00,0,0,0,0.0,0,0.0,100,71,7.1,4.5,986.7
11949,5/11/2025 21:00,0,0,0,0.0,0,0.0,100,74,5.9,4.9,986.4
11950,5/11/2025 22:00,0,0,0,0.0,0,0.0,100,73,5.7,6.7,986.4
11951,5/11/2025 23:00,0,0,0,0.0,0,0.0,100,70,5.6,7.2,986.1
11952,5/12/2025 0:00,0,0,0,0.0,0,0.0,100,70,5.2,7.8,986.4
11953,5/12/2025 1:00,3,0,3,0.0,3,22.1,100,66,6.1,8.9,986.9
11954,5/12/2025 2:00,61,14,47,107.2,61,158.3,78,64,7.2,10.0,987.2
11955,5/12/2025 3:00,174,75,99,285.9,174,351.7,2,62,9.6,10.3,987.1
11956,5/12/2025 4:00,358,276,82,680.0,358,544.2,27,53,12.1,8.5,987.1
11957,5/12/2025 5:00,503,397,106,736.5,503,722.7,0,41,13.9,10.4,986.8
11958,5/12/2025 6:00,643,539,104,825.9,643,875.0,0,38,14.8,8.8,986.7
11959,5/12/2025 7:00,744,633,111,856.6,744,990.8,0,38,15.6,7.7,986.6
11960,5/12/2025 8:00,807,693,114,874.8,807,1062.1,62,38,16.2,7.8,986.4
11961,5/12/2025 9:00,825,707,118,874.2,825,1084.2,25,38,16.8,8.2,986.2
11962,5/12/2025 10:00,798,683,115,867.5,798,1055.6,38,38,17.2,9.4,986.0
11963,5/12/2025 11:00,730,621,109,851.1,730,978.2,96,38,17.5,10.2,985.9
11964,5/12/2025 12:00,612,493,119,771.0,612,857.3,33,37,17.4,11.8,985.6
11965,5/12/2025 13:00,476,357,119,682.6,476,701.2,100,35,17.3,12.8,985.4
11966,5/12/2025 14:00,318,206,112,530.5,318,520.5,100,38,16.6,12.0,985.0
11967,5/12/2025 15:00,172,90,82,368.2,172,327.6,97,47,15.2,9.9,984.6
11968,5/12/2025 16:00,51,12,39,98.4,51,135.7,100,53,13.1,10.1,984.6
11969,5/12/2025 17:00,1,0,1,0.0,1,11.7,100,55,12.1,11.2,984.3
11970,5/12/2025 18:00,0,0,0,0.0,0,0.0,97,57,11.4,11.6,983.8
11971,5/12/2025 19:00,0,0,0,0.0,0,0.0,0,60,10.4,11.9,983.5
11972,5/12/2025 20:00,0,0,0,0.0,0,0.0,0,64,9.4,11.5,983.3
11973,5/12/2025 21:00,0,0,0,0.0,0,0.0,0,68,8.6,11.9,983.2
11974,5/12/2025 22:00,0,0,0,0.0,0,0.0,77,70,8.2,12.2,982.8
11975,5/12/2025 23:00,0,0,0,0.0,0,0.0,84,72,7.9,13.1,982.3
11976,5/13/2025 0:00,0,0,0,0.0,0,0.0,100,73,7.7,12.8,981.9
11977,5/13/2025 1:00,4,0,4,0.0,4,24.5,91,71,7.6,13.1,981.8
11978,5/13/2025 2:00,69,24,45,181.5,69,163.0,79,71,8.6,13.2,982.1
11979,5/13/2025 3:00,189,103,86,387.7,189,356.0,100,69,10.6,11.4,982.1
11980,5/13/2025 4:00,317,181,136,442.5,317,548.2,41,65,12.4,13.2,982.0
11981,5/13/2025 5:00,497,389,108,717.8,497,726.3,0,62,14.4,12.9,981.9
11982,5/13/2025 6:00,635,532,103,811.7,635,878.3,7,57,16.2,12.2,981.6
11983,5/13/2025 7:00,735,625,110,842.8,735,993.9,38,54,17.6,12.6,981.4
11984,5/13/2025 8:00,793,672,121,845.5,793,1065.1,100,53,18.6,11.8,981.4
11985,5/13/2025 9:00,690,377,313,464.7,690,1087.1,98,52,19.3,10.4,981.3
11986,5/13/2025 10:00,594,288,306,364.6,594,1058.5,95,47,20.0,9.5,981.0
11987,5/13/2025 11:00,638,404,234,551.7,638,981.3,14,44,20.7,9.6,980.9
11988,5/13/2025 12:00,577,429,148,668.0,577,860.6,99,41,21.0,9.9,980.6
11989,5/13/2025 13:00,421,242,179,460.1,421,704.8,100,46,20.4,10.8,980.7
11990,5/13/2025 14:00,254,98,156,250.4,254,524.5,99,48,19.8,8.8,980.5
11991,5/13/2025 15:00,149,66,83,266.4,149,331.9,100,59,18.5,6.9,980.1
11992,5/13/2025 16:00,55,18,37,145.6,55,140.3,84,63,16.5,12.1,979.8
11993,5/13/2025 17:00,2,0,2,0.0,2,14.1,12,66,15.1,12.2,979.9
11994,5/13/2025 18:00,0,0,0,0.0,0,0.0,100,76,13.8,10.9,980.0
11995,5/13/2025 19:00,0,0,0,0.0,0,0.0,64,77,13.8,11.7,980.1
11996,5/13/2025 20:00,0,0,0,0.0,0,0.0,80,80,13.1,12.5,980.0
11997,5/13/2025 21:00,0,0,0,0.0,0,0.0,50,81,12.9,13.9,979.7
11998,5/13/2025 22:00,0,0,0,0.0,0,0.0,80,84,12.5,13.9,979.2
11999,5/13/2025 23:00,0,0,0,0.0,0,0.0,100,87,12.2,13.6,979.2
12000,5/14/2025 0:00,0,0,0,0.0,0,0.0,100,85,13.1,13.3,979.1
12001,5/14/2025 1:00,4,0,4,0.0,4,26.8,100,88,12.7,11.8,979.1
12002,5/14/2025 2:00,41,3,38,22.4,41,167.5,100,85,14.0,12.8,978.8
12003,5/14/2025 3:00,151,45,106,167.4,151,360.2,76,83,14.9,11.2,978.8
12004,5/14/2025 4:00,332,225,107,546.0,332,552.0,100,76,16.6,13.5,978.6
12005,5/14/2025 5:00,400,204,196,374.5,400,729.8,63,72,17.9,12.7,978.1
12006,5/14/2025 6:00,563,421,142,639.8,563,881.5,100,65,19.7,14.9,977.4
12007,5/14/2025 7:00,533,219,314,294.3,533,996.9,100,61,20.3,20.6,976.8
12008,5/14/2025 8:00,259,9,250,11.3,259,1067.9,100,64,19.5,16.3,975.9
12009,5/14/2025 9:00,274,8,266,9.8,274,1090.0,100,69,19.2,14.2,975.3
12010,5/14/2025 10:00,149,2,147,2.5,149,1061.4,100,78,18.2,12.8,974.4
12011,5/14/2025 11:00,85,0,85,0.0,85,984.3,100,94,16.1,13.0,973.0
12012,5/14/2025 12:00,139,6,133,9.3,139,863.9,100,94,16.6,15.3,972.0
12013,5/14/2025 13:00,105,1,104,1.9,105,708.3,100,95,16.2,17.6,971.2
12014,5/14/2025 14:00,60,0,60,0.0,60,528.3,100,96,16.1,17.4,970.1
12015,5/14/2025 15:00,49,0,49,0.0,49,336.2,100,96,16.1,17.8,969.4
12016,5/14/2025 16:00,21,0,21,0.0,21,144.9,100,96,15.6,16.3,969.1
12017,5/14/2025 17:00,1,0,1,0.0,1,16.4,100,97,15.2,13.3,969.5
12018,5/14/2025 18:00,0,0,0,0.0,0,0.0,18,98,15.1,16.7,969.8
12019,5/14/2025 19:00,0,0,0,0.0,0,0.0,100,99,13.5,20.4,971.1
12020,5/14/2025 20:00,0,0,0,0.0,0,0.0,81,97,13.4,24.0,972.6
12021,5/14/2025 21:00,0,0,0,0.0,0,0.0,100,97,12.1,22.4,974.3
12022,5/14/2025 22:00,0,0,0,0.0,0,0.0,89,96,11.2,22.7,975.9
12023,5/14/2025 23:00,0,0,0,0.0,0,0.0,100,96,10.1,21.0,977.3
12024,5/15/2025 0:00,0,0,0,0.0,0,0.0,100,93,9.3,21.3,978.7
12025,5/15/2025 1:00,3,0,3,0.0,3,29.0,100,90,9.1,20.3,979.7
12026,5/15/2025 2:00,47,5,42,36.9,47,172.0,79,85,9.1,19.3,981.2
12027,5/15/2025 3:00,158,59,99,216.9,158,364.3,19,79,9.8,18.4,982.3
12028,5/15/2025 4:00,341,234,107,563.8,341,555.7,5,73,11.0,14.8,983.0
12029,5/15/2025 5:00,515,413,102,754.3,515,733.2,0,61,12.6,14.7,983.9
12030,5/15/2025 6:00,651,545,106,824.9,651,884.6,0,53,14.0,15.0,984.6
12031,5/15/2025 7:00,752,641,111,858.5,752,999.8,20,48,15.2,15.9,985.1
12032,5/15/2025 8:00,782,637,145,796.6,782,1070.7,52,41,16.4,20.7,985.4
12033,5/15/2025 9:00,681,469,212,574.7,681,1092.7,100,37,16.8,21.3,985.6
12034,5/15/2025 10:00,467,100,367,125.8,467,1064.2,73,38,16.6,21.5,986.2
12035,5/15/2025 11:00,454,161,293,218.3,454,987.2,97,37,16.9,19.5,986.6
12036,5/15/2025 12:00,361,107,254,165.2,361,867.0,32,39,16.7,20.6,986.9
12037,5/15/2025 13:00,370,184,186,346.1,370,711.8,12,37,16.9,21.4,987.1
12038,5/15/2025 14:00,320,231,89,581.1,320,532.2,1,41,16.1,19.5,987.2
12039,5/15/2025 15:00,192,128,64,503.5,192,340.3,22,47,15.2,15.1,987.3
12040,5/15/2025 16:00,57,25,32,197.0,57,149.4,21,54,13.2,19.7,988.4
12041,5/15/2025 17:00,3,0,3,0.0,3,18.7,0,68,10.6,6.9,988.5
12042,5/15/2025 18:00,0,0,0,0.0,0,0.0,0,69,10.2,11.3,988.9
12043,5/15/2025 19:00,0,0,0,0.0,0,0.0,0,72,9.6,10.2,989.3
12044,5/15/2025 20:00,0,0,0,0.0,0,0.0,0,77,8.9,8.8,989.7
12045,5/15/2025 21:00,0,0,0,0.0,0,0.0,0,86,7.7,6.4,989.8
12046,5/15/2025 22:00,0,0,0,0.0,0,0.0,24,88,6.8,5.4,989.7
12047,5/15/2025 23:00,0,0,0,0.0,0,0.0,2,87,6.6,4.4,990.0
12048,5/16/2025 0:00,0,0,0,0.0,0,0.0,31,89,6.1,5.8,990.6
12049,5/16/2025 1:00,6,1,5,14.8,6,31.2,0,93,5.3,5.5,991.5
12050,5/16/2025 2:00,82,42,40,306.5,82,176.3,0,87,7.3,7.1,991.7
12051,5/16/2025 3:00,217,149,68,541.6,217,368.3,0,77,10.2,4.9,991.9
12052,5/16/2025 4:00,370,285,85,682.0,370,559.3,0,66,12.7,6.4,992.4
12053,5/16/2025 5:00,519,422,97,766.9,519,736.5,15,57,14.6,8.2,992.6
12054,5/16/2025 6:00,650,543,107,818.8,650,887.6,7,48,15.9,9.2,992.7
12055,5/16/2025 7:00,751,638,113,851.7,751,1002.6,37,43,16.9,10.9,992.8
12056,5/16/2025 8:00,811,694,117,865.3,811,1073.4,43,39,17.7,11.1,992.5
12057,5/16/2025 9:00,756,563,193,687.9,756,1095.3,72,36,18.3,12.1,992.1
12058,5/16/2025 10:00,686,461,225,578.3,686,1066.9,99,34,18.6,12.3,991.9
12059,5/16/2025 11:00,557,289,268,390.6,557,990.1,83,33,18.6,12.7,992.0
12060,5/16/2025 12:00,414,185,229,284.5,414,870.2,91,35,18.4,12.6,991.8
12061,5/16/2025 13:00,304,106,198,198.3,304,715.2,93,32,18.6,12.2,991.3
12062,5/16/2025 14:00,193,48,145,119.9,193,535.9,16,41,17.8,11.4,991.2
12063,5/16/2025 15:00,194,127,67,493.4,194,344.4,14,51,16.5,8.6,990.9
12064,5/16/2025 16:00,65,29,36,225.7,65,153.9,0,63,13.9,6.3,990.9
12065,5/16/2025 17:00,3,1,2,16.8,3,21.0,0,69,11.8,6.2,990.9
12066,5/16/2025 18:00,0,0,0,0.0,0,0.0,0,72,10.9,5.4,990.7
12067,5/16/2025 19:00,0,0,0,0.0,0,0.0,0,74,10.1,5.9,990.4
12068,5/16/2025 20:00,0,0,0,0.0,0,0.0,0,76,9.2,7.1,990.3
12069,5/16/2025 21:00,0,0,0,0.0,0,0.0,0,77,8.6,6.7,990.3
12070,5/16/2025 22:00,0,0,0,0.0,0,0.0,0,80,7.9,6.6,990.1
12071,5/16/2025 23:00,0,0,0,0.0,0,0.0,0,83,7.6,6.6,990.1
12072,5/17/2025 0:00,0,0,0,0.0,0,0.0,0,84,7.4,7.0,990.1
12073,5/17/2025 1:00,7,2,5,29.0,7,33.3,0,79,7.7,8.0,990.4
12074,5/17/2025 2:00,82,42,40,303.2,82,180.5,0,75,9.3,9.4,990.8
12075,5/17/2025 3:00,213,145,68,521.4,213,372.1,0,71,11.8,7.5,991.0
12076,5/17/2025 4:00,364,278,86,660.9,364,562.8,4,64,14.3,7.2,991.2
12077,5/17/2025 5:00,511,413,98,747.0,511,739.6,0,59,16.5,7.6,990.8
12078,5/17/2025 6:00,640,533,107,800.7,640,890.5,17,52,18.2,9.2,990.8
12079,5/17/2025 7:00,724,608,116,809.1,724,1005.3,12,48,19.2,11.6,990.8
12080,5/17/2025 8:00,795,670,125,833.0,795,1076.0,19,45,20.0,15.0,990.4
12081,5/17/2025 9:00,795,643,152,783.5,795,1097.9,43,44,20.4,16.5,990.1
12082,5/17/2025 10:00,700,493,207,616.6,700,1069.6,57,43,20.4,16.4,990.1
12083,5/17/2025 11:00,621,398,223,536.2,621,992.9,74,44,20.4,16.3,990.0
12084,5/17/2025 12:00,532,326,206,499.4,532,873.2,73,47,19.4,15.7,989.5
12085,5/17/2025 13:00,430,300,130,558.5,430,718.6,57,54,18.7,13.7,989.6
12086,5/17/2025 14:00,280,178,102,441.3,280,539.6,34,54,18.6,10.7,989.5
12087,5/17/2025 15:00,171,101,70,387.7,171,348.5,13,63,17.6,8.1,989.0
12088,5/17/2025 16:00,65,30,35,230.7,65,158.2,9,72,15.6,6.7,989.0
12089,5/17/2025 17:00,4,1,3,16.3,4,23.2,9,75,13.7,7.3,988.9
12090,5/17/2025 18:00,0,0,0,0.0,0,0.0,8,74,12.9,7.8,989.0
12091,5/17/2025 19:00,0,0,0,0.0,0,0.0,2,78,12.0,7.2,989.0
12092,5/17/2025 20:00,0,0,0,0.0,0,0.0,0,82,11.3,7.4,989.1
12093,5/17/2025 21:00,0,0,0,0.0,0,0.0,11,85,10.5,6.5,989.0
12094,5/17/2025 22:00,0,0,0,0.0,0,0.0,64,87,9.8,6.2,989.2
12095,5/17/2025 23:00,0,0,0,0.0,0,0.0,0,89,9.1,5.8,989.3
12096,5/18/2025 0:00,0,0,0,0.0,0,0.0,2,90,8.6,5.7,989.6
12097,5/18/2025 1:00,8,2,6,28.3,8,35.4,0,91,8.4,5.6,989.8
12098,5/18/2025 2:00,84,44,40,314.4,84,184.5,0,87,10.4,7.4,990.1
12099,5/18/2025 3:00,216,149,67,530.3,216,375.8,2,81,13.1,1.9,990.2
12100,5/18/2025 4:00,367,282,85,666.1,367,566.2,11,73,15.9,2.1,990.5
12101,5/18/2025 5:00,513,415,98,747.3,513,742.7,41,62,18.0,4.4,990.4
12102,5/18/2025 6:00,636,516,120,772.4,636,893.3,100,53,19.4,6.0,990.4
12103,5/18/2025 7:00,680,465,215,617.0,680,1007.9,100,47,20.2,5.2,990.4
12104,5/18/2025 8:00,638,394,244,488.5,638,1078.5,100,44,20.5,5.2,990.2
12105,5/18/2025 9:00,654,321,333,390.1,654,1100.4,100,44,20.9,5.5,989.9
12106,5/18/2025 10:00,601,268,333,334.2,601,1072.2,100,43,21.1,6.4,989.8
12107,5/18/2025 11:00,648,419,229,562.7,648,995.7,96,44,21.5,7.5,989.6
12108,5/18/2025 12:00,552,387,165,590.6,552,876.2,95,45,21.5,8.6,989.1
12109,5/18/2025 13:00,444,282,162,522.4,444,721.8,71,40,21.5,11.0,988.6
12110,5/18/2025 14:00,332,234,98,576.0,332,543.2,51,44,21.1,9.9,988.3
12111,5/18/2025 15:00,153,77,76,292.1,153,352.4,59,57,19.1,6.2,987.9
12112,5/18/2025 16:00,60,22,38,167.2,60,162.5,99,66,17.0,5.4,987.7
12113,5/18/2025 17:00,3,0,3,0.0,3,25.3,99,65,16.6,3.4,987.6
12114,5/18/2025 18:00,0,0,0,0.0,0,0.0,99,65,16.2,3.0,987.2
12115,5/18/2025 19:00,0,0,0,0.0,0,0.0,99,67,15.4,5.8,987.0
12116,5/18/2025 20:00,0,0,0,0.0,0,0.0,100,67,15.1,6.8,986.5
12117,5/18/2025 21:00,0,0,0,0.0,0,0.0,100,65,15.2,7.0,986.4
12118,5/18/2025 22:00,0,0,0,0.0,0,0.0,100,64,15.1,7.5,985.9
12119,5/18/2025 23:00,0,0,0,0.0,0,0.0,100,64,15.0,10.3,985.6
12120,5/19/2025 0:00,0,0,0,0.0,0,0.0,100,63,14.7,13.0,985.5
12121,5/19/2025 1:00,3,0,3,0.0,3,37.4,97,77,13.8,11.9,985.5
12122,5/19/2025 2:00,47,5,42,35.4,47,188.4,100,78,14.1,11.2,985.0
12123,5/19/2025 3:00,50,1,49,3.5,50,379.3,100,78,14.4,10.6,984.5
12124,5/19/2025 4:00,100,2,98,4.7,100,569.4,78,78,15.2,13.2,984.0
12125,5/19/2025 5:00,381,170,211,304.8,381,745.6,100,65,17.8,14.7,983.7
12126,5/19/2025 6:00,314,55,259,82.1,314,896.0,100,63,18.4,16.0,983.3
12127,5/19/2025 7:00,266,15,251,19.8,266,1010.4,100,60,18.5,16.8,983.0
12128,5/19/2025 8:00,259,17,242,21.0,259,1080.9,100,60,18.5,17.3,982.9
12129,5/19/2025 9:00,265,5,260,6.1,265,1102.8,100,65,17.6,17.5,982.8
12130,5/19/2025 10:00,258,9,249,11.2,258,1074.7,100,67,17.5,19.4,982.6
12131,5/19/2025 11:00,207,37,170,49.5,207,998.3,100,67,17.2,16.7,981.9
12132,5/19/2025 12:00,510,341,169,518.5,510,879.1,100,54,18.8,23.1,981.0
12133,5/19/2025 13:00,380,244,136,449.8,380,725.0,99,63,17.0,18.9,981.6
12134,5/19/2025 14:00,201,51,150,124.7,201,546.7,98,65,16.5,19.3,980.8
12135,5/19/2025 15:00,100,15,85,56.3,100,356.3,100,68,16.0,15.2,979.9
12136,5/19/2025 16:00,30,1,29,7.5,30,166.7,100,69,15.4,13.1,979.6
12137,5/19/2025 17:00,1,0,1,0.0,1,27.5,100,74,14.4,12.2,979.0
12138,5/19/2025 18:00,0,0,0,0.0,0,0.0,100,75,14.4,13.0,977.9
12139,5/19/2025 19:00,0,0,0,0.0,0,0.0,100,71,15.2,18.6,976.9
12140,5/19/2025 20:00,0,0,0,0.0,0,0.0,100,74,14.7,15.8,975.9
12141,5/19/2025 21:00,0,0,0,0.0,0,0.0,100,87,13.2,17.5,974.9
12142,5/19/2025 22:00,0,0,0,0.0,0,0.0,100,96,12.6,15.0,973.3
12143,5/19/2025 23:00,0,0,0,0.0,0,0.0,100,96,12.6,20.9,972.5
12144,5/20/2025 0:00,0,0,0,0.0,0,0.0,100,92,12.5,22.8,971.2
12145,5/20/2025 1:00,3,0,3,0.0,3,39.3,90,95,11.9,21.3,971.1
12146,5/20/2025 2:00,34,0,34,0.0,34,192.2,89,91,11.6,25.6,970.6
12147,5/20/2025 3:00,131,49,82,171.1,131,382.8,80,90,11.6,24.5,970.1
12148,5/20/2025 4:00,278,143,135,333.8,278,572.5,100,83,12.3,28.0,969.4
12149,5/20/2025 5:00,162,11,151,19.6,162,748.4,96,87,11.8,25.3,968.4
12150,5/20/2025 6:00,353,139,214,206.7,353,898.6,96,82,12.2,27.2,967.6
12151,5/20/2025 7:00,372,82,290,108.2,372,1012.8,84,77,12.7,28.7,966.4
12152,5/20/2025 8:00,459,143,316,176.4,459,1083.2,100,79,13.3,22.3,965.0
12153,5/20/2025 9:00,357,62,295,75.0,357,1105.1,93,73,14.6,19.5,965.3
12154,5/20/2025 10:00,374,131,243,162.5,374,1077.1,96,82,13.6,38.4,966.8
12155,5/20/2025 11:00,227,30,197,40.0,227,1000.9,100,90,12.1,40.2,968.8
12156,5/20/2025 12:00,110,2,108,3.0,110,881.9,100,88,11.9,35.7,970.4
12157,5/20/2025 13:00,60,0,60,0.0,60,728.1,100,94,11.4,29.2,971.4
12158,5/20/2025 14:00,64,1,63,2.4,64,550.1,100,94,11.8,24.9,972.1
12159,5/20/2025 15:00,42,0,42,0.0,42,360.0,100,89,12.2,19.5,972.6
12160,5/20/2025 16:00,28,0,28,0.0,28,170.8,100,88,12.1,12.8,973.2
12161,5/20/2025 17:00,4,0,4,0.0,4,29.5,100,89,11.5,10.7,973.6
12162,5/20/2025 18:00,0,0,0,0.0,0,0.0,98,79,11.7,14.3,974.2
12163,5/20/2025 19:00,0,0,0,0.0,0,0.0,66,72,11.6,15.5,974.4
12164,5/20/2025 20:00,0,0,0,0.0,0,0.0,100,74,11.2,15.4,974.8
12165,5/20/2025 21:00,0,0,0,0.0,0,0.0,30,74,11.1,15.6,975.2
12166,5/20/2025 22:00,0,0,0,0.0,0,0.0,15,74,10.6,14.0,975.4
12167,5/20/2025 23:00,0,0,0,0.0,0,0.0,0,77,9.9,12.6,975.8
12168,5/21/2025 0:00,0,0,0,0.0,0,0.0,16,80,9.2,12.1,976.1
12169,5/21/2025 1:00,10,3,7,39.9,10,41.1,0,81,9.5,13.6,976.5
12170,5/21/2025 2:00,92,49,43,334.2,92,195.8,31,78,10.7,15.0,977.3
12171,5/21/2025 3:00,222,151,71,522.4,222,386.1,85,75,12.3,14.6,977.6
12172,5/21/2025 4:00,353,241,112,559.4,353,575.5,95,72,13.6,16.2,977.9
12173,5/21/2025 5:00,501,381,120,677.5,501,751.1,73,69,15.3,17.7,978.0
12174,5/21/2025 6:00,616,454,162,673.0,616,901.0,30,67,16.5,20.8,978.3
12175,5/21/2025 7:00,703,553,150,727.6,703,1015.1,18,63,17.5,22.8,978.4
12176,5/21/2025 8:00,752,602,150,740.7,752,1085.4,56,59,18.2,23.7,978.3
12177,5/21/2025 9:00,697,466,231,562.0,697,1107.4,99,57,17.8,32.3,978.0
12178,5/21/2025 10:00,431,116,315,143.5,431,1079.4,96,68,16.1,17.1,978.1
12179,5/21/2025 11:00,670,533,137,709.4,670,1003.4,79,50,18.2,27.5,977.9
12180,5/21/2025 12:00,584,469,115,708.0,584,884.6,100,55,17.4,25.2,978.0
12181,5/21/2025 13:00,317,100,217,182.6,317,731.2,98,52,17.3,24.8,978.9
12182,5/21/2025 14:00,318,188,130,453.6,318,553.5,100,59,16.4,15.9,979.1
12183,5/21/2025 15:00,127,30,97,110.1,127,363.7,100,70,15.3,6.8,978.6
12184,5/21/2025 16:00,54,9,45,66.2,54,174.8,15,77,14.2,5.7,978.6
12185,5/21/2025 17:00,6,1,5,14.8,6,31.5,12,84,12.2,9.7,978.6
12186,5/21/2025 18:00,0,0,0,0.0,0,0.0,42,89,11.4,10.4,978.4
12187,5/21/2025 19:00,0,0,0,0.0,0,0.0,33,92,10.8,8.3,978.1
12188,5/21/2025 20:00,0,0,0,0.0,0,0.0,1,94,10.1,7.3,978.3
12189,5/21/2025 21:00,0,0,0,0.0,0,0.0,3,95,9.4,6.5,978.2
12190,5/21/2025 22:00,0,0,0,0.0,0,0.0,11,95,8.9,6.0,978.2
12191,5/21/2025 23:00,0,0,0,0.0,0,0.0,10,96,8.4,5.4,978.2
12192,5/22/2025 0:00,0,0,0,0.0,0,0.0,1,95,8.0,4.5,978.2
12193,5/22/2025 1:00,11,3,8,39.2,11,42.9,0,96,8.1,4.4,978.4
12194,5/22/2025 2:00,93,49,44,328.2,93,199.3,0,93,9.9,5.9,979.0
12195,5/22/2025 3:00,225,156,69,535.1,225,389.2,0,86,12.2,3.6,979.2
12196,5/22/2025 4:00,375,290,85,669.5,375,578.3,0,78,14.5,4.7,979.6
12197,5/22/2025 5:00,523,427,96,756.5,523,753.7,0,67,16.5,6.9,979.6
12198,5/22/2025 6:00,651,547,104,808.4,651,903.4,4,58,17.9,8.2,979.9
12199,5/22/2025 7:00,724,607,117,796.7,724,1017.3,14,52,19.0,9.5,980.3
12200,5/22/2025 8:00,737,605,132,742.7,737,1087.6,79,50,19.7,12.1,980.3
12201,5/22/2025 9:00,652,383,269,460.9,652,1109.5,100,49,20.0,13.3,980.3
12202,5/22/2025 10:00,355,42,313,51.8,355,1081.6,100,49,19.6,11.3,980.1
12203,5/22/2025 11:00,484,199,285,264.1,484,1005.8,84,57,18.5,23.1,980.7
12204,5/22/2025 12:00,437,228,209,343.0,437,887.3,96,67,17.0,14.4,980.8
12205,5/22/2025 13:00,436,294,142,534.6,436,734.1,51,58,18.0,14.8,981.5
12206,5/22/2025 14:00,317,210,107,503.5,317,556.8,59,71,16.4,16.8,982.2
12207,5/22/2025 15:00,151,72,79,261.7,151,367.3,60,79,15.2,11.6,982.5
12208,5/22/2025 16:00,72,28,44,203.8,72,178.7,44,83,14.1,9.3,983.0
12209,5/22/2025 17:00,6,1,5,14.4,6,33.5,71,89,12.8,6.9,983.6
12210,5/22/2025 18:00,0,0,0,0.0,0,0.0,74,91,12.3,10.3,984.0
12211,5/22/2025 19:00,0,0,0,0.0,0,0.0,44,81,12.4,12.4,984.5
12212,5/22/2025 20:00,0,0,0,0.0,0,0.0,34,71,11.5,12.8,985.0
12213,5/22/2025 21:00,0,0,0,0.0,0,0.0,19,72,10.5,11.8,985.2
12214,5/22/2025 22:00,0,0,0,0.0,0,0.0,37,71,10.0,12.0,985.8
12215,5/22/2025 23:00,0,0,0,0.0,0,0.0,80,68,9.7,12.0,986.4
12216,5/23/2025 0:00,0,0,0,0.0,0,0.0,1,69,9.2,12.1,986.9
12217,5/23/2025 1:00,12,4,8,51.4,12,44.6,0,76,7.8,12.5,987.4
12218,5/23/2025 2:00,99,54,45,355.6,99,202.7,0,74,9.1,13.6,988.3
12219,5/23/2025 3:00,236,167,69,568.2,236,392.3,0,69,10.7,12.6,988.9
12220,5/23/2025 4:00,390,305,85,700.6,390,581.0,27,62,12.6,12.9,989.4
12221,5/23/2025 5:00,538,441,97,778.4,538,756.1,18,54,13.8,16.4,989.4
12222,5/23/2025 6:00,667,561,106,826.8,667,905.6,1,50,14.8,16.7,989.8
12223,5/23/2025 7:00,767,657,110,860.2,767,1019.3,65,45,16.0,17.2,990.0
12224,5/23/2025 8:00,696,420,276,514.4,696,1089.6,100,42,16.6,15.8,990.0
12225,5/23/2025 9:00,534,164,370,196.9,534,1111.6,100,43,16.5,16.0,990.1
12226,5/23/2025 10:00,421,79,342,97.3,421,1083.8,100,45,16.3,15.2,990.4
12227,5/23/2025 11:00,408,116,292,153.5,408,1008.2,97,45,16.5,14.3,990.7
12228,5/23/2025 12:00,349,87,262,130.5,349,889.9,90,47,16.2,15.3,990.8
12229,5/23/2025 13:00,349,140,209,253.5,349,737.0,59,40,17.5,14.2,990.6
12230,5/23/2025 14:00,290,156,134,371.8,290,559.9,19,43,17.0,13.7,990.5
12231,5/23/2025 15:00,172,89,83,320.3,172,370.8,52,49,16.0,11.7,990.7
12232,5/23/2025 16:00,64,22,42,158.6,64,182.5,21,53,14.4,9.1,991.0
12233,5/23/2025 17:00,7,1,6,14.1,7,35.4,3,63,11.7,6.0,991.3
12234,5/23/2025 18:00,0,0,0,0.0,0,0.0,10,72,10.1,5.8,991.4
12235,5/23/2025 19:00,0,0,0,0.0,0,0.0,95,79,9.1,5.9,991.3
12236,5/23/2025 20:00,0,0,0,0.0,0,0.0,99,83,8.7,6.4,991.4
12237,5/23/2025 21:00,0,0,0,0.0,0,0.0,7,84,8.4,6.8,991.6
12238,5/23/2025 22:00,0,0,0,0.0,0,0.0,10,83,8.1,7.5,991.8
12239,5/23/2025 23:00,0,0,0,0.0,0,0.0,91,86,7.2,6.0,991.8
12240,5/24/2025 0:00,0,0,0,0.0,0,0.0,81,86,7.1,5.3,991.9
12241,5/24/2025 1:00,12,3,9,37.9,12,46.2,65,87,6.8,5.9,992.0
12242,5/24/2025 2:00,78,29,49,187.9,78,205.9,70,77,9.5,10.0,992.9
12243,5/24/2025 3:00,160,69,91,233.0,160,395.1,58,73,11.7,7.1,993.2
12244,5/24/2025 4:00,304,170,134,388.6,304,583.6,60,68,13.1,13.5,993.4
12245,5/24/2025 5:00,384,212,172,372.9,384,758.4,20,67,13.7,8.9,993.2
12246,5/24/2025 6:00,624,481,143,706.9,624,907.7,20,57,15.4,11.8,992.7
12247,5/24/2025 7:00,702,548,154,715.8,702,1021.3,71,70,12.9,19.9,993.2
12248,5/24/2025 8:00,613,411,202,502.3,613,1091.5,26,57,15.4,8.8,992.4
12249,5/24/2025 9:00,746,596,150,714.0,746,1113.5,40,51,16.5,15.1,992.0
12250,5/24/2025 10:00,697,511,186,627.8,697,1085.9,29,48,17.0,17.1,991.8
12251,5/24/2025 11:00,648,473,175,624.5,648,1010.4,9,42,17.0,16.9,991.7
12252,5/24/2025 12:00,628,512,116,765.4,628,892.4,3,38,17.2,18.3,991.4
12253,5/24/2025 13:00,482,364,118,656.4,482,739.8,16,36,17.5,16.7,991.1
12254,5/24/2025 14:00,338,241,97,571.0,338,563.0,2,39,16.7,15.0,991.1
12255,5/24/2025 15:00,220,152,68,541.9,220,374.2,4,44,15.8,11.2,991.0
12256,5/24/2025 16:00,87,46,41,328.4,87,186.1,2,49,13.9,11.9,991.2
12257,5/24/2025 17:00,9,2,7,27.7,9,37.2,0,56,11.4,8.1,991.6
12258,5/24/2025 18:00,0,0,0,0.0,0,0.0,85,61,9.9,8.0,992.0
12259,5/24/2025 19:00,0,0,0,0.0,0,0.0,61,62,9.2,9.1,992.1
12260,5/24/2025 20:00,0,0,0,0.0,0,0.0,4,61,8.8,9.9,992.2
12261,5/24/2025 21:00,0,0,0,0.0,0,0.0,16,61,8.3,10.6,992.4
12262,5/24/2025 22:00,0,0,0,0.0,0,0.0,2,62,7.8,10.7,992.8
12263,5/24/2025 23:00,0,0,0,0.0,0,0.0,40,63,7.1,10.3,993.1
12264,5/25/2025 0:00,0,0,0,0.0,0,0.0,71,66,6.3,9.9,993.5
12265,5/25/2025 1:00,14,3,11,37.4,14,47.7,94,68,5.8,10.2,994.2
12266,5/25/2025 2:00,96,40,56,255.3,96,208.9,100,68,7.2,11.2,994.9
12267,5/25/2025 3:00,213,105,108,352.0,213,397.9,99,66,9.1,9.5,995.6
12268,5/25/2025 4:00,363,223,140,507.5,363,586.0,100,59,11.0,9.3,995.9
12269,5/25/2025 5:00,495,302,193,529.5,495,760.6,100,46,12.5,10.1,996.3
12270,5/25/2025 6:00,658,506,152,741.8,658,909.7,68,40,13.6,11.6,996.3
12271,5/25/2025 7:00,778,657,121,856.3,778,1023.2,45,39,14.4,11.8,996.5
12272,5/25/2025 8:00,843,725,118,884.3,843,1093.3,59,39,15.1,11.3,996.6
12273,5/25/2025 9:00,859,737,122,881.1,859,1115.4,63,39,15.9,10.2,996.6
12274,5/25/2025 10:00,833,715,118,876.5,833,1087.8,67,38,16.5,10.2,996.8
12275,5/25/2025 11:00,764,652,112,858.6,764,1012.6,79,38,16.9,11.3,996.6
12276,5/25/2025 12:00,659,554,105,825.6,659,894.8,66,39,16.9,11.9,996.6
12277,5/25/2025 13:00,528,431,97,774.1,528,742.4,3,35,17.8,12.4,996.4
12278,5/25/2025 14:00,378,295,83,695.0,378,566.0,20,37,17.2,11.2,996.5
12279,5/25/2025 15:00,226,158,68,558.2,226,377.4,1,48,16.0,8.0,996.6
12280,5/25/2025 16:00,92,50,42,351.5,92,189.7,0,58,13.5,6.4,996.7
12281,5/25/2025 17:00,10,3,7,40.8,10,39.0,0,64,10.9,6.6,997.0
12282,5/25/2025 18:00,0,0,0,0.0,0,0.0,1,70,9.8,6.8,997.5
12283,5/25/2025 19:00,0,0,0,0.0,0,0.0,12,75,8.8,6.8,997.8
12284,5/25/2025 20:00,0,0,0,0.0,0,0.0,0,81,7.7,6.0,997.9
12285,5/25/2025 21:00,0,0,0,0.0,0,0.0,0,85,6.8,5.1,998.1
12286,5/25/2025 22:00,0,0,0,0.0,0,0.0,0,87,6.2,5.0,998.5
12287,5/25/2025 23:00,0,0,0,0.0,0,0.0,0,89,5.6,5.0,998.7
12288,5/26/2025 0:00,0,0,0,0.0,0,0.0,0,89,5.2,4.9,999.0
12289,5/26/2025 1:00,15,5,10,61.4,15,49.2,0,88,4.5,5.5,999.9
12290,5/26/2025 2:00,107,61,46,383.9,107,211.8,0,81,7.2,6.9,1000.9
12291,5/26/2025 3:00,247,177,70,589.3,247,400.5,0,71,11.1,4.3,1001.6
12292,5/26/2025 4:00,401,316,85,716.0,401,588.3,0,59,14.2,2.0,1002.1
12293,5/26/2025 5:00,551,454,97,793.6,551,762.7,0,47,15.9,1.0,1002.1
12294,5/26/2025 6:00,681,577,104,843.8,681,911.6,0,40,17.0,1.1,1002.4
12295,5/26/2025 7:00,781,671,110,872.7,781,1025.0,0,39,17.7,1.8,1002.2
12296,5/26/2025 8:00,842,729,113,887.4,842,1095.1,0,39,18.3,2.1,1002.2
12297,5/26/2025 9:00,860,746,114,890.2,860,1117.2,0,39,18.8,1.9,1002.1
12298,5/26/2025 10:00,834,721,113,882.0,834,1089.7,0,40,19.1,2.2,1001.9
12299,5/26/2025 11:00,765,656,109,861.8,765,1014.7,0,41,19.4,3.1,1001.6
12300,5/26/2025 12:00,660,557,103,827.7,660,897.1,0,41,19.4,3.6,1001.5
12301,5/26/2025 13:00,528,433,95,774.7,528,745.0,0,33,20.4,4.5,1001.2
12302,5/26/2025 14:00,378,294,84,688.9,378,568.9,0,37,19.8,6.0,1001.1
12303,5/26/2025 15:00,226,159,67,556.8,226,380.6,0,53,18.1,5.8,1000.7
12304,5/26/2025 16:00,93,50,43,345.1,93,193.1,0,61,16.0,2.6,1000.4
12305,5/26/2025 17:00,10,3,7,40.0,10,40.7,0,67,14.1,3.3,1000.4
12306,5/26/2025 18:00,0,0,0,0.0,0,0.0,0,75,12.4,6.3,1000.5
12307,5/26/2025 19:00,0,0,0,0.0,0,0.0,0,73,11.9,3.5,1000.7
12308,5/26/2025 20:00,0,0,0,0.0,0,0.0,0,71,11.8,1.8,1000.8
12309,5/26/2025 21:00,0,0,0,0.0,0,0.0,0,71,11.4,1.4,1001.0
12310,5/26/2025 22:00,0,0,0,0.0,0,0.0,0,71,10.9,1.3,1001.0
12311,5/26/2025 23:00,0,0,0,0.0,0,0.0,0,68,10.9,1.1,1000.8
12312,5/27/2025 0:00,0,0,0,0.0,0,0.0,0,66,10.6,0.9,1000.9
12313,5/27/2025 1:00,16,5,11,60.6,16,50.6,0,67,9.6,0.6,1001.4
12314,5/27/2025 2:00,108,62,46,385.1,108,214.6,0,61,11.7,1.0,1001.8
12315,5/27/2025 3:00,247,177,70,585.5,247,402.9,0,74,13.8,3.1,1002.2
12316,5/27/2025 4:00,400,315,85,710.9,400,590.5,0,58,16.8,3.1,1002.5
12317,5/27/2025 5:00,549,453,96,789.5,549,764.6,0,45,18.6,4.5,1002.5
12318,5/27/2025 6:00,678,575,103,839.0,678,913.4,0,38,19.7,5.3,1002.5
12319,5/27/2025 7:00,777,668,109,867.1,777,1026.6,0,36,20.5,5.8,1002.5
12320,5/27/2025 8:00,838,727,111,883.4,838,1096.7,12,37,21.0,6.0,1002.3
12321,5/27/2025 9:00,857,744,113,886.1,857,1118.8,0,36,21.4,4.8,1001.9
12322,5/27/2025 10:00,831,720,111,879.0,831,1091.5,0,37,21.8,4.3,1001.7
12323,5/27/2025 11:00,764,655,109,858.5,764,1016.6,0,37,21.9,4.8,1001.0
12324,5/27/2025 12:00,660,557,103,825.3,660,899.3,0,38,21.9,5.4,1000.5
12325,5/27/2025 13:00,530,437,93,779.0,530,747.5,0,33,22.6,6.2,999.9
12326,5/27/2025 14:00,381,299,82,697.0,381,571.6,0,38,22.1,5.0,999.6
12327,5/27/2025 15:00,230,163,67,566.1,230,383.7,0,49,20.9,3.4,999.2
12328,5/27/2025 16:00,96,53,43,359.5,96,196.4,0,57,18.6,0.7,999.0
12329,5/27/2025 17:00,12,3,9,39.4,12,42.3,0,58,16.6,0.7,998.9
12330,5/27/2025 18:00,0,0,0,0.0,0,0.0,0,70,15.0,2.8,999.0
12331,5/27/2025 19:00,0,0,0,0.0,0,0.0,0,71,14.4,1.6,999.0
12332,5/27/2025 20:00,0,0,0,0.0,0,0.0,0,73,13.4,1.5,999.0
12333,5/27/2025 21:00,0,0,0,0.0,0,0.0,0,74,12.0,4.1,998.7
12334,5/27/2025 22:00,0,0,0,0.0,0,0.0,0,73,11.5,3.4,998.6
12335,5/27/2025 23:00,0,0,0,0.0,0,0.0,0,74,10.9,3.4,998.6
12336,5/28/2025 0:00,0,0,0,0.0,0,0.0,0,76,10.5,3.2,998.8
12337,5/28/2025 1:00,17,6,11,71.8,17,51.9,0,86,9.6,4.3,999.3
12338,5/28/2025 2:00,108,62,46,380.4,108,217.1,0,83,11.6,5.8,999.8
12339,5/28/2025 3:00,245,176,69,578.7,245,405.2,0,80,15.4,3.4,1000.3
12340,5/28/2025 4:00,397,313,84,703.7,397,592.5,0,67,18.6,1.7,1000.5
12341,5/28/2025 5:00,545,450,95,782.2,545,766.4,0,52,20.6,1.5,1000.4
12342,5/28/2025 6:00,674,571,103,831.3,674,915.0,0,44,21.9,2.0,1000.4
12343,5/28/2025 7:00,773,665,108,861.6,773,1028.2,0,40,22.7,1.5,1000.4
12344,5/28/2025 8:00,834,722,112,875.8,834,1098.2,0,39,23.3,0.9,1000.3
12345,5/28/2025 9:00,852,740,112,879.8,852,1120.4,0,39,23.8,1.4,1000.3
12346,5/28/2025 10:00,827,716,111,872.4,827,1093.2,16,39,24.0,1.9,1000.1
12347,5/28/2025 11:00,760,652,108,852.7,760,1018.6,54,39,24.2,2.0,999.9
12348,5/28/2025 12:00,654,546,108,806.8,654,901.5,74,40,24.3,2.4,999.4
12349,5/28/2025 13:00,526,432,94,767.3,526,750.0,0,38,25.0,4.6,998.7
12350,5/28/2025 14:00,377,294,83,681.8,377,574.4,3,42,24.6,4.5,998.2
12351,5/28/2025 15:00,227,160,67,551.2,227,386.7,0,69,22.8,1.9,997.9
12352,5/28/2025 16:00,95,52,43,346.9,95,199.7,0,70,20.6,1.1,997.8
12353,5/28/2025 17:00,12,4,8,51.6,12,43.9,0,74,17.6,5.9,997.5
12354,5/28/2025 18:00,0,0,0,0.0,0,0.0,0,74,16.4,7.6,997.3
12355,5/28/2025 19:00,0,0,0,0.0,0,0.0,3,75,15.4,7.9,997.3
12356,5/28/2025 20:00,0,0,0,0.0,0,0.0,39,76,14.8,7.9,997.0
12357,5/28/2025 21:00,0,0,0,0.0,0,0.0,47,81,13.8,6.6,997.0
12358,5/28/2025 22:00,0,0,0,0.0,0,0.0,57,85,12.9,6.3,996.7
12359,5/28/2025 23:00,0,0,0,0.0,0,0.0,72,85,12.6,6.9,996.8
12360,5/29/2025 0:00,0,0,0,0.0,0,0.0,97,84,12.4,7.5,996.8
12361,5/29/2025 1:00,17,4,13,47.3,17,53.1,100,77,12.4,8.4,997.2
12362,5/29/2025 2:00,99,39,60,236.5,99,219.6,100,72,14.8,8.4,997.7
12363,5/29/2025 3:00,224,126,98,411.9,224,407.4,100,69,17.5,7.8,998.0
12364,5/29/2025 4:00,370,245,125,548.9,370,594.4,100,67,20.2,4.3,998.2
12365,5/29/2025 5:00,507,351,156,608.5,507,768.1,100,56,22.2,5.2,998.2
12366,5/29/2025 6:00,652,507,145,736.6,652,916.6,100,45,23.5,6.3,997.9
12367,5/29/2025 7:00,746,577,169,746.3,746,1029.7,100,41,24.2,6.5,997.8
12368,5/29/2025 8:00,788,571,217,691.4,788,1099.7,100,38,24.9,6.5,997.4
12369,5/29/2025 9:00,763,481,282,570.9,763,1122.0,100,38,25.1,6.3,997.0
12370,5/29/2025 10:00,759,504,255,613.0,759,1094.9,100,38,25.5,6.0,996.5
12371,5/29/2025 11:00,699,472,227,615.9,699,1020.4,100,39,25.6,5.8,996.2
12372,5/29/2025 12:00,594,380,214,560.0,594,903.6,100,40,25.7,6.1,995.6
12373,5/29/2025 13:00,484,317,167,561.1,484,752.3,93,38,26.0,7.6,995.3
12374,5/29/2025 14:00,367,267,100,616.1,367,577.0,91,48,25.3,7.8,995.0
12375,5/29/2025 15:00,219,137,82,468.2,219,389.6,4,57,23.6,7.7,994.4
12376,5/29/2025 16:00,97,54,43,354.5,97,202.8,1,62,21.4,10.7,994.1
12377,5/29/2025 17:00,13,4,9,50.8,13,45.5,0,64,19.3,9.8,993.9
12378,5/29/2025 18:00,0,0,0,0.0,0,0.0,4,68,17.8,9.0,993.8
12379,5/29/2025 19:00,0,0,0,0.0,0,0.0,28,70,17.0,9.2,993.6
12380,5/29/2025 20:00,0,0,0,0.0,0,0.0,24,71,16.2,9.1,993.4
12381,5/29/2025 21:00,0,0,0,0.0,0,0.0,13,72,15.5,8.0,993.4
12382,5/29/2025 22:00,0,0,0,0.0,0,0.0,21,72,14.9,8.0,993.2
12383,5/29/2025 23:00,0,0,0,0.0,0,0.0,22,70,14.5,8.6,993.2
12384,5/30/2025 0:00,0,0,0,0.0,0,0.0,22,68,14.1,8.5,993.2
12385,5/30/2025 1:00,18,6,12,70.2,18,54.2,4,69,13.6,9.2,993.5
12386,5/30/2025 2:00,108,61,47,366.0,108,221.9,9,68,15.3,9.7,993.8
12387,5/30/2025 3:00,242,170,72,552.8,242,409.4,12,68,17.7,8.1,994.1
12388,5/30/2025 4:00,392,305,87,681.0,392,596.2,2,64,20.5,5.2,994.2
12389,5/30/2025 5:00,538,443,95,766.2,538,769.7,0,58,22.9,6.0,994.4
12390,5/30/2025 6:00,665,563,102,816.4,665,918.0,0,50,24.6,7.8,994.2
12391,5/30/2025 7:00,764,656,108,847.0,764,1031.0,0,41,26.0,8.2,994.1
12392,5/30/2025 8:00,828,719,109,869.3,828,1101.1,2,35,26.7,7.1,993.6
12393,5/30/2025 9:00,834,718,116,850.8,834,1123.4,14,35,27.0,4.9,993.3
12394,5/30/2025 10:00,774,628,146,762.4,774,1096.5,38,34,27.5,4.0,992.7
12395,5/30/2025 11:00,622,444,178,578.2,622,1022.2,23,34,27.4,6.2,992.3
12396,5/30/2025 12:00,561,409,152,601.2,561,905.6,15,36,27.0,8.8,991.9
12397,5/30/2025 13:00,505,403,102,710.8,505,754.7,5,35,27.5,3.0,991.9
12398,5/30/2025 14:00,367,280,87,643.0,367,579.6,5,43,26.8,3.9,991.4
12399,5/30/2025 15:00,215,148,67,502.0,215,392.5,6,63,24.9,4.1,991.2
12400,5/30/2025 16:00,96,52,44,336.1,96,205.9,3,63,22.6,5.8,991.0
12401,5/30/2025 17:00,13,4,9,50.0,13,47.0,1,62,20.5,7.3,991.1
12402,5/30/2025 18:00,0,0,0,0.0,0,0.0,1,60,19.5,7.7,991.0
12403,5/30/2025 19:00,0,0,0,0.0,0,0.0,3,59,19.0,8.3,990.8
12404,5/30/2025 20:00,0,0,0,0.0,0,0.0,8,59,18.6,8.7,990.6
12405,5/30/2025 21:00,0,0,0,0.0,0,0.0,6,60,18.3,9.6,990.4
12406,5/30/2025 22:00,0,0,0,0.0,0,0.0,5,64,17.7,9.9,990.4
12407,5/30/2025 23:00,0,0,0,0.0,0,0.0,10,70,16.6,7.3,990.2
12408,5/31/2025 0:00,0,0,0,0.0,0,0.0,5,75,15.6,6.7,990.2
12409,5/31/2025 1:00,17,5,12,57.9,17,55.3,19,70,16.2,8.7,990.8
12410,5/31/2025 2:00,98,52,46,308.9,98,224.0,25,69,17.8,9.7,991.0
12411,5/31/2025 3:00,210,135,75,436.9,210,411.3,20,67,19.8,10.9,991.2
12412,5/31/2025 4:00,352,251,101,558.7,352,597.9,15,64,22.0,9.8,991.0
12413,5/31/2025 5:00,509,399,110,688.6,509,771.2,7,58,24.0,10.0,990.8
12414,5/31/2025 6:00,640,522,118,755.6,640,919.4,14,54,25.6,10.1,990.7
12415,5/31/2025 7:00,748,635,113,818.6,748,1032.3,36,49,27.0,10.9,990.6
12416,5/31/2025 8:00,813,702,111,847.4,813,1102.4,66,42,28.2,11.6,990.2
12417,5/31/2025 9:00,831,718,113,849.5,831,1124.8,49,35,28.8,16.3,990.3
12418,5/31/2025 10:00,724,522,202,632.6,724,1098.1,45,37,27.6,15.7,990.4
12419,5/31/2025 11:00,700,543,157,705.7,700,1024.0,55,35,28.0,9.9,990.1
12420,5/31/2025 12:00,499,364,135,533.7,499,907.6,77,38,27.5,13.3,989.8
12421,5/31/2025 13:00,433,306,127,538.0,433,756.9,12,39,27.8,4.7,989.1
12422,5/31/2025 14:00,340,243,97,555.4,340,582.2,48,50,27.2,6.9,988.7
12423,5/31/2025 15:00,190,112,78,377.0,190,395.3,31,67,25.1,4.2,988.5
12424,5/31/2025 16:00,84,41,43,261.1,84,209.0,4,72,23.0,5.3,988.3
12425,5/31/2025 17:00,14,4,10,49.3,14,48.5,6,69,20.8,5.9,988.0
12426,5/31/2025 18:00,0,0,0,0.0,0,0.0,16,68,19.6,6.8,987.6
12427,5/31/2025 19:00,0,0,0,0.0,0,0.0,4,60,19.7,9.9,987.6
12428,5/31/2025 20:00,0,0,0,0.0,0,0.0,5,52,20.1,12.6,987.5
12429,5/31/2025 21:00,0,0,0,0.0,0,0.0,0,56,19.1,10.3,987.1
12430,5/31/2025 22:00,0,0,0,0.0,0,0.0,1,55,18.8,13.5,986.8
12431,5/31/2025 23:00,0,0,0,0.0,0,0.0,10,51,18.9,16.0,986.3
12432,6/1/2025 0:00,0,0,0,0.0,0,0.0,2,49,18.5,14.9,986.1
12433,6/1/2025 1:00,19,7,12,80.3,19,56.4,8,58,17.1,10.5,985.9
12434,6/1/2025 2:00,110,62,48,364.9,110,226.1,47,59,18.2,12.1,985.7
12435,6/1/2025 3:00,203,93,110,299.6,203,413.0,20,59,19.9,14.3,985.4
12436,6/1/2025 4:00,372,260,112,577.1,372,599.4,44,57,21.8,12.2,985.3
12437,6/1/2025 5:00,441,277,164,477.0,441,772.5,88,55,23.0,14.1,985.0
12438,6/1/2025 6:00,621,442,179,638.8,621,920.6,90,49,25.0,14.6,984.7
12439,6/1/2025 7:00,747,609,138,783.9,747,1033.5,98,44,26.5,14.3,984.4
12440,6/1/2025 8:00,794,625,169,753.4,794,1103.6,100,43,27.5,15.3,984.1
12441,6/1/2025 9:00,669,326,343,385.1,669,1126.1,86,41,28.0,14.8,983.1
12442,6/1/2025 10:00,777,592,185,716.3,777,1099.6,94,40,26.9,24.4,983.0
12443,6/1/2025 11:00,432,126,306,163.4,432,1025.7,94,46,26.0,19.1,982.7
12444,6/1/2025 12:00,463,184,279,269.1,463,909.6,91,39,26.5,16.2,982.3
12445,6/1/2025 13:00,491,369,122,646.6,491,759.1,99,49,25.1,13.3,981.8
12446,6/1/2025 14:00,186,58,128,132.0,186,584.6,54,54,24.3,8.5,980.5
12447,6/1/2025 15:00,208,122,86,407.8,208,398.0,54,47,24.4,20.1,980.2
12448,6/1/2025 16:00,83,30,53,188.3,83,211.9,40,50,21.9,9.6,979.0
12449,6/1/2025 17:00,14,4,10,48.6,14,50.0,90,50,21.0,14.8,978.4
12450,6/1/2025 18:00,0,0,0,0.0,0,0.0,61,49,20.6,16.0,978.1
12451,6/1/2025 19:00,0,0,0,0.0,0,0.0,100,50,20.1,15.7,977.7
12452,6/1/2025 20:00,0,0,0,0.0,0,0.0,99,50,19.8,17.2,977.3
12453,6/1/2025 21:00,0,0,0,0.0,0,0.0,94,54,19.0,13.8,976.9
12454,6/1/2025 22:00,0,0,0,0.0,0,0.0,24,59,18.0,12.8,976.8
12455,6/1/2025 23:00,0,0,0,0.0,0,0.0,53,63,17.3,13.0,976.5
12456,6/2/2025 0:00,0,0,0,0.0,0,0.0,18,65,16.9,13.4,976.5
12457,6/2/2025 1:00,20,7,13,79.6,20,57.3,60,73,15.9,11.2,975.9
12458,6/2/2025 2:00,108,58,50,338.4,108,228.0,100,72,16.9,12.9,975.9
12459,6/2/2025 3:00,205,89,116,285.5,205,414.7,100,70,18.1,12.8,975.7
12460,6/2/2025 4:00,360,238,122,526.8,360,600.8,100,66,19.4,16.5,975.6
12461,6/2/2025 5:00,450,251,199,431.4,450,773.8,90,64,20.5,16.3,975.3
12462,6/2/2025 6:00,530,329,201,474.7,530,921.7,94,75,19.4,18.5,975.4
12463,6/2/2025 7:00,375,111,264,142.7,375,1034.6,100,87,17.4,15.3,975.4
12464,6/2/2025 8:00,158,6,152,7.2,158,1104.8,100,87,16.0,18.5,975.3
12465,6/2/2025 9:00,331,67,264,79.0,331,1127.4,100,88,15.9,22.5,976.1
12466,6/2/2025 10:00,209,52,157,62.8,209,1101.0,75,82,16.0,19.4,976.2
12467,6/2/2025 11:00,571,375,196,485.5,571,1027.3,87,69,18.5,21.5,976.5
12468,6/2/2025 12:00,345,109,236,159.0,345,911.4,12,58,18.5,20.6,976.4
12469,6/2/2025 13:00,486,377,109,658.6,486,761.3,22,53,18.6,21.6,976.9
12470,6/2/2025 14:00,344,246,98,557.3,344,587.1,21,53,17.8,21.0,977.1
12471,6/2/2025 15:00,207,132,75,438.2,207,400.6,30,59,16.0,21.3,977.7
12472,6/2/2025 16:00,90,45,45,278.7,90,214.7,12,63,14.6,18.6,978.0
12473,6/2/2025 17:00,15,5,10,60.0,15,51.4,3,66,13.1,18.7,978.5
12474,6/2/2025 18:00,0,0,0,0.0,0,0.0,22,66,11.6,20.5,978.6
12475,6/2/2025 19:00,0,0,0,0.0,0,0.0,3,69,10.6,18.9,978.2
12476,6/2/2025 20:00,0,0,0,0.0,0,0.0,96,70,10.3,18.9,977.5
12477,6/2/2025 21:00,0,0,0,0.0,0,0.0,100,73,10.5,20.4,976.9
12478,6/2/2025 22:00,0,0,0,0.0,0,0.0,100,88,10.4,23.9,976.2
12479,6/2/2025 23:00,0,0,0,0.0,0,0.0,100,96,10.4,23.3,975.5
12480,6/3/2025 0:00,0,0,0,0.0,0,0.0,100,97,10.2,27.5,974.6
12481,6/3/2025 1:00,4,0,4,0.0,4,58.2,100,97,10.2,21.8,973.2
12482,6/3/2025 2:00,12,0,12,0.0,12,229.7,100,98,10.4,19.2,972.7
12483,6/3/2025 3:00,26,0,26,0.0,26,416.2,100,98,10.6,15.5,972.9
12484,6/3/2025 4:00,95,0,95,0.0,95,602.1,57,94,11.6,14.9,973.2
12485,6/3/2025 5:00,333,151,182,259.1,333,774.9,100,83,12.9,19.4,974.1
12486,6/3/2025 6:00,414,145,269,208.9,414,922.8,67,71,13.8,23.2,974.8
12487,6/3/2025 7:00,550,316,234,405.7,550,1035.7,45,66,14.7,23.5,975.6
12488,6/3/2025 8:00,648,479,169,575.9,648,1105.8,49,59,15.6,24.5,976.2
12489,6/3/2025 9:00,567,330,237,388.8,567,1128.6,67,53,16.6,23.6,976.8
12490,6/3/2025 10:00,566,282,284,340.1,566,1102.3,96,52,16.9,23.5,977.6
12491,6/3/2025 11:00,535,235,300,303.7,535,1028.9,100,49,17.4,22.6,977.7
12492,6/3/2025 12:00,354,75,279,109.2,354,913.3,100,49,17.5,20.6,978.3
12493,6/3/2025 13:00,281,56,225,97.5,281,763.4,96,50,16.9,19.6,979.0
12494,6/3/2025 14:00,241,78,163,175.9,241,589.4,58,53,16.6,17.2,979.3
12495,6/3/2025 15:00,189,101,88,333.0,189,403.2,23,57,16.1,11.6,979.6
12496,6/3/2025 16:00,95,45,50,275.1,95,217.5,5,68,14.8,9.4,979.8
12497,6/3/2025 17:00,17,5,12,59.2,17,52.7,1,76,13.1,9.7,980.5
12498,6/3/2025 18:00,0,0,0,0.0,0,0.0,42,82,12.4,8.6,981.1
12499,6/3/2025 19:00,0,0,0,0.0,0,0.0,77,88,11.6,5.7,980.9
12500,6/3/2025 20:00,0,0,0,0.0,0,0.0,33,88,11.9,7.7,980.8
12501,6/3/2025 21:00,0,0,0,0.0,0,0.0,26,87,11.9,8.9,980.7
12502,6/3/2025 22:00,0,0,0,0.0,0,0.0,26,92,10.7,8.4,980.7
12503,6/3/2025 23:00,0,0,0,0.0,0,0.0,47,94,10.3,8.9,980.7
12504,6/4/2025 0:00,0,0,0,0.0,0,0.0,90,94,9.6,6.2,980.6
12505,6/4/2025 1:00,20,3,17,33.6,20,59.0,81,95,9.3,6.5,980.6
12506,6/4/2025 2:00,98,32,66,183.9,98,231.3,1,91,10.9,7.7,981.0
12507,6/4/2025 3:00,248,177,71,563.5,248,417.6,3,84,13.1,5.8,981.1
12508,6/4/2025 4:00,393,308,85,678.6,393,603.3,90,76,15.6,7.5,981.2
12509,6/4/2025 5:00,529,417,112,714.3,529,776.0,5,64,17.6,11.2,981.2
12510,6/4/2025 6:00,662,557,105,801.5,662,923.7,58,57,18.9,12.5,981.2
12511,6/4/2025 7:00,745,609,136,780.9,745,1036.6,100,53,20.0,10.8,980.8
12512,6/4/2025 8:00,649,308,341,369.9,649,1106.8,100,52,20.4,9.7,980.5
12513,6/4/2025 9:00,665,317,348,373.0,665,1129.7,87,51,21.0,8.9,980.2
12514,6/4/2025 10:00,734,529,205,637.1,734,1103.6,69,49,21.9,9.9,979.7
12515,6/4/2025 11:00,614,423,191,545.6,614,1030.4,79,49,21.9,10.8,979.5
12516,6/4/2025 12:00,424,234,190,339.9,424,915.0,100,50,21.6,10.1,979.1
12517,6/4/2025 13:00,168,11,157,19.1,168,765.3,100,54,21.2,4.2,978.3
12518,6/4/2025 14:00,75,0,75,0.0,75,591.6,100,62,20.4,3.0,977.8
12519,6/4/2025 15:00,53,1,52,3.3,53,405.7,100,71,19.5,3.3,977.4
12520,6/4/2025 16:00,33,0,33,0.0,33,220.2,100,78,18.5,6.3,977.2
12521,6/4/2025 17:00,4,0,4,0.0,4,54.0,100,83,17.1,9.4,977.8
12522,6/4/2025 18:00,0,0,0,0.0,0,0.0,100,94,16.0,3.1,977.3
12523,6/4/2025 19:00,0,0,0,0.0,0,0.0,100,96,15.6,3.7,976.9
12524,6/4/2025 20:00,0,0,0,0.0,0,0.0,100,97,15.2,5.8,976.2
12525,6/4/2025 21:00,0,0,0,0.0,0,0.0,100,98,15.1,7.1,976.0
12526,6/4/2025 22:00,0,0,0,0.0,0,0.0,100,99,14.6,12.8,976.1
12527,6/4/2025 23:00,0,0,0,0.0,0,0.0,100,97,13.8,14.9,976.2
12528,6/5/2025 0:00,0,0,0,0.0,0,0.0,100,97,13.5,16.7,976.3
12529,6/5/2025 1:00,8,0,8,0.0,8,59.8,100,94,13.9,10.7,977.7
12530,6/5/2025 2:00,38,2,36,11.4,38,232.8,89,94,14.4,10.7,978.1
12531,6/5/2025 3:00,140,32,108,101.5,140,418.8,98,91,15.3,11.2,978.4
12532,6/5/2025 4:00,358,224,134,492.5,358,604.4,99,84,16.7,12.0,978.8
12533,6/5/2025 5:00,433,228,205,390.0,433,776.9,99,75,17.8,12.8,979.3
12534,6/5/2025 6:00,591,380,211,546.1,591,924.6,91,64,19.0,14.7,979.5
12535,6/5/2025 7:00,720,522,198,668.6,720,1037.4,78,57,19.9,14.7,980.0
12536,6/5/2025 8:00,785,622,163,746.1,785,1107.7,81,53,20.6,15.6,980.3
12537,6/5/2025 9:00,758,520,238,611.1,758,1130.7,47,49,21.1,16.5,980.4
12538,6/5/2025 10:00,779,608,171,731.2,779,1104.8,41,46,21.5,17.1,980.5
12539,6/5/2025 11:00,733,587,146,755.9,733,1031.8,64,44,21.9,17.4,980.9
12540,6/5/2025 12:00,587,396,191,574.0,587,916.7,73,45,21.6,16.4,981.3
12541,6/5/2025 13:00,267,36,231,62.3,267,767.3,100,51,20.4,16.5,981.7
12542,6/5/2025 14:00,231,47,184,105.2,231,593.8,57,53,19.8,17.9,981.8
12543,6/5/2025 15:00,238,162,76,527.5,238,408.0,26,54,19.2,16.5,982.1
12544,6/5/2025 16:00,109,62,47,369.9,109,222.7,26,58,17.8,13.5,982.7
12545,6/5/2025 17:00,19,6,13,69.4,19,55.2,0,61,16.5,14.9,983.5
12546,6/5/2025 18:00,0,0,0,0.0,0,0.0,3,59,15.7,15.3,984.1
12547,6/5/2025 19:00,0,0,0,0.0,0,0.0,0,61,14.7,15.4,984.3
12548,6/5/2025 20:00,0,0,0,0.0,0,0.0,7,61,14.2,18.0,984.5
12549,6/5/2025 21:00,0,0,0,0.0,0,0.0,14,59,13.7,17.1,984.9
12550,6/5/2025 22:00,0,0,0,0.0,0,0.0,1,63,12.8,14.3,985.3
12551,6/5/2025 23:00,0,0,0,0.0,0,0.0,0,67,11.8,13.9,985.6
12552,6/6/2025 0:00,0,0,0,0.0,0,0.0,0,71,11.2,14.0,985.9
12553,6/6/2025 1:00,23,9,14,99.4,23,60.7,0,73,10.9,14.7,986.3
12554,6/6/2025 2:00,121,73,48,414.2,121,234.2,0,75,11.9,14.1,987.3
12555,6/6/2025 3:00,259,189,70,597.9,259,419.9,1,72,13.4,13.6,987.6
12556,6/6/2025 4:00,410,326,84,715.4,410,605.3,0,68,15.1,14.4,987.7
12557,6/6/2025 5:00,557,463,94,790.9,557,777.7,0,61,16.5,17.0,987.8
12558,6/6/2025 6:00,684,584,100,838.4,684,925.4,0,56,17.5,18.5,987.8
12559,6/6/2025 7:00,783,677,106,866.3,783,1038.2,0,54,18.5,18.2,987.9
12560,6/6/2025 8:00,844,735,109,880.8,844,1108.6,0,52,19.3,18.3,987.8
12561,6/6/2025 9:00,864,754,110,885.1,864,1131.7,0,52,20.0,18.0,987.8
12562,6/6/2025 10:00,840,732,108,879.2,840,1106.0,0,50,20.5,17.8,987.8
12563,6/6/2025 11:00,774,668,106,858.9,774,1033.2,0,50,20.7,17.6,987.8
12564,6/6/2025 12:00,673,571,102,826.0,673,918.3,0,49,20.9,17.2,987.5
12565,6/6/2025 13:00,544,451,93,778.9,544,769.1,0,48,20.9,16.5,987.8
12566,6/6/2025 14:00,398,316,82,704.4,398,595.9,0,50,20.4,15.1,987.9
12567,6/6/2025 15:00,248,181,67,585.9,248,410.3,0,57,19.4,12.5,988.2
12568,6/6/2025 16:00,113,67,46,395.3,113,225.2,0,64,17.6,8.6,988.3
12569,6/6/2025 17:00,20,7,13,80.1,20,56.4,0,69,15.7,8.3,988.7
12570,6/6/2025 18:00,0,0,0,0.0,0,0.0,0,69,15.1,10.0,988.6
12571,6/6/2025 19:00,0,0,0,0.0,0,0.0,0,71,14.2,9.8,988.5
12572,6/6/2025 20:00,0,0,0,0.0,0,0.0,0,75,13.3,9.0,988.3
12573,6/6/2025 21:00,0,0,0,0.0,0,0.0,0,76,12.8,9.2,988.2
12574,6/6/2025 22:00,0,0,0,0.0,0,0.0,0,78,12.1,9.2,988.3
12575,6/6/2025 23:00,0,0,0,0.0,0,0.0,3,80,11.6,9.1,988.6
12576,6/7/2025 0:00,0,0,0,0.0,0,0.0,8,81,11.2,9.8,988.7
12577,6/7/2025 1:00,24,9,15,98.8,24,62.1,0,83,10.8,10.8,988.8
12578,6/7/2025 2:00,121,74,47,417.6,121,235.4,0,78,12.6,11.6,989.2
12579,6/7/2025 3:00,259,190,69,599.5,259,420.9,0,76,14.9,9.2,989.4
12580,6/7/2025 4:00,410,327,83,716.5,410,606.2,16,68,17.2,9.2,989.7
12581,6/7/2025 5:00,555,461,94,786.5,555,778.4,5,60,19.1,9.0,989.8
12582,6/7/2025 6:00,683,581,102,833.3,683,926.0,1,53,20.5,9.1,989.9
12583,6/7/2025 7:00,781,675,106,862.9,781,1038.9,12,49,21.5,8.6,989.8
12584,6/7/2025 8:00,840,730,110,873.9,840,1109.3,44,48,22.1,7.0,989.4
12585,6/7/2025 9:00,856,738,118,865.4,856,1132.6,65,49,22.7,5.4,989.1
12586,6/7/2025 10:00,831,711,120,852.9,831,1107.0,80,49,23.1,4.3,988.9
12587,6/7/2025 11:00,764,644,120,826.8,764,1034.4,73,49,23.4,2.9,988.7
12588,6/7/2025 12:00,664,555,109,801.3,664,919.8,51,50,23.4,2.4,988.3
12589,6/7/2025 13:00,524,406,118,699.4,524,770.9,100,47,23.6,1.1,988.5
12590,6/7/2025 14:00,366,243,123,539.8,366,597.8,92,49,23.3,0.4,988.2
12591,6/7/2025 15:00,220,123,97,396.0,220,412.5,18,69,22.0,3.0,988.0
12592,6/7/2025 16:00,108,57,51,332.7,108,227.5,2,81,20.3,2.7,988.3
12593,6/7/2025 17:00,20,7,13,79.2,20,57.6,7,81,18.2,2.9,988.5
12594,6/7/2025 18:00,0,0,0,0.0,0,0.0,5,83,17.0,2.2,988.7
12595,6/7/2025 19:00,0,0,0,0.0,0,0.0,0,91,15.5,3.8,988.4
12596,6/7/2025 20:00,0,0,0,0.0,0,0.0,0,91,15.0,6.2,988.3
12597,6/7/2025 21:00,0,0,0,0.0,0,0.0,0,83,14.1,6.4,988.2
12598,6/7/2025 22:00,0,0,0,0.0,0,0.0,0,77,13.5,5.4,988.1
12599,6/7/2025 23:00,0,0,0,0.0,0,0.0,4,75,12.9,6.0,988.2
12600,6/8/2025 0:00,0,0,0,0.0,0,0.0,17,78,12.4,6.7,988.1
12601,6/8/2025 1:00,24,9,15,98.3,24,63.4,2,77,12.6,7.4,988.2
12602,6/8/2025 2:00,120,72,48,404.3,120,236.5,53,76,14.6,9.2,988.7
12603,6/8/2025 3:00,248,172,76,541.4,248,421.8,100,75,16.8,6.4,989.4
12604,6/8/2025 4:00,368,232,136,507.6,368,606.9,100,71,18.5,6.9,990.0
12605,6/8/2025 5:00,493,312,181,531.7,493,779.1,50,66,20.2,7.6,990.0
12606,6/8/2025 6:00,667,562,105,805.3,667,926.6,90,61,22.0,8.3,989.9
12607,6/8/2025 7:00,733,554,179,707.6,733,1039.5,100,53,23.3,9.4,989.9
12608,6/8/2025 8:00,714,409,305,489.2,714,1110.0,100,48,24.0,10.5,989.8
12609,6/8/2025 9:00,692,359,333,420.6,692,1133.4,98,48,24.2,10.1,989.8
12610,6/8/2025 10:00,681,361,320,432.6,681,1108.0,48,49,24.5,9.6,989.7
12611,6/8/2025 11:00,720,558,162,715.3,720,1035.7,19,48,24.8,9.1,989.5
12612,6/8/2025 12:00,613,497,116,716.3,613,921.2,18,48,24.9,7.5,989.4
12613,6/8/2025 13:00,502,379,123,651.3,502,772.5,11,44,25.5,9.4,989.5
12614,6/8/2025 14:00,374,283,91,626.5,374,599.7,3,49,24.9,7.6,989.5
12615,6/8/2025 15:00,233,163,70,522.0,233,414.6,0,62,23.8,4.5,989.3
12616,6/8/2025 16:00,110,64,46,369.9,110,229.7,1,68,22.1,3.9,989.2
12617,6/8/2025 17:00,21,8,13,89.7,21,58.6,1,64,20.5,2.2,989.5
12618,6/8/2025 18:00,0,0,0,0.0,0,0.0,2,65,19.4,0.7,989.3
12619,6/8/2025 19:00,0,0,0,0.0,0,0.0,2,71,18.0,2.2,989.4
12620,6/8/2025 20:00,0,0,0,0.0,0,0.0,2,74,17.4,3.6,989.5
12621,6/8/2025 21:00,0,0,0,0.0,0,0.0,1,74,17.4,2.5,989.6
12622,6/8/2025 22:00,0,0,0,0.0,0,0.0,1,79,16.6,6.8,989.6
12623,6/8/2025 23:00,0,0,0,0.0,0,0.0,0,78,15.8,6.8,989.5
12624,6/9/2025 0:00,0,0,0,0.0,0,0.0,1,74,15.4,9.3,989.7
12625,6/9/2025 1:00,24,9,15,97.9,24,64.6,26,78,15.3,11.2,990.1
12626,6/9/2025 2:00,116,66,50,369.0,116,237.4,77,77,16.6,11.2,990.5
12627,6/9/2025 3:00,244,166,78,521.4,244,422.6,98,77,18.3,9.2,990.8
12628,6/9/2025 4:00,380,271,109,592.1,380,607.5,99,71,20.0,9.5,991.3
12629,6/9/2025 5:00,523,399,124,679.4,523,779.6,97,66,21.6,9.4,991.6
12630,6/9/2025 6:00,658,545,113,780.3,658,927.1,57,62,23.2,8.6,991.6
12631,6/9/2025 7:00,758,651,107,830.9,758,1040.0,23,59,24.6,10.0,991.6
12632,6/9/2025 8:00,818,705,113,842.6,818,1110.6,22,54,25.6,11.1,991.6
12633,6/9/2025 9:00,832,717,115,839.2,832,1134.1,60,48,26.5,12.6,991.5
12634,6/9/2025 10:00,755,617,138,738.5,755,1108.9,58,46,26.8,14.7,991.1
12635,6/9/2025 11:00,730,596,134,763.0,730,1036.8,27,44,27.1,14.9,990.8
12636,6/9/2025 12:00,651,549,102,789.8,651,922.6,2,44,27.0,14.4,990.4
12637,6/9/2025 13:00,507,399,108,684.1,507,774.1,32,43,27.0,13.4,990.7
12638,6/9/2025 14:00,374,279,95,615.6,374,601.5,12,53,26.0,11.3,990.3
12639,6/9/2025 15:00,240,171,69,544.9,240,416.6,5,57,24.9,10.1,990.1
12640,6/9/2025 16:00,111,64,47,366.5,111,231.8,0,63,23.0,7.2,990.2
12641,6/9/2025 17:00,22,8,14,88.9,22,59.9,8,70,20.7,6.8,990.2
12642,6/9/2025 18:00,0,0,0,0.0,0,0.0,6,69,20.2,9.3,990.3
12643,6/9/2025 19:00,0,0,0,0.0,0,0.0,1,66,19.7,12.4,990.3
12644,6/9/2025 20:00,0,0,0,0.0,0,0.0,6,60,19.2,13.3,990.1
12645,6/9/2025 21:00,0,0,0,0.0,0,0.0,21,57,18.5,11.4,990.0
12646,6/9/2025 22:00,0,0,0,0.0,0,0.0,61,58,17.7,9.3,989.8
12647,6/9/2025 23:00,0,0,0,0.0,0,0.0,67,60,16.9,7.9,989.8
12648,6/10/2025 0:00,0,0,0,0.0,0,0.0,71,63,16.1,7.2,989.5
12649,6/10/2025 1:00,24,9,15,97.5,24,65.6,95,66,15.8,7.3,989.7
12650,6/10/2025 2:00,116,65,51,362.1,116,238.3,99,66,17.3,9.3,990.0
12651,6/10/2025 3:00,247,172,75,539.3,247,423.2,59,67,19.1,8.2,990.1
12652,6/10/2025 4:00,395,309,86,674.4,395,608.0,31,63,21.2,5.2,990.2
12653,6/10/2025 5:00,540,446,94,758.8,540,780.0,30,57,23.0,5.8,990.3
12654,6/10/2025 6:00,665,563,102,805.5,665,927.5,0,54,24.4,8.1,990.2
12655,6/10/2025 7:00,763,658,105,839.3,763,1040.4,0,47,25.5,9.0,990.0
12656,6/10/2025 8:00,824,717,107,856.3,824,1111.1,0,42,26.4,8.6,989.5
12657,6/10/2025 9:00,845,737,108,861.9,845,1134.8,0,41,27.0,8.7,989.0
12658,6/10/2025 10:00,823,717,106,857.4,823,1109.8,0,41,27.2,9.3,988.6
12659,6/10/2025 11:00,759,655,104,837.5,759,1037.8,2,41,27.3,9.7,988.1
12660,6/10/2025 12:00,655,554,101,795.8,655,923.9,1,41,27.1,10.1,987.5
12661,6/10/2025 13:00,525,429,96,734.0,525,775.6,2,39,27.5,9.9,987.0
12662,6/10/2025 14:00,387,304,83,668.8,387,603.2,5,46,27.1,5.9,986.4
12663,6/10/2025 15:00,239,169,70,536.0,239,418.4,14,59,25.5,4.5,985.8
12664,6/10/2025 16:00,113,67,46,380.3,113,233.8,41,71,23.6,1.9,985.7
12665,6/10/2025 17:00,22,7,15,77.1,22,61.9,95,69,21.7,2.5,985.7
12666,6/10/2025 18:00,0,0,0,0.0,0,0.0,73,67,21.1,8.6,985.6
12667,6/10/2025 19:00,0,0,0,0.0,0,0.0,12,60,21.2,11.5,985.4
12668,6/10/2025 20:00,0,0,0,0.0,0,0.0,14,66,19.9,8.1,984.9
12669,6/10/2025 21:00,0,0,0,0.0,0,0.0,19,69,18.9,7.8,984.7
12670,6/10/2025 22:00,0,0,0,0.0,0,0.0,55,71,18.4,8.1,984.4
12671,6/10/2025 23:00,0,0,0,0.0,0,0.0,90,73,18.0,8.0,984.4
12672,6/11/2025 0:00,0,0,0,0.0,0,0.0,100,75,17.6,7.6,984.1
12673,6/11/2025 1:00,22,3,19,32.4,22,66.6,100,80,17.0,8.4,984.0
12674,6/11/2025 2:00,96,30,66,166.6,96,239.0,100,79,18.5,8.7,984.1
12675,6/11/2025 3:00,201,76,125,238.0,201,423.8,100,79,20.4,5.5,984.5
12676,6/11/2025 4:00,320,149,171,324.9,320,608.4,100,73,22.2,4.7,984.6
12677,6/11/2025 5:00,470,287,183,488.0,470,780.4,99,67,23.8,0.6,984.4
12678,6/11/2025 6:00,607,417,190,596.3,607,927.8,99,61,24.9,3.2,984.1
12679,6/11/2025 7:00,733,586,147,747.0,733,1040.8,70,55,25.9,6.4,983.8
12680,6/11/2025 8:00,785,615,170,734.0,785,1111.6,67,50,26.7,5.9,983.4
12681,6/11/2025 9:00,807,653,154,763.1,807,1135.4,39,47,27.5,7.3,982.9
12682,6/11/2025 10:00,774,647,127,772.9,774,1110.6,61,49,27.1,10.7,982.8
12683,6/11/2025 11:00,676,533,143,680.7,676,1038.8,97,52,26.5,7.0,982.9
12684,6/11/2025 12:00,588,405,183,580.9,588,925.1,80,53,26.3,6.5,982.6
12685,6/11/2025 13:00,319,78,241,133.2,319,777.0,100,53,25.7,3.4,982.9
12686,6/11/2025 14:00,344,225,119,493.6,344,604.8,88,53,25.8,2.9,983.0
12687,6/11/2025 15:00,213,121,92,382.1,213,420.1,91,68,24.6,1.6,982.8
12688,6/11/2025 16:00,86,18,68,101.3,86,235.6,85,77,23.0,6.0,982.6
12689,6/11/2025 17:00,21,4,17,43.7,21,63.8,100,73,21.5,11.0,983.1
12690,6/11/2025 18:00,0,0,0,0.0,0,0.0,100,73,20.5,8.1,983.1
12691,6/11/2025 19:00,0,0,0,0.0,0,0.0,100,77,19.3,6.3,983.0
12692,6/11/2025 20:00,0,0,0,0.0,0,0.0,96,82,18.4,5.2,982.8
12693,6/11/2025 21:00,0,0,0,0.0,0,0.0,97,85,17.4,4.0,982.5
12694,6/11/2025 22:00,0,0,0,0.0,0,0.0,100,91,16.6,4.6,982.4
12695,6/11/2025 23:00,0,0,0,0.0,0,0.0,98,93,16.2,6.0,982.4
12696,6/12/2025 0:00,0,0,0,0.0,0,0.0,93,92,16.1,6.8,982.5
12697,6/12/2025 1:00,24,9,15,96.9,24,67.3,7,91,16.0,8.8,982.4
12698,6/12/2025 2:00,118,70,48,387.7,118,239.5,9,84,18.0,9.7,982.9
12699,6/12/2025 3:00,249,180,69,562.9,249,424.2,12,80,20.4,7.1,983.0
12700,6/12/2025 4:00,394,309,85,673.3,394,608.7,11,73,22.7,7.1,983.2
12701,6/12/2025 5:00,536,441,95,749.4,536,780.6,24,63,24.5,9.6,983.1
12702,6/12/2025 6:00,659,555,104,793.3,659,928.1,42,56,25.7,9.1,983.0
12703,6/12/2025 7:00,756,647,109,824.4,756,1041.1,7,51,26.7,7.7,983.0
12704,6/12/2025 8:00,813,696,117,830.3,813,1112.0,94,56,25.5,6.5,983.3
12705,6/12/2025 9:00,590,280,310,327.0,590,1135.9,93,54,25.5,5.0,983.0
12706,6/12/2025 10:00,532,191,341,228.0,532,1111.3,99,55,25.5,6.9,982.8
12707,6/12/2025 11:00,536,228,308,290.9,536,1039.7,96,55,25.7,3.8,982.8
12708,6/12/2025 12:00,446,175,271,250.6,446,926.2,99,55,25.4,3.9,982.6
12709,6/12/2025 13:00,431,215,216,366.4,431,778.3,90,59,24.9,8.6,982.7
12710,6/12/2025 14:00,376,267,109,584.1,376,606.3,100,58,25.0,7.9,982.4
12711,6/12/2025 15:00,187,59,128,185.5,187,421.8,93,67,24.0,8.3,982.2
12712,6/12/2025 16:00,113,65,48,363.2,113,237.3,2,71,22.5,9.7,982.2
12713,6/12/2025 17:00,23,9,14,97.7,23,65.6,2,77,21.0,10.6,982.2
12714,6/12/2025 18:00,0,0,0,0.0,0,0.0,4,81,20.0,9.4,982.5
12715,6/12/2025 19:00,0,0,0,0.0,0,0.0,61,83,19.3,10.8,982.4
12716,6/12/2025 20:00,0,0,0,0.0,0,0.0,0,82,19.0,11.7,982.1
12717,6/12/2025 21:00,0,0,0,0.0,0,0.0,0,81,18.5,11.9,981.9
12718,6/12/2025 22:00,0,0,0,0.0,0,0.0,8,79,18.0,10.7,981.7
12719,6/12/2025 23:00,0,0,0,0.0,0,0.0,12,78,17.5,10.1,981.5
12720,6/13/2025 0:00,0,0,0,0.0,0,0.0,38,78,17.3,10.4,981.4
12721,6/13/2025 1:00,23,6,17,64.5,23,67.9,48,76,17.3,13.7,981.2
12722,6/13/2025 2:00,115,62,53,342.7,115,240.0,100,74,18.4,13.4,981.3
12723,6/13/2025 3:00,213,103,110,321.8,213,424.5,97,74,19.6,10.5,981.5
12724,6/13/2025 4:00,279,93,186,202.5,279,608.9,95,71,20.7,12.0,981.7
12725,6/13/2025 5:00,472,304,168,516.4,472,780.7,100,64,22.1,14.3,981.8
12726,6/13/2025 6:00,508,243,265,347.2,508,928.2,94,62,22.8,12.0,981.8
12727,6/13/2025 7:00,501,153,348,194.9,501,1041.3,62,62,23.2,11.2,981.9
12728,6/13/2025 8:00,712,467,245,556.8,712,1112.3,31,59,24.8,9.6,982.1
12729,6/13/2025 9:00,808,654,154,763.3,808,1136.3,29,56,25.4,10.5,982.1
12730,6/13/2025 10:00,776,626,150,746.6,776,1111.9,6,52,26.1,9.3,982.0
12731,6/13/2025 11:00,728,607,121,773.6,728,1040.5,24,45,26.9,10.2,981.8
12732,6/13/2025 12:00,619,497,122,710.9,619,927.2,33,41,26.8,11.7,981.7
12733,6/13/2025 13:00,486,378,108,643.1,486,779.5,62,38,26.5,12.3,982.1
12734,6/13/2025 14:00,381,293,88,639.4,381,607.6,3,43,26.0,9.0,982.0
12735,6/13/2025 15:00,246,177,69,554.6,246,423.3,20,51,25.1,5.9,982.0
12736,6/13/2025 16:00,105,58,47,321.9,105,238.9,7,55,23.4,6.7,982.1
12737,6/13/2025 17:00,24,9,15,97.0,24,67.2,1,58,21.3,6.3,982.2
12738,6/13/2025 18:00,0,0,0,0.0,0,0.0,4,56,21.2,1.1,982.3
12739,6/13/2025 19:00,0,0,0,0.0,0,0.0,26,58,20.0,2.1,982.1
12740,6/13/2025 20:00,0,0,0,0.0,0,0.0,30,64,18.5,6.7,981.9
12741,6/13/2025 21:00,0,0,0,0.0,0,0.0,33,65,18.4,8.8,981.9
12742,6/13/2025 22:00,0,0,0,0.0,0,0.0,2,67,18.3,8.3,981.6
12743,6/13/2025 23:00,0,0,0,0.0,0,0.0,3,68,17.7,8.7,981.2
12744,6/14/2025 0:00,0,0,0,0.0,0,0.0,5,66,17.5,10.5,981.2
12745,6/14/2025 1:00,24,9,15,96.5,24,68.4,8,71,17.1,11.0,981.3
12746,6/14/2025 2:00,115,67,48,369.7,115,240.3,6,71,18.5,12.1,981.4
12747,6/14/2025 3:00,247,176,71,549.5,247,424.7,5,70,20.1,10.3,981.7
12748,6/14/2025 4:00,385,297,88,646.6,385,609.0,12,64,22.0,9.0,981.7
12749,6/14/2025 5:00,509,400,109,679.3,509,780.8,36,57,23.8,10.5,981.6
12750,6/14/2025 6:00,597,439,158,627.1,597,928.3,16,52,25.1,11.7,981.4
12751,6/14/2025 7:00,710,570,140,725.7,710,1041.4,25,49,26.0,15.2,981.2
12752,6/14/2025 8:00,720,562,158,669.8,720,1112.5,51,47,26.3,16.4,981.1
12753,6/14/2025 9:00,688,461,227,537.7,688,1136.7,93,54,25.5,18.4,981.3
12754,6/14/2025 10:00,421,158,263,188.3,421,1112.4,42,63,23.9,12.4,981.1
12755,6/14/2025 11:00,567,395,172,503.0,567,1041.2,22,55,24.6,13.0,981.0
12756,6/14/2025 12:00,549,412,137,588.6,549,928.1,24,48,25.5,13.8,980.6
12757,6/14/2025 13:00,455,333,122,565.6,455,780.6,32,58,24.8,0.6,981.0
12758,6/14/2025 14:00,327,232,95,505.2,327,608.9,14,49,24.9,9.1,981.0
12759,6/14/2025 15:00,230,158,72,493.3,230,424.6,0,51,23.9,13.1,981.4
12760,6/14/2025 16:00,121,74,47,408.2,121,240.4,0,58,21.9,8.8,981.5
12761,6/14/2025 17:00,26,10,16,107.2,26,68.7,0,67,19.5,6.1,981.6
12762,6/14/2025 18:00,0,0,0,0.0,0,0.0,0,73,18.2,5.1,981.8
12763,6/14/2025 19:00,0,0,0,0.0,0,0.0,0,73,17.6,2.7,981.9
12764,6/14/2025 20:00,0,0,0,0.0,0,0.0,0,75,17.0,0.8,982.2
12765,6/14/2025 21:00,0,0,0,0.0,0,0.0,0,79,16.0,0.5,982.2
12766,6/14/2025 22:00,0,0,0,0.0,0,0.0,15,85,14.8,4.6,981.9
12767,6/14/2025 23:00,0,0,0,0.0,0,0.0,72,88,14.6,7.0,981.6
12768,6/15/2025 0:00,0,0,0,0.0,0,0.0,5,89,14.6,8.3,981.7
12769,6/15/2025 1:00,26,10,16,107.1,26,68.8,98,90,14.1,10.0,982.1
12770,6/15/2025 2:00,111,48,63,264.6,111,240.5,100,82,16.3,11.8,982.1
12771,6/15/2025 3:00,214,107,107,334.0,214,424.8,100,78,18.5,10.1,982.2
12772,6/15/2025 4:00,301,116,185,252.5,301,609.0,100,70,20.4,10.3,982.1
12773,6/15/2025 5:00,398,212,186,360.0,398,780.7,100,61,21.8,10.9,982.3
12774,6/15/2025 6:00,253,34,219,48.6,253,928.2,100,60,21.6,11.0,982.6
12775,6/15/2025 7:00,92,0,92,0.0,92,1041.4,100,72,19.8,9.3,982.4
12776,6/15/2025 8:00,259,12,247,14.3,259,1112.6,100,60,20.5,7.6,982.3
12777,6/15/2025 9:00,195,1,194,1.2,195,1137.0,100,69,19.5,4.1,981.5
12778,6/15/2025 10:00,118,0,118,0.0,118,1112.9,100,88,18.4,5.8,980.8
12779,6/15/2025 11:00,115,0,115,0.0,115,1041.9,100,93,17.9,8.9,980.0
12780,6/15/2025 12:00,60,0,60,0.0,60,928.9,100,94,17.6,8.0,979.7
12781,6/15/2025 13:00,51,0,51,0.0,51,781.6,100,93,17.3,8.2,979.5
12782,6/15/2025 14:00,38,0,38,0.0,38,610.0,100,93,16.1,15.3,978.5
12783,6/15/2025 15:00,43,2,41,6.2,43,425.8,100,94,15.2,17.6,977.1
12784,6/15/2025 16:00,13,0,13,0.0,13,241.7,100,94,14.4,16.5,976.3
12785,6/15/2025 17:00,4,0,4,0.0,4,70.0,100,95,14.1,15.0,975.8
12786,6/15/2025 18:00,0,0,0,0.0,0,0.0,100,96,14.4,10.0,975.5
12787,6/15/2025 19:00,0,0,0,0.0,0,0.0,100,96,14.3,7.8,975.7
12788,6/15/2025 20:00,0,0,0,0.0,0,0.0,100,97,14.2,8.7,975.6
12789,6/15/2025 21:00,0,0,0,0.0,0,0.0,100,98,14.1,7.7,975.7
12790,6/15/2025 22:00,0,0,0,0.0,0,0.0,100,98,14.1,6.7,975.9
12791,6/15/2025 23:00,0,0,0,0.0,0,0.0,100,98,14.1,6.9,975.9
12792,6/16/2025 0:00,0,0,0,0.0,0,0.0,100,98,14.0,5.4,975.7
12793,6/16/2025 1:00,12,2,10,21.4,12,69.0,40,97,13.6,7.2,976.1
12794,6/16/2025 2:00,110,54,56,297.5,110,240.6,56,93,14.3,11.0,976.7
12795,6/16/2025 3:00,216,115,101,358.9,216,424.7,100,89,15.6,13.9,977.1
12796,6/16/2025 4:00,182,24,158,52.2,182,608.9,62,85,16.3,15.5,977.2
12797,6/16/2025 5:00,478,333,145,565.4,478,780.6,60,76,17.8,16.5,977.3
12798,6/16/2025 6:00,585,407,178,581.2,585,928.1,28,68,18.9,16.7,977.5
12799,6/16/2025 7:00,697,544,153,692.4,697,1041.4,44,68,20.0,15.0,977.6
12800,6/16/2025 8:00,787,643,144,765.9,787,1112.7,31,65,20.9,15.7,977.4
12801,6/16/2025 9:00,713,528,185,615.4,713,1137.2,90,60,21.5,17.8,976.9
12802,6/16/2025 10:00,518,138,380,164.3,518,1113.2,100,56,21.8,17.7,976.6
12803,6/16/2025 11:00,401,105,296,133.5,401,1042.4,30,56,21.5,17.7,976.3
12804,6/16/2025 12:00,595,474,121,675.8,595,929.6,21,56,22.0,16.2,976.3
12805,6/16/2025 13:00,429,297,132,503.1,429,782.4,20,58,21.6,13.5,976.5
12806,6/16/2025 14:00,347,255,92,553.1,347,611.0,28,60,21.0,13.6,976.3
12807,6/16/2025 15:00,226,148,78,459.4,226,426.9,14,70,19.9,8.5,976.3
12808,6/16/2025 16:00,116,68,48,371.2,116,242.8,10,83,18.7,3.1,976.2
12809,6/16/2025 17:00,26,10,16,106.1,26,71.2,66,83,17.0,1.7,976.5
12810,6/16/2025 18:00,0,0,0,0.0,0,0.0,100,85,16.4,0.9,976.4
12811,6/16/2025 19:00,0,0,0,0.0,0,0.0,98,86,15.9,0.4,976.2
12812,6/16/2025 20:00,0,0,0,0.0,0,0.0,100,87,15.5,0.5,976.0
12813,6/16/2025 21:00,0,0,0,0.0,0,0.0,96,89,15.1,0.4,975.5
12814,6/16/2025 22:00,0,0,0,0.0,0,0.0,96,92,14.1,4.6,975.4
12815,6/16/2025 23:00,0,0,0,0.0,0,0.0,19,92,13.4,5.8,975.0
